id,band_name
1,Streamlined
2,multi-state
3,coherent
4,projection
5,homogeneous
6,portal
7,Realigned
8,encompassing
9,Synergistic
10,archive
11,Total
12,Exclusive
13,middleware
14,neural-net
15,mission-critical
16,content-based
17,modular
18,Visionary
19,encoding
20,hybrid
21,Advanced
22,heuristic
23,knowledge user
24,secondary
25,Balanced
26,Operative
27,Extended
28,responsive
29,Exclusive
30,Open-architected
31,Cross-platform
32,modular
33,static
34,user-facing
35,function
36,concept
37,Phased
38,migration
39,Adaptive
40,Intuitive
41,website
42,24/7
43,Upgradable
44,Distributed
45,needs-based
46,logistical
47,Innovative
48,Implemented
49,heuristic
50,Exclusive
51,optimizing
52,Down-sized
53,Monitored
54,background
55,Open-architected
56,Stand-alone
57,Graphic Interface
58,Cross-group
59,support
60,demand-driven
61,strategy
62,methodology
63,Fundamental
64,Grass-roots
65,non-volatile
66,circuit
67,background
68,discrete
69,Cross-group
70,Function-based
71,transitional
72,intermediate
73,Realigned
74,composite
75,hardware
76,Enhanced
77,Multi-layered
78,Persistent
79,standardization
80,Team-oriented
81,methodical
82,Right-sized
83,multimedia
84,zero administration
85,secondary
86,core
87,Upgradable
88,Extended
89,human-resource
90,Balanced
91,application
92,info-mediaries
93,budgetary management
94,Adaptive
95,contingency
96,capacity
97,intangible
98,Reverse-engineered
99,stable
100,Reverse-engineered
101,Up-sized
102,Proactive
103,structure
104,implementation
105,model
106,artificial intelligence
107,database
108,bi-directional
109,multi-state
110,knowledge user
111,Networked
112,analyzer
113,Team-oriented
114,zero defect
115,Optimized
116,Balanced
117,Synchronised
118,approach
119,forecast
120,intermediate
121,Multi-layered
122,groupware
123,content-based
124,reciprocal
125,extranet
126,demand-driven
127,website
128,hardware
129,Open-architected
130,asymmetric
131,Total
132,De-engineered
133,infrastructure
134,Compatible
135,productivity
136,Balanced
137,holistic
138,pricing structure
139,Reduced
140,flexibility
141,heuristic
142,5th generation
143,Decentralized
144,leverage
145,fresh-thinking
146,matrices
147,Synergistic
148,synergy
149,challenge
150,regional
151,well-modulated
152,matrices
153,Right-sized
154,Secured
155,Cross-platform
156,upward-trending
157,capability
158,Devolved
159,impactful
160,productivity
161,explicit
162,info-mediaries
163,Versatile
164,Extended
165,transitional
166,Re-contextualized
167,Optimized
168,parallelism
169,Persevering
170,content-based
171,Front-line
172,scalable
173,Intuitive
174,Ameliorated
175,function
176,Virtual
177,firmware
178,Multi-layered
179,Graphical User Interface
180,capacity
181,customer loyalty
182,intermediate
183,firmware
184,24/7
185,database
186,task-force
187,Profound
188,matrices
189,Phased
190,challenge
191,logistical
192,firmware
193,internet solution
194,archive
195,leading edge
196,attitude
197,client-driven
198,Public-key
199,full-range
200,Digitized
201,time-frame
202,algorithm
203,Total
204,Synergistic
205,Synchronised
206,Seamless
207,archive
208,foreground
209,Monitored
210,responsive
211,customer loyalty
212,content-based
213,Extended
214,Ergonomic
215,Front-line
216,array
217,Organic
218,cohesive
219,Focused
220,logistical
221,Distributed
222,Operative
223,Devolved
224,Synergistic
225,Horizontal
226,benchmark
227,didactic
228,Function-based
229,Face to face
230,mission-critical
231,Integrated
232,project
233,Organic
234,web-enabled
235,Progressive
236,Business-focused
237,composite
238,Horizontal
239,support
240,holistic
241,instruction set
242,throughput
243,Multi-tiered
244,knowledge base
245,budgetary management
246,neural-net
247,Fully-configurable
248,emulation
249,encryption
250,firmware
251,object-oriented
252,Open-source
253,workforce
254,Streamlined
255,Front-line
256,Organized
257,Exclusive
258,Automated
259,cohesive
260,Programmable
261,algorithm
262,Exclusive
263,client-driven
264,dynamic
265,Configurable
266,model
267,throughput
268,neutral
269,system-worthy
270,cohesive
271,superstructure
272,bifurcated
273,Synergistic
274,Expanded
275,open system
276,Diverse
277,reciprocal
278,Streamlined
279,secondary
280,knowledge user
281,Horizontal
282,Diverse
283,Distributed
284,emulation
285,secured line
286,encryption
287,flexibility
288,projection
289,open system
290,local area network
291,clear-thinking
292,Reactive
293,software
294,neutral
295,Reactive
296,Adaptive
297,Self-enabling
298,Diverse
299,leverage
300,Decentralized
301,Upgradable
302,Enterprise-wide
303,success
304,methodology
305,task-force
306,Synergistic
307,approach
308,Front-line
309,real-time
310,secured line
311,archive
312,data-warehouse
313,software
314,approach
315,framework
316,fault-tolerant
317,Open-architected
318,multi-tasking
319,throughput
320,algorithm
321,cohesive
322,5th generation
323,attitude-oriented
324,help-desk
325,function
326,Devolved
327,zero defect
328,customer loyalty
329,functionalities
330,zero defect
331,website
332,zero tolerance
333,Synchronised
334,encoding
335,client-server
336,empowering
337,time-frame
338,incremental
339,Managed
340,human-resource
341,implementation
342,capacity
343,regional
344,matrix
345,logistical
346,matrix
347,zero defect
348,focus group
349,Ameliorated
350,emulation
351,customer loyalty
352,time-frame
353,motivating
354,throughput
355,coherent
356,local area network
357,analyzer
358,cohesive
359,grid-enabled
360,collaboration
361,mobile
362,Multi-lateral
363,protocol
364,Graphical User Interface
365,Centralized
366,Focused
367,Progressive
368,artificial intelligence
369,extranet
370,Object-based
371,forecast
372,system-worthy
373,productivity
374,Optional
375,Synergistic
376,optimal
377,Up-sized
378,Extended
379,pricing structure
380,Visionary
381,workforce
382,throughput
383,synergy
384,internet solution
385,forecast
386,bi-directional
387,attitude-oriented
388,User-centric
389,Networked
390,complexity
391,portal
392,throughput
393,capability
394,Networked
395,tertiary
396,Right-sized
397,Enterprise-wide
398,system-worthy
399,clear-thinking
400,challenge
401,moratorium
402,Operative
403,firmware
404,encoding
405,hub
406,budgetary management
407,secured line
408,architecture
409,static
410,strategy
411,Extended
412,bi-directional
413,foreground
414,Decentralized
415,Digitized
416,maximized
417,neutral
418,orchestration
419,full-range
420,Business-focused
421,Exclusive
422,De-engineered
423,flexibility
424,monitoring
425,3rd generation
426,moratorium
427,bottom-line
428,hub
429,frame
430,uniform
431,Upgradable
432,Mandatory
433,access
434,Persevering
435,mobile
436,Synergistic
437,attitude-oriented
438,upward-trending
439,data-warehouse
440,Optional
441,Mandatory
442,bandwidth-monitored
443,Extended
444,local area network
445,installation
446,help-desk
447,User-friendly
448,Organic
449,optimizing
450,local area network
451,interactive
452,pricing structure
453,Exclusive
454,internet solution
455,Synergistic
456,Exclusive
457,bottom-line
458,Self-enabling
459,motivating
460,didactic
461,superstructure
462,Distributed
463,migration
464,Seamless
465,encoding
466,impactful
467,throughput
468,task-force
469,foreground
470,User-centric
471,Exclusive
472,empowering
473,installation
474,flexibility
475,installation
476,Ergonomic
477,Graphic Interface
478,Exclusive
479,asynchronous
480,even-keeled
481,methodical
482,contextually-based
483,policy
484,hierarchy
485,Compatible
486,secured line
487,Public-key
488,Down-sized
489,infrastructure
490,bifurcated
491,Universal
492,Decentralized
493,fault-tolerant
494,disintermediate
495,De-engineered
496,user-facing
497,hierarchy
498,analyzer
499,multi-state
500,real-time
501,bi-directional
502,human-resource
503,Self-enabling
504,Diverse
505,instruction set
506,open system
507,internet solution
508,Grass-roots
509,non-volatile
510,Reactive
511,Total
512,Up-sized
513,concept
514,capability
515,architecture
516,service-desk
517,Self-enabling
518,Secured
519,global
520,capacity
521,Cross-platform
522,support
523,attitude-oriented
524,Synergistic
525,Graphical User Interface
526,mission-critical
527,fault-tolerant
528,Proactive
529,Operative
530,well-modulated
531,extranet
532,Universal
533,multi-tasking
534,De-engineered
535,internet solution
536,real-time
537,client-server
538,Right-sized
539,Right-sized
540,Sharable
541,heuristic
542,24 hour
543,next generation
544,pricing structure
545,Grass-roots
546,local area network
547,mobile
548,solution
549,collaboration
550,human-resource
551,help-desk
552,User-friendly
553,info-mediaries
554,regional
555,intermediate
556,knowledge user
557,alliance
558,radical
559,impactful
560,portal
561,task-force
562,Face to face
563,Decentralized
564,24 hour
565,Devolved
566,empowering
567,analyzing
568,open system
569,portal
570,scalable
571,executive
572,matrix
573,mobile
574,impactful
575,portal
576,regional
577,motivating
578,Decentralized
579,web-enabled
580,extranet
581,Switchable
582,user-facing
583,Vision-oriented
584,Mandatory
585,Team-oriented
586,success
587,multi-state
588,system-worthy
589,Synergized
590,Fundamental
591,disintermediate
592,Multi-lateral
593,Reactive
594,Persistent
595,Monitored
596,Extended
597,attitude-oriented
598,cohesive
599,radical
600,migration
601,optimizing
602,Face to face
603,coherent
604,actuating
605,architecture
606,exuding
607,national
608,Down-sized
609,responsive
610,systematic
611,methodical
612,reciprocal
613,Persevering
614,software
615,national
616,Upgradable
617,internet solution
618,impactful
619,Extended
620,Synergistic
621,responsive
622,Decentralized
623,support
624,Seamless
625,benchmark
626,Synergized
627,grid-enabled
628,array
629,Decentralized
630,Virtual
631,support
632,collaboration
633,Sharable
634,Versatile
635,database
636,Open-source
637,hardware
638,Automated
639,demand-driven
640,workforce
641,3rd generation
642,groupware
643,real-time
644,multi-tasking
645,leverage
646,De-engineered
647,framework
648,methodology
649,demand-driven
650,application
651,Self-enabling
652,productivity
653,matrices
654,directional
655,Multi-channelled
656,scalable
657,Exclusive
658,Exclusive
659,budgetary management
660,policy
661,Proactive
662,content-based
663,User-friendly
664,migration
665,Reactive
666,complexity
667,methodology
668,multi-state
669,array
670,upward-trending
671,Cross-group
672,24/7
673,radical
674,solution-oriented
675,national
676,Adaptive
677,firmware
678,Intuitive
679,secondary
680,Sharable
681,Open-architected
682,Versatile
683,incremental
684,Open-architected
685,hub
686,Future-proofed
687,alliance
688,encoding
689,framework
690,Synchronised
691,capability
692,Devolved
693,value-added
694,intranet
695,encryption
696,24/7
697,24/7
698,core
699,Operative
700,Open-architected
701,secondary
702,encompassing
703,non-volatile
704,bottom-line
705,info-mediaries
706,database
707,24/7
708,Compatible
709,User-friendly
710,productivity
711,6th generation
712,Grass-roots
713,collaboration
714,executive
715,scalable
716,capability
717,Enterprise-wide
718,Upgradable
719,Cross-platform
720,utilisation
721,fault-tolerant
722,Persistent
723,framework
724,Digitized
725,web-enabled
726,clear-thinking
727,next generation
728,Expanded
729,User-friendly
730,Persevering
731,Integrated
732,Reactive
733,Decentralized
734,circuit
735,matrix
736,Multi-tiered
737,Quality-focused
738,Object-based
739,Graphic Interface
740,definition
741,context-sensitive
742,clear-thinking
743,local area network
744,structure
745,User-centric
746,multi-state
747,Customer-focused
748,Phased
749,uniform
750,Front-line
751,Streamlined
752,neural-net
753,customer loyalty
754,strategy
755,Decentralized
756,Re-contextualized
757,Compatible
758,circuit
759,Diverse
760,Devolved
761,Progressive
762,circuit
763,hybrid
764,hub
765,contextually-based
766,exuding
767,intangible
768,Versatile
769,core
770,Graphic Interface
771,hierarchy
772,Intuitive
773,value-added
774,composite
775,discrete
776,Advanced
777,Open-architected
778,middleware
779,Vision-oriented
780,Down-sized
781,responsive
782,motivating
783,optimal
784,exuding
785,encoding
786,Grass-roots
787,Assimilated
788,regional
789,customer loyalty
790,circuit
791,knowledge base
792,customer loyalty
793,Cloned
794,Balanced
795,Balanced
796,mission-critical
797,Monitored
798,Expanded
799,middleware
800,matrix
801,initiative
802,client-server
803,Synergistic
804,leading edge
805,next generation
806,Persistent
807,bi-directional
808,customer loyalty
809,initiative
810,info-mediaries
811,24/7
812,matrices
813,toolset
814,intermediate
815,concept
816,approach
817,exuding
818,software
819,bifurcated
820,Robust
821,cohesive
822,executive
823,Multi-layered
824,Integrated
825,Visionary
826,heuristic
827,Synergized
828,solution
829,frame
830,bi-directional
831,Secured
832,24/7
833,groupware
834,Streamlined
835,Progressive
836,open system
837,static
838,help-desk
839,well-modulated
840,Realigned
841,directional
842,Configurable
843,methodical
844,interactive
845,De-engineered
846,maximized
847,array
848,circuit
849,Face to face
850,leverage
851,3rd generation
852,budgetary management
853,encompassing
854,functionalities
855,moderator
856,interactive
857,Graphical User Interface
858,workforce
859,holistic
860,object-oriented
861,task-force
862,Decentralized
863,even-keeled
864,context-sensitive
865,Digitized
866,Virtual
867,user-facing
868,methodical
869,Fundamental
870,Balanced
871,bandwidth-monitored
872,Focused
873,scalable
874,needs-based
875,Up-sized
876,service-desk
877,interactive
878,synergy
879,24 hour
880,Networked
881,Devolved
882,uniform
883,Balanced
884,Graphical User Interface
885,24 hour
886,Organized
887,Triple-buffered
888,throughput
889,Customer-focused
890,real-time
891,toolset
892,complexity
893,interactive
894,Diverse
895,installation
896,dynamic
897,analyzing
898,didactic
899,responsive
900,hub
901,synergy
902,Virtual
903,standardization
904,database
905,attitude
906,client-driven
907,workforce
908,Devolved
909,Object-based
910,Future-proofed
911,fresh-thinking
912,paradigm
913,Graphic Interface
914,contextually-based
915,non-volatile
916,projection
917,human-resource
918,Mandatory
919,Phased
920,knowledge base
921,4th generation
922,Horizontal
923,workforce
924,capacity
925,concept
926,middleware
927,coherent
928,Organic
929,hardware
930,logistical
931,client-driven
932,maximized
933,product
934,structure
935,attitude-oriented
936,foreground
937,Synchronised
938,neutral
939,object-oriented
940,Inverse
941,artificial intelligence
942,asymmetric
943,tertiary
944,24 hour
945,next generation
946,paradigm
947,Secured
948,clear-thinking
949,real-time
950,flexibility
951,moratorium
952,support
953,Networked
954,upward-trending
955,definition
956,Focused
957,clear-thinking
958,static
959,Persevering
960,framework
961,object-oriented
962,benchmark
963,artificial intelligence
964,Open-architected
965,Universal
966,motivating
967,model
968,Persistent
969,instruction set
970,Face to face
971,emulation
972,interface
973,Reverse-engineered
974,analyzer
975,Configurable
976,Down-sized
977,Streamlined
978,Up-sized
979,Team-oriented
980,project
981,systemic
982,Centralized
983,portal
984,secured line
985,middleware
986,national
987,superstructure
988,synergy
989,process improvement
990,Public-key
991,Re-engineered
992,circuit
993,explicit
994,installation
995,User-centric
996,policy
997,solution
998,complexity
999,emulation
1000,synergy
1001,capacity
1002,dynamic
1003,hybrid
1004,architecture
1005,asynchronous
1006,benchmark
1007,Triple-buffered
1008,Customizable
1009,zero defect
1010,emulation
1011,User-centric
1012,budgetary management
1013,hierarchy
1014,didactic
1015,neural-net
1016,definition
1017,Expanded
1018,Managed
1019,upward-trending
1020,parallelism
1021,eco-centric
1022,Optional
1023,Object-based
1024,Reverse-engineered
1025,Profound
1026,empowering
1027,methodical
1028,Automated
1029,24 hour
1030,upward-trending
1031,full-range
1032,Cross-group
1033,full-range
1034,next generation
1035,6th generation
1036,solution-oriented
1037,Virtual
1038,optimizing
1039,archive
1040,Diverse
1041,bi-directional
1042,foreground
1043,pricing structure
1044,flexibility
1045,exuding
1046,Enterprise-wide
1047,core
1048,internet solution
1049,Open-source
1050,Horizontal
1051,circuit
1052,Stand-alone
1053,Distributed
1054,neutral
1055,Managed
1056,Networked
1057,human-resource
1058,Up-sized
1059,modular
1060,architecture
1061,6th generation
1062,fresh-thinking
1063,high-level
1064,mobile
1065,Ergonomic
1066,Open-source
1067,architecture
1068,encoding
1069,policy
1070,static
1071,scalable
1072,conglomeration
1073,policy
1074,Grass-roots
1075,local area network
1076,discrete
1077,Enterprise-wide
1078,analyzing
1079,context-sensitive
1080,uniform
1081,Stand-alone
1082,De-engineered
1083,De-engineered
1084,structure
1085,actuating
1086,needs-based
1087,Assimilated
1088,multi-tasking
1089,challenge
1090,application
1091,zero defect
1092,Face to face
1093,architecture
1094,secondary
1095,algorithm
1096,homogeneous
1097,access
1098,Innovative
1099,fresh-thinking
1100,interface
1101,Polarised
1102,heuristic
1103,leverage
1104,array
1105,Focused
1106,Operative
1107,pricing structure
1108,Inverse
1109,non-volatile
1110,definition
1111,directional
1112,instruction set
1113,Cross-group
1114,neural-net
1115,Digitized
1116,multi-state
1117,secondary
1118,Innovative
1119,impactful
1120,multi-tasking
1121,circuit
1122,framework
1123,bi-directional
1124,Robust
1125,interface
1126,directional
1127,Triple-buffered
1128,access
1129,Reduced
1130,intangible
1131,Down-sized
1132,systematic
1133,Decentralized
1134,model
1135,Monitored
1136,orchestration
1137,forecast
1138,Configurable
1139,methodical
1140,Organized
1141,methodology
1142,collaboration
1143,concept
1144,Future-proofed
1145,Intuitive
1146,leverage
1147,bottom-line
1148,bi-directional
1149,contingency
1150,process improvement
1151,Centralized
1152,contingency
1153,content-based
1154,instruction set
1155,bifurcated
1156,service-desk
1157,client-driven
1158,6th generation
1159,real-time
1160,Persevering
1161,impactful
1162,Profit-focused
1163,Total
1164,value-added
1165,context-sensitive
1166,emulation
1167,Reactive
1168,superstructure
1169,parallelism
1170,moratorium
1171,ability
1172,dedicated
1173,ability
1174,discrete
1175,Multi-layered
1176,empowering
1177,implementation
1178,Horizontal
1179,protocol
1180,incremental
1181,intermediate
1182,Cloned
1183,explicit
1184,Automated
1185,Quality-focused
1186,24 hour
1187,approach
1188,fresh-thinking
1189,Configurable
1190,directional
1191,Total
1192,hierarchy
1193,Versatile
1194,attitude
1195,Business-focused
1196,Devolved
1197,Focused
1198,multi-tasking
1199,extranet
1200,explicit
1201,definition
1202,Versatile
1203,strategy
1204,bi-directional
1205,responsive
1206,Polarised
1207,Reduced
1208,Right-sized
1209,De-engineered
1210,Triple-buffered
1211,Cross-platform
1212,didactic
1213,website
1214,Function-based
1215,6th generation
1216,maximized
1217,algorithm
1218,matrix
1219,solution
1220,Implemented
1221,Enterprise-wide
1222,help-desk
1223,budgetary management
1224,Reduced
1225,algorithm
1226,Graphical User Interface
1227,Graphical User Interface
1228,Open-architected
1229,Visionary
1230,bottom-line
1231,conglomeration
1232,Robust
1233,Versatile
1234,bifurcated
1235,Open-source
1236,encompassing
1237,task-force
1238,frame
1239,productivity
1240,website
1241,even-keeled
1242,coherent
1243,modular
1244,24 hour
1245,adapter
1246,3rd generation
1247,installation
1248,Customer-focused
1249,time-frame
1250,archive
1251,regional
1252,conglomeration
1253,optimal
1254,groupware
1255,Public-key
1256,Total
1257,instruction set
1258,groupware
1259,process improvement
1260,installation
1261,bottom-line
1262,array
1263,Customer-focused
1264,eco-centric
1265,dynamic
1266,matrices
1267,intranet
1268,productivity
1269,architecture
1270,local area network
1271,emulation
1272,Future-proofed
1273,User-centric
1274,Extended
1275,Reverse-engineered
1276,responsive
1277,conglomeration
1278,definition
1279,intranet
1280,bandwidth-monitored
1281,impactful
1282,parallelism
1283,time-frame
1284,open system
1285,complexity
1286,structure
1287,radical
1288,Persistent
1289,User-friendly
1290,multi-state
1291,mobile
1292,mission-critical
1293,4th generation
1294,human-resource
1295,dedicated
1296,Enhanced
1297,Balanced
1298,Down-sized
1299,function
1300,Graphical User Interface
1301,monitoring
1302,Function-based
1303,directional
1304,Exclusive
1305,product
1306,projection
1307,service-desk
1308,Object-based
1309,Automated
1310,24 hour
1311,monitoring
1312,core
1313,Multi-layered
1314,zero administration
1315,holistic
1316,clear-thinking
1317,dedicated
1318,fault-tolerant
1319,website
1320,help-desk
1321,groupware
1322,orchestration
1323,artificial intelligence
1324,zero tolerance
1325,leading edge
1326,Reduced
1327,uniform
1328,Synergistic
1329,Cross-platform
1330,archive
1331,capability
1332,6th generation
1333,policy
1334,6th generation
1335,secured line
1336,local
1337,maximized
1338,throughput
1339,Multi-layered
1340,parallelism
1341,Organized
1342,Programmable
1343,executive
1344,Function-based
1345,analyzer
1346,Decentralized
1347,Object-based
1348,open architecture
1349,analyzer
1350,homogeneous
1351,initiative
1352,multi-state
1353,Open-source
1354,human-resource
1355,contingency
1356,implementation
1357,User-centric
1358,asynchronous
1359,orchestration
1360,Total
1361,project
1362,holistic
1363,Proactive
1364,Visionary
1365,instruction set
1366,Decentralized
1367,budgetary management
1368,coherent
1369,time-frame
1370,heuristic
1371,groupware
1372,mission-critical
1373,hierarchy
1374,Triple-buffered
1375,function
1376,exuding
1377,open system
1378,regional
1379,web-enabled
1380,solution
1381,static
1382,clear-thinking
1383,interactive
1384,bifurcated
1385,productivity
1386,Universal
1387,human-resource
1388,Synchronised
1389,extranet
1390,concept
1391,bandwidth-monitored
1392,Advanced
1393,model
1394,intangible
1395,website
1396,Secured
1397,customer loyalty
1398,Secured
1399,executive
1400,Enhanced
1401,explicit
1402,paradigm
1403,directional
1404,national
1405,interface
1406,Integrated
1407,functionalities
1408,definition
1409,Operative
1410,Mandatory
1411,scalable
1412,interactive
1413,bottom-line
1414,discrete
1415,impactful
1416,success
1417,exuding
1418,utilisation
1419,content-based
1420,Synergized
1421,Fundamental
1422,24 hour
1423,process improvement
1424,human-resource
1425,algorithm
1426,multimedia
1427,Expanded
1428,explicit
1429,holistic
1430,installation
1431,instruction set
1432,project
1433,Persevering
1434,systemic
1435,implementation
1436,analyzer
1437,help-desk
1438,fresh-thinking
1439,object-oriented
1440,Face to face
1441,didactic
1442,motivating
1443,monitoring
1444,complexity
1445,Down-sized
1446,asynchronous
1447,moderator
1448,Re-engineered
1449,Fundamental
1450,zero defect
1451,system-worthy
1452,Focused
1453,artificial intelligence
1454,methodology
1455,discrete
1456,intranet
1457,model
1458,Customizable
1459,Visionary
1460,upward-trending
1461,system-worthy
1462,even-keeled
1463,didactic
1464,process improvement
1465,task-force
1466,Fundamental
1467,Open-source
1468,client-driven
1469,Automated
1470,Open-source
1471,reciprocal
1472,hybrid
1473,policy
1474,Monitored
1475,parallelism
1476,task-force
1477,Grass-roots
1478,Total
1479,Extended
1480,matrix
1481,Versatile
1482,Intuitive
1483,pricing structure
1484,superstructure
1485,portal
1486,approach
1487,24 hour
1488,Enhanced
1489,stable
1490,transitional
1491,homogeneous
1492,incremental
1493,archive
1494,user-facing
1495,Compatible
1496,functionalities
1497,adapter
1498,national
1499,composite
1500,optimizing
1501,motivating
1502,Vision-oriented
1503,pricing structure
1504,contextually-based
1505,utilisation
1506,Switchable
1507,policy
1508,moratorium
1509,discrete
1510,scalable
1511,projection
1512,high-level
1513,radical
1514,optimizing
1515,workforce
1516,optimizing
1517,Graphical User Interface
1518,strategy
1519,directional
1520,Automated
1521,parallelism
1522,Cross-platform
1523,Enhanced
1524,Enhanced
1525,conglomeration
1526,open architecture
1527,algorithm
1528,orchestration
1529,implementation
1530,Cross-group
1531,disintermediate
1532,bifurcated
1533,info-mediaries
1534,success
1535,Progressive
1536,Universal
1537,Self-enabling
1538,structure
1539,toolset
1540,website
1541,Pre-emptive
1542,Progressive
1543,analyzer
1544,Reactive
1545,executive
1546,instruction set
1547,intangible
1548,regional
1549,utilisation
1550,analyzer
1551,User-centric
1552,zero administration
1553,product
1554,artificial intelligence
1555,De-engineered
1556,exuding
1557,knowledge user
1558,disintermediate
1559,infrastructure
1560,standardization
1561,systematic
1562,secondary
1563,Integrated
1564,adapter
1565,orchestration
1566,stable
1567,groupware
1568,definition
1569,complexity
1570,function
1571,Synergistic
1572,Innovative
1573,standardization
1574,next generation
1575,content-based
1576,global
1577,Intuitive
1578,didactic
1579,success
1580,Distributed
1581,24/7
1582,attitude
1583,directional
1584,system-worthy
1585,Business-focused
1586,array
1587,adapter
1588,Decentralized
1589,upward-trending
1590,neural-net
1591,Multi-channelled
1592,Proactive
1593,hybrid
1594,Integrated
1595,multimedia
1596,pricing structure
1597,workforce
1598,Streamlined
1599,methodical
1600,system engine
1601,radical
1602,Phased
1603,Secured
1604,Open-source
1605,Innovative
1606,success
1607,analyzing
1608,executive
1609,Exclusive
1610,logistical
1611,implementation
1612,Fully-configurable
1613,software
1614,24/7
1615,Future-proofed
1616,heuristic
1617,focus group
1618,moderator
1619,Reactive
1620,Open-architected
1621,Innovative
1622,system engine
1623,synergy
1624,mission-critical
1625,3rd generation
1626,help-desk
1627,Ergonomic
1628,systemic
1629,structure
1630,Assimilated
1631,multi-state
1632,groupware
1633,challenge
1634,responsive
1635,cohesive
1636,interactive
1637,disintermediate
1638,analyzing
1639,product
1640,Assimilated
1641,support
1642,Configurable
1643,Reactive
1644,instruction set
1645,context-sensitive
1646,tangible
1647,framework
1648,orchestration
1649,Decentralized
1650,uniform
1651,analyzing
1652,Inverse
1653,collaboration
1654,bandwidth-monitored
1655,circuit
1656,Adaptive
1657,Pre-emptive
1658,impactful
1659,Stand-alone
1660,local
1661,parallelism
1662,software
1663,dynamic
1664,zero defect
1665,frame
1666,help-desk
1667,definition
1668,task-force
1669,tangible
1670,intermediate
1671,Adaptive
1672,leverage
1673,Up-sized
1674,even-keeled
1675,transitional
1676,Monitored
1677,fault-tolerant
1678,Persistent
1679,zero tolerance
1680,composite
1681,secondary
1682,Universal
1683,didactic
1684,Optimized
1685,24/7
1686,open system
1687,projection
1688,tangible
1689,time-frame
1690,Customizable
1691,Optional
1692,array
1693,local area network
1694,didactic
1695,holistic
1696,Mandatory
1697,Monitored
1698,intermediate
1699,optimal
1700,demand-driven
1701,Automated
1702,superstructure
1703,Optional
1704,system-worthy
1705,tangible
1706,Ameliorated
1707,open system
1708,customer loyalty
1709,leading edge
1710,directional
1711,Intuitive
1712,Mandatory
1713,Persevering
1714,info-mediaries
1715,matrix
1716,local
1717,standardization
1718,client-driven
1719,multi-tasking
1720,Secured
1721,Versatile
1722,Intuitive
1723,scalable
1724,encompassing
1725,Grass-roots
1726,systemic
1727,Optional
1728,software
1729,reciprocal
1730,Virtual
1731,encompassing
1732,Integrated
1733,composite
1734,Integrated
1735,Horizontal
1736,internet solution
1737,fresh-thinking
1738,Synchronised
1739,bi-directional
1740,Cloned
1741,Re-contextualized
1742,methodical
1743,Profound
1744,collaboration
1745,Expanded
1746,bifurcated
1747,mission-critical
1748,Distributed
1749,pricing structure
1750,moratorium
1751,synergy
1752,homogeneous
1753,Graphic Interface
1754,Centralized
1755,Synergized
1756,Object-based
1757,Exclusive
1758,Synergized
1759,needs-based
1760,initiative
1761,responsive
1762,intangible
1763,Multi-layered
1764,coherent
1765,ability
1766,interactive
1767,Optional
1768,web-enabled
1769,fresh-thinking
1770,info-mediaries
1771,attitude-oriented
1772,Enhanced
1773,contextually-based
1774,definition
1775,Function-based
1776,functionalities
1777,throughput
1778,Self-enabling
1779,ability
1780,Operative
1781,Switchable
1782,attitude
1783,well-modulated
1784,capacity
1785,definition
1786,Open-source
1787,Streamlined
1788,Programmable
1789,attitude
1790,optimizing
1791,foreground
1792,Advanced
1793,Centralized
1794,implementation
1795,Business-focused
1796,zero administration
1797,methodology
1798,help-desk
1799,approach
1800,info-mediaries
1801,solution-oriented
1802,encompassing
1803,Public-key
1804,approach
1805,solution
1806,logistical
1807,Graphical User Interface
1808,Up-sized
1809,Synchronised
1810,fresh-thinking
1811,hub
1812,structure
1813,challenge
1814,utilisation
1815,strategy
1816,user-facing
1817,client-driven
1818,data-warehouse
1819,executive
1820,attitude
1821,Public-key
1822,Visionary
1823,Reduced
1824,grid-enabled
1825,function
1826,disintermediate
1827,Customizable
1828,policy
1829,Programmable
1830,Persistent
1831,analyzer
1832,Fully-configurable
1833,Assimilated
1834,3rd generation
1835,database
1836,Secured
1837,non-volatile
1838,Operative
1839,Cross-platform
1840,hub
1841,hierarchy
1842,radical
1843,bandwidth-monitored
1844,Future-proofed
1845,matrices
1846,intermediate
1847,Diverse
1848,Sharable
1849,Cross-group
1850,Horizontal
1851,Automated
1852,multi-tasking
1853,fresh-thinking
1854,process improvement
1855,paradigm
1856,local
1857,Down-sized
1858,Multi-tiered
1859,conglomeration
1860,Customizable
1861,project
1862,multi-tasking
1863,Cross-platform
1864,intermediate
1865,Virtual
1866,methodology
1867,global
1868,circuit
1869,Switchable
1870,neutral
1871,Face to face
1872,encoding
1873,responsive
1874,Cloned
1875,Customizable
1876,internet solution
1877,challenge
1878,tertiary
1879,Enhanced
1880,monitoring
1881,initiative
1882,Monitored
1883,Organic
1884,Networked
1885,throughput
1886,asynchronous
1887,hub
1888,maximized
1889,Multi-tiered
1890,user-facing
1891,cohesive
1892,time-frame
1893,Phased
1894,hardware
1895,Exclusive
1896,knowledge base
1897,optimal
1898,synergy
1899,value-added
1900,ability
1901,uniform
1902,Synergized
1903,intangible
1904,portal
1905,national
1906,knowledge base
1907,bifurcated
1908,regional
1909,concept
1910,Exclusive
1911,service-desk
1912,moderator
1913,Progressive
1914,middleware
1915,didactic
1916,holistic
1917,pricing structure
1918,strategy
1919,Operative
1920,frame
1921,Graphical User Interface
1922,encoding
1923,Multi-layered
1924,challenge
1925,optimal
1926,even-keeled
1927,Advanced
1928,multi-state
1929,tertiary
1930,policy
1931,Self-enabling
1932,Down-sized
1933,interactive
1934,national
1935,budgetary management
1936,structure
1937,Profit-focused
1938,Graphical User Interface
1939,Graphical User Interface
1940,Adaptive
1941,implementation
1942,Ergonomic
1943,Streamlined
1944,Versatile
1945,Realigned
1946,real-time
1947,reciprocal
1948,firmware
1949,secured line
1950,Customer-focused
1951,5th generation
1952,Persistent
1953,approach
1954,Customer-focused
1955,even-keeled
1956,fresh-thinking
1957,Devolved
1958,time-frame
1959,24 hour
1960,installation
1961,flexibility
1962,open architecture
1963,neural-net
1964,Cross-platform
1965,interactive
1966,Expanded
1967,frame
1968,Public-key
1969,didactic
1970,directional
1971,Proactive
1972,Public-key
1973,holistic
1974,firmware
1975,homogeneous
1976,well-modulated
1977,Multi-tiered
1978,paradigm
1979,transitional
1980,paradigm
1981,scalable
1982,zero defect
1983,Organic
1984,Re-contextualized
1985,initiative
1986,instruction set
1987,productivity
1988,Object-based
1989,exuding
1990,Integrated
1991,Adaptive
1992,empowering
1993,Switchable
1994,Public-key
1995,heuristic
1996,framework
1997,forecast
1998,Enterprise-wide
1999,tangible
2000,Versatile
2001,Triple-buffered
2002,Re-engineered
2003,encompassing
2004,Team-oriented
2005,optimizing
2006,database
2007,Expanded
2008,national
2009,Open-architected
2010,object-oriented
2011,analyzer
2012,website
2013,moderator
2014,coherent
2015,matrix
2016,projection
2017,scalable
2018,zero tolerance
2019,adapter
2020,encompassing
2021,attitude-oriented
2022,homogeneous
2023,project
2024,executive
2025,Right-sized
2026,Innovative
2027,challenge
2028,knowledge user
2029,Operative
2030,knowledge user
2031,6th generation
2032,exuding
2033,Down-sized
2034,content-based
2035,bifurcated
2036,hybrid
2037,encryption
2038,Persistent
2039,grid-enabled
2040,cohesive
2041,capacity
2042,attitude-oriented
2043,Expanded
2044,Intuitive
2045,Extended
2046,user-facing
2047,Compatible
2048,functionalities
2049,Switchable
2050,productivity
2051,productivity
2052,zero tolerance
2053,multi-tasking
2054,hub
2055,analyzing
2056,ability
2057,ability
2058,application
2059,Future-proofed
2060,clear-thinking
2061,function
2062,capacity
2063,bifurcated
2064,Configurable
2065,Open-source
2066,intermediate
2067,Adaptive
2068,Optional
2069,responsive
2070,web-enabled
2071,3rd generation
2072,challenge
2073,systematic
2074,scalable
2075,task-force
2076,Phased
2077,4th generation
2078,composite
2079,Customer-focused
2080,Persistent
2081,groupware
2082,clear-thinking
2083,grid-enabled
2084,neutral
2085,process improvement
2086,Streamlined
2087,algorithm
2088,collaboration
2089,full-range
2090,disintermediate
2091,groupware
2092,Business-focused
2093,impactful
2094,Open-architected
2095,approach
2096,emulation
2097,intranet
2098,intermediate
2099,interface
2100,local area network
2101,Persistent
2102,help-desk
2103,Cross-group
2104,needs-based
2105,Fundamental
2106,capability
2107,Phased
2108,utilisation
2109,5th generation
2110,benchmark
2111,Phased
2112,motivating
2113,zero tolerance
2114,Multi-layered
2115,Multi-tiered
2116,uniform
2117,encoding
2118,logistical
2119,product
2120,encompassing
2121,architecture
2122,Reactive
2123,pricing structure
2124,Versatile
2125,circuit
2126,object-oriented
2127,hardware
2128,archive
2129,impactful
2130,model
2131,global
2132,Universal
2133,monitoring
2134,solution
2135,Advanced
2136,Centralized
2137,Open-architected
2138,system engine
2139,Synergized
2140,User-friendly
2141,even-keeled
2142,uniform
2143,executive
2144,Adaptive
2145,Inverse
2146,local area network
2147,exuding
2148,Versatile
2149,analyzer
2150,Advanced
2151,zero defect
2152,Synchronised
2153,Object-based
2154,impactful
2155,zero administration
2156,pricing structure
2157,value-added
2158,Reduced
2159,discrete
2160,user-facing
2161,tertiary
2162,firmware
2163,disintermediate
2164,Upgradable
2165,User-centric
2166,Public-key
2167,capability
2168,info-mediaries
2169,impactful
2170,empowering
2171,projection
2172,access
2173,user-facing
2174,intangible
2175,Diverse
2176,workforce
2177,concept
2178,Automated
2179,Mandatory
2180,paradigm
2181,task-force
2182,foreground
2183,firmware
2184,Multi-tiered
2185,Optional
2186,info-mediaries
2187,Graphical User Interface
2188,Robust
2189,Total
2190,cohesive
2191,secondary
2192,frame
2193,Programmable
2194,system-worthy
2195,stable
2196,task-force
2197,logistical
2198,Stand-alone
2199,attitude
2200,analyzing
2201,clear-thinking
2202,application
2203,function
2204,local area network
2205,Visionary
2206,neural-net
2207,intermediate
2208,5th generation
2209,Balanced
2210,neural-net
2211,homogeneous
2212,real-time
2213,Programmable
2214,intangible
2215,background
2216,productivity
2217,Configurable
2218,model
2219,Organic
2220,discrete
2221,Persevering
2222,multi-state
2223,maximized
2224,Exclusive
2225,24 hour
2226,context-sensitive
2227,disintermediate
2228,5th generation
2229,reciprocal
2230,mobile
2231,moderator
2232,portal
2233,strategy
2234,3rd generation
2235,next generation
2236,non-volatile
2237,internet solution
2238,needs-based
2239,optimizing
2240,infrastructure
2241,service-desk
2242,standardization
2243,holistic
2244,conglomeration
2245,Right-sized
2246,systemic
2247,concept
2248,static
2249,application
2250,Implemented
2251,collaboration
2252,Organized
2253,Cross-platform
2254,modular
2255,Cross-group
2256,analyzer
2257,pricing structure
2258,5th generation
2259,superstructure
2260,Ergonomic
2261,Pre-emptive
2262,implementation
2263,executive
2264,productivity
2265,modular
2266,context-sensitive
2267,explicit
2268,Up-sized
2269,logistical
2270,context-sensitive
2271,capability
2272,stable
2273,contextually-based
2274,neural-net
2275,Assimilated
2276,impactful
2277,object-oriented
2278,Integrated
2279,support
2280,Front-line
2281,Graphic Interface
2282,holistic
2283,Pre-emptive
2284,Graphic Interface
2285,intranet
2286,structure
2287,multimedia
2288,modular
2289,Balanced
2290,framework
2291,project
2292,emulation
2293,Customer-focused
2294,forecast
2295,empowering
2296,even-keeled
2297,matrix
2298,focus group
2299,project
2300,non-volatile
2301,system engine
2302,challenge
2303,modular
2304,Synchronised
2305,Realigned
2306,leverage
2307,Open-architected
2308,analyzer
2309,Vision-oriented
2310,installation
2311,Triple-buffered
2312,Persistent
2313,leading edge
2314,workforce
2315,reciprocal
2316,Fundamental
2317,24/7
2318,Ameliorated
2319,solution
2320,upward-trending
2321,Streamlined
2322,Team-oriented
2323,3rd generation
2324,Customer-focused
2325,leverage
2326,moderator
2327,Customer-focused
2328,Multi-lateral
2329,knowledge base
2330,Sharable
2331,framework
2332,approach
2333,actuating
2334,intangible
2335,Diverse
2336,systemic
2337,workforce
2338,responsive
2339,Face to face
2340,functionalities
2341,definition
2342,4th generation
2343,system-worthy
2344,open system
2345,Synergized
2346,Proactive
2347,human-resource
2348,national
2349,Graphical User Interface
2350,Diverse
2351,24 hour
2352,asynchronous
2353,Multi-layered
2354,Re-contextualized
2355,Pre-emptive
2356,Front-line
2357,Fundamental
2358,Automated
2359,encoding
2360,Devolved
2361,heuristic
2362,capability
2363,solution
2364,Re-engineered
2365,structure
2366,zero defect
2367,Object-based
2368,extranet
2369,intangible
2370,parallelism
2371,Synergistic
2372,User-friendly
2373,radical
2374,Organic
2375,moratorium
2376,solution-oriented
2377,toolset
2378,Diverse
2379,Devolved
2380,Reverse-engineered
2381,bifurcated
2382,tertiary
2383,Innovative
2384,Configurable
2385,policy
2386,standardization
2387,support
2388,Reduced
2389,didactic
2390,Multi-lateral
2391,coherent
2392,Proactive
2393,data-warehouse
2394,firmware
2395,Innovative
2396,Devolved
2397,web-enabled
2398,implementation
2399,project
2400,Automated
2401,national
2402,intermediate
2403,Implemented
2404,methodical
2405,Profound
2406,matrix
2407,Expanded
2408,Optimized
2409,pricing structure
2410,productivity
2411,Cloned
2412,intangible
2413,Networked
2414,Object-based
2415,systematic
2416,support
2417,real-time
2418,portal
2419,neutral
2420,access
2421,Diverse
2422,implementation
2423,tertiary
2424,national
2425,incremental
2426,zero administration
2427,Function-based
2428,client-server
2429,Fully-configurable
2430,superstructure
2431,high-level
2432,throughput
2433,firmware
2434,Compatible
2435,maximized
2436,budgetary management
2437,Profound
2438,Devolved
2439,contingency
2440,synergy
2441,responsive
2442,contingency
2443,grid-enabled
2444,Compatible
2445,tangible
2446,Customer-focused
2447,encryption
2448,process improvement
2449,Multi-lateral
2450,support
2451,24/7
2452,Reverse-engineered
2453,Open-source
2454,Proactive
2455,stable
2456,multi-tasking
2457,tangible
2458,portal
2459,function
2460,responsive
2461,demand-driven
2462,Advanced
2463,strategy
2464,Implemented
2465,transitional
2466,Stand-alone
2467,neutral
2468,local area network
2469,Multi-lateral
2470,Reactive
2471,attitude-oriented
2472,Up-sized
2473,moratorium
2474,challenge
2475,frame
2476,parallelism
2477,Up-sized
2478,exuding
2479,definition
2480,5th generation
2481,concept
2482,data-warehouse
2483,Balanced
2484,user-facing
2485,Programmable
2486,directional
2487,disintermediate
2488,hardware
2489,project
2490,alliance
2491,encoding
2492,actuating
2493,bi-directional
2494,array
2495,User-centric
2496,forecast
2497,budgetary management
2498,moderator
2499,Horizontal
2500,Polarised
2501,Distributed
2502,mission-critical
2503,time-frame
2504,User-centric
2505,national
2506,Switchable
2507,multimedia
2508,Cloned
2509,Secured
2510,bandwidth-monitored
2511,Reactive
2512,solution
2513,asynchronous
2514,5th generation
2515,Pre-emptive
2516,radical
2517,Sharable
2518,full-range
2519,functionalities
2520,incremental
2521,Centralized
2522,contextually-based
2523,support
2524,impactful
2525,zero defect
2526,encompassing
2527,matrix
2528,capability
2529,Face to face
2530,24 hour
2531,toolset
2532,Sharable
2533,Stand-alone
2534,regional
2535,protocol
2536,collaboration
2537,maximized
2538,initiative
2539,task-force
2540,multimedia
2541,Progressive
2542,Graphic Interface
2543,conglomeration
2544,projection
2545,upward-trending
2546,Sharable
2547,adapter
2548,emulation
2549,function
2550,moderator
2551,real-time
2552,actuating
2553,firmware
2554,Organized
2555,matrix
2556,Operative
2557,Robust
2558,didactic
2559,directional
2560,solution
2561,web-enabled
2562,hybrid
2563,firmware
2564,model
2565,strategy
2566,secondary
2567,firmware
2568,Integrated
2569,knowledge base
2570,eco-centric
2571,Compatible
2572,Virtual
2573,24 hour
2574,knowledge base
2575,logistical
2576,context-sensitive
2577,focus group
2578,encompassing
2579,Centralized
2580,interface
2581,encompassing
2582,eco-centric
2583,Team-oriented
2584,concept
2585,knowledge base
2586,Sharable
2587,local
2588,Devolved
2589,Realigned
2590,portal
2591,paradigm
2592,needs-based
2593,encompassing
2594,firmware
2595,Switchable
2596,product
2597,non-volatile
2598,Multi-channelled
2599,Synergized
2600,non-volatile
2601,circuit
2602,support
2603,attitude-oriented
2604,Progressive
2605,implementation
2606,strategy
2607,interface
2608,Focused
2609,Front-line
2610,structure
2611,Cross-platform
2612,help-desk
2613,hybrid
2614,Cross-platform
2615,Fully-configurable
2616,holistic
2617,methodical
2618,strategy
2619,bifurcated
2620,implementation
2621,Synergistic
2622,intranet
2623,client-driven
2624,Secured
2625,Seamless
2626,Proactive
2627,Fundamental
2628,implementation
2629,intranet
2630,standardization
2631,framework
2632,optimizing
2633,Balanced
2634,foreground
2635,Cross-platform
2636,middleware
2637,framework
2638,application
2639,emulation
2640,actuating
2641,local
2642,optimizing
2643,service-desk
2644,encompassing
2645,bottom-line
2646,workforce
2647,strategy
2648,functionalities
2649,heuristic
2650,Customer-focused
2651,adapter
2652,Function-based
2653,Managed
2654,Versatile
2655,Monitored
2656,Public-key
2657,responsive
2658,Quality-focused
2659,function
2660,algorithm
2661,Multi-lateral
2662,Switchable
2663,value-added
2664,open system
2665,3rd generation
2666,Progressive
2667,modular
2668,system engine
2669,human-resource
2670,next generation
2671,database
2672,orchestration
2673,didactic
2674,radical
2675,Streamlined
2676,disintermediate
2677,User-centric
2678,Re-contextualized
2679,Total
2680,Horizontal
2681,solution-oriented
2682,modular
2683,Optional
2684,flexibility
2685,neural-net
2686,migration
2687,well-modulated
2688,Visionary
2689,Networked
2690,dynamic
2691,artificial intelligence
2692,Assimilated
2693,4th generation
2694,executive
2695,Reactive
2696,Exclusive
2697,Open-source
2698,application
2699,Integrated
2700,Mandatory
2701,approach
2702,Customer-focused
2703,Decentralized
2704,utilisation
2705,hardware
2706,impactful
2707,Open-source
2708,function
2709,Public-key
2710,encoding
2711,didactic
2712,Intuitive
2713,Open-architected
2714,alliance
2715,hierarchy
2716,superstructure
2717,hybrid
2718,secondary
2719,Innovative
2720,Persistent
2721,internet solution
2722,static
2723,Seamless
2724,clear-thinking
2725,Total
2726,infrastructure
2727,flexibility
2728,instruction set
2729,Versatile
2730,zero administration
2731,transitional
2732,Secured
2733,functionalities
2734,definition
2735,array
2736,customer loyalty
2737,middleware
2738,Managed
2739,interactive
2740,Visionary
2741,Upgradable
2742,Graphical User Interface
2743,benchmark
2744,structure
2745,paradigm
2746,hardware
2747,groupware
2748,User-friendly
2749,Reactive
2750,systematic
2751,analyzer
2752,disintermediate
2753,hybrid
2754,service-desk
2755,Re-contextualized
2756,Future-proofed
2757,Operative
2758,24/7
2759,alliance
2760,Cloned
2761,Networked
2762,empowering
2763,grid-enabled
2764,capacity
2765,Public-key
2766,interface
2767,Mandatory
2768,scalable
2769,full-range
2770,explicit
2771,client-server
2772,Right-sized
2773,executive
2774,Cloned
2775,zero administration
2776,Extended
2777,Devolved
2778,asynchronous
2779,Function-based
2780,initiative
2781,Virtual
2782,Stand-alone
2783,archive
2784,Managed
2785,Exclusive
2786,asynchronous
2787,upward-trending
2788,Realigned
2789,firmware
2790,Inverse
2791,Down-sized
2792,real-time
2793,solution
2794,systemic
2795,local area network
2796,Reduced
2797,intangible
2798,budgetary management
2799,groupware
2800,object-oriented
2801,5th generation
2802,Multi-layered
2803,benchmark
2804,utilisation
2805,bifurcated
2806,groupware
2807,hybrid
2808,needs-based
2809,Reduced
2810,local
2811,Customer-focused
2812,database
2813,explicit
2814,architecture
2815,Self-enabling
2816,Stand-alone
2817,Public-key
2818,Team-oriented
2819,definition
2820,Optional
2821,Cross-group
2822,paradigm
2823,bifurcated
2824,middleware
2825,toolset
2826,attitude-oriented
2827,eco-centric
2828,array
2829,User-friendly
2830,Graphic Interface
2831,national
2832,solution-oriented
2833,regional
2834,Assimilated
2835,Synchronised
2836,parallelism
2837,Assimilated
2838,scalable
2839,emulation
2840,Streamlined
2841,Face to face
2842,intranet
2843,hierarchy
2844,implementation
2845,optimal
2846,radical
2847,superstructure
2848,Progressive
2849,Stand-alone
2850,stable
2851,User-friendly
2852,Organic
2853,Cross-platform
2854,Expanded
2855,installation
2856,needs-based
2857,hub
2858,utilisation
2859,Compatible
2860,demand-driven
2861,Virtual
2862,Innovative
2863,motivating
2864,Ameliorated
2865,homogeneous
2866,responsive
2867,24 hour
2868,adapter
2869,explicit
2870,customer loyalty
2871,bottom-line
2872,heuristic
2873,Proactive
2874,budgetary management
2875,Profound
2876,web-enabled
2877,Fully-configurable
2878,Quality-focused
2879,Robust
2880,Fundamental
2881,Self-enabling
2882,user-facing
2883,functionalities
2884,software
2885,Organic
2886,Optional
2887,next generation
2888,responsive
2889,grid-enabled
2890,solution-oriented
2891,Intuitive
2892,Synergized
2893,interactive
2894,didactic
2895,standardization
2896,forecast
2897,cohesive
2898,Balanced
2899,Devolved
2900,strategy
2901,Decentralized
2902,function
2903,disintermediate
2904,local
2905,capacity
2906,groupware
2907,encryption
2908,Intuitive
2909,info-mediaries
2910,paradigm
2911,Re-contextualized
2912,multi-tasking
2913,capacity
2914,Advanced
2915,Fundamental
2916,national
2917,structure
2918,info-mediaries
2919,intranet
2920,hierarchy
2921,even-keeled
2922,secondary
2923,methodical
2924,service-desk
2925,strategy
2926,Polarised
2927,didactic
2928,multimedia
2929,Multi-channelled
2930,Organized
2931,asynchronous
2932,knowledge user
2933,modular
2934,Up-sized
2935,core
2936,bandwidth-monitored
2937,knowledge base
2938,Open-source
2939,User-friendly
2940,Optional
2941,Decentralized
2942,asynchronous
2943,high-level
2944,content-based
2945,Grass-roots
2946,orchestration
2947,Switchable
2948,bandwidth-monitored
2949,Optional
2950,process improvement
2951,De-engineered
2952,capacity
2953,bi-directional
2954,access
2955,Self-enabling
2956,Profound
2957,intangible
2958,scalable
2959,mobile
2960,hybrid
2961,executive
2962,infrastructure
2963,analyzer
2964,architecture
2965,modular
2966,monitoring
2967,groupware
2968,core
2969,policy
2970,heuristic
2971,static
2972,analyzer
2973,Reduced
2974,optimal
2975,Up-sized
2976,Synchronised
2977,systematic
2978,knowledge base
2979,core
2980,disintermediate
2981,Programmable
2982,adapter
2983,Exclusive
2984,middleware
2985,modular
2986,matrices
2987,pricing structure
2988,utilisation
2989,forecast
2990,Multi-layered
2991,application
2992,Vision-oriented
2993,structure
2994,policy
2995,Visionary
2996,human-resource
2997,Mandatory
2998,contextually-based
2999,Fully-configurable
3000,value-added
3001,paradigm
3002,portal
3003,Business-focused
3004,application
3005,foreground
3006,Optional
3007,capacity
3008,De-engineered
3009,upward-trending
3010,archive
3011,neural-net
3012,Inverse
3013,systemic
3014,encompassing
3015,systemic
3016,local
3017,Pre-emptive
3018,Phased
3019,Configurable
3020,Compatible
3021,holistic
3022,budgetary management
3023,Total
3024,toolset
3025,Virtual
3026,disintermediate
3027,Innovative
3028,Compatible
3029,Persevering
3030,Cloned
3031,user-facing
3032,Public-key
3033,maximized
3034,migration
3035,Total
3036,budgetary management
3037,orchestration
3038,Profound
3039,intermediate
3040,methodical
3041,support
3042,methodical
3043,definition
3044,Future-proofed
3045,secured line
3046,success
3047,Fundamental
3048,Expanded
3049,Graphical User Interface
3050,Profit-focused
3051,success
3052,Quality-focused
3053,Reverse-engineered
3054,adapter
3055,time-frame
3056,solution
3057,global
3058,Proactive
3059,attitude-oriented
3060,De-engineered
3061,matrix
3062,knowledge user
3063,multi-state
3064,stable
3065,5th generation
3066,content-based
3067,neural-net
3068,frame
3069,customer loyalty
3070,implementation
3071,alliance
3072,utilisation
3073,utilisation
3074,5th generation
3075,Compatible
3076,Proactive
3077,responsive
3078,Digitized
3079,zero tolerance
3080,concept
3081,Quality-focused
3082,budgetary management
3083,client-driven
3084,Upgradable
3085,Implemented
3086,service-desk
3087,Polarised
3088,parallelism
3089,Face to face
3090,neural-net
3091,Multi-channelled
3092,multi-tasking
3093,software
3094,web-enabled
3095,Re-contextualized
3096,discrete
3097,interface
3098,orchestration
3099,hub
3100,concept
3101,uniform
3102,Organic
3103,intangible
3104,dedicated
3105,Operative
3106,Programmable
3107,De-engineered
3108,multi-tasking
3109,Extended
3110,throughput
3111,policy
3112,didactic
3113,context-sensitive
3114,homogeneous
3115,contingency
3116,Organized
3117,Synchronised
3118,Customer-focused
3119,capability
3120,systematic
3121,neural-net
3122,asynchronous
3123,systematic
3124,help-desk
3125,middleware
3126,Sharable
3127,eco-centric
3128,Synergistic
3129,matrix
3130,web-enabled
3131,solution
3132,secondary
3133,attitude-oriented
3134,methodical
3135,migration
3136,system-worthy
3137,implementation
3138,secondary
3139,Triple-buffered
3140,concept
3141,maximized
3142,zero administration
3143,reciprocal
3144,bi-directional
3145,implementation
3146,logistical
3147,strategy
3148,neutral
3149,knowledge user
3150,hierarchy
3151,zero tolerance
3152,multi-state
3153,responsive
3154,24 hour
3155,Centralized
3156,migration
3157,Visionary
3158,Organized
3159,modular
3160,Adaptive
3161,Inverse
3162,well-modulated
3163,bandwidth-monitored
3164,discrete
3165,software
3166,leading edge
3167,solution
3168,mission-critical
3169,Triple-buffered
3170,intranet
3171,Decentralized
3172,asynchronous
3173,knowledge base
3174,secondary
3175,Devolved
3176,Customizable
3177,Automated
3178,zero defect
3179,impactful
3180,concept
3181,Realigned
3182,Synergized
3183,monitoring
3184,Profound
3185,even-keeled
3186,Multi-lateral
3187,asymmetric
3188,pricing structure
3189,Multi-channelled
3190,Profound
3191,moderator
3192,extranet
3193,static
3194,neutral
3195,structure
3196,Integrated
3197,Down-sized
3198,projection
3199,systematic
3200,Virtual
3201,cohesive
3202,secondary
3203,implementation
3204,Cross-platform
3205,forecast
3206,standardization
3207,client-server
3208,responsive
3209,Ergonomic
3210,zero administration
3211,intangible
3212,Cloned
3213,Object-based
3214,Up-sized
3215,solution
3216,Proactive
3217,mission-critical
3218,protocol
3219,fault-tolerant
3220,success
3221,Integrated
3222,impactful
3223,web-enabled
3224,high-level
3225,Pre-emptive
3226,even-keeled
3227,extranet
3228,Programmable
3229,hierarchy
3230,Customizable
3231,Diverse
3232,non-volatile
3233,even-keeled
3234,tertiary
3235,application
3236,zero defect
3237,value-added
3238,system engine
3239,neutral
3240,exuding
3241,cohesive
3242,heuristic
3243,dynamic
3244,Proactive
3245,Proactive
3246,client-server
3247,Graphical User Interface
3248,neutral
3249,Focused
3250,knowledge user
3251,website
3252,mobile
3253,Pre-emptive
3254,Graphic Interface
3255,well-modulated
3256,utilisation
3257,Re-contextualized
3258,upward-trending
3259,grid-enabled
3260,Right-sized
3261,instruction set
3262,service-desk
3263,Optional
3264,Fully-configurable
3265,artificial intelligence
3266,hierarchy
3267,hardware
3268,monitoring
3269,archive
3270,knowledge user
3271,protocol
3272,hybrid
3273,national
3274,Synergized
3275,Multi-layered
3276,moratorium
3277,Extended
3278,Visionary
3279,Future-proofed
3280,access
3281,Open-source
3282,architecture
3283,Reduced
3284,Intuitive
3285,Progressive
3286,focus group
3287,infrastructure
3288,incremental
3289,asymmetric
3290,application
3291,portal
3292,client-driven
3293,paradigm
3294,methodology
3295,archive
3296,intermediate
3297,Team-oriented
3298,Synergized
3299,moderator
3300,projection
3301,Focused
3302,Inverse
3303,local area network
3304,secured line
3305,Versatile
3306,object-oriented
3307,interface
3308,even-keeled
3309,access
3310,static
3311,logistical
3312,Graphic Interface
3313,Up-sized
3314,Pre-emptive
3315,concept
3316,asynchronous
3317,Expanded
3318,bandwidth-monitored
3319,methodology
3320,24 hour
3321,paradigm
3322,uniform
3323,implementation
3324,Virtual
3325,cohesive
3326,project
3327,next generation
3328,Pre-emptive
3329,protocol
3330,Up-sized
3331,bandwidth-monitored
3332,homogeneous
3333,hardware
3334,Graphic Interface
3335,hub
3336,superstructure
3337,static
3338,database
3339,optimal
3340,Cross-group
3341,Universal
3342,Focused
3343,Cross-group
3344,Synchronised
3345,systemic
3346,user-facing
3347,De-engineered
3348,Future-proofed
3349,global
3350,logistical
3351,6th generation
3352,Re-contextualized
3353,zero administration
3354,Monitored
3355,client-server
3356,forecast
3357,demand-driven
3358,capability
3359,Mandatory
3360,modular
3361,Sharable
3362,knowledge base
3363,static
3364,Organic
3365,Quality-focused
3366,leverage
3367,framework
3368,motivating
3369,challenge
3370,protocol
3371,policy
3372,encoding
3373,bi-directional
3374,website
3375,Re-engineered
3376,intermediate
3377,challenge
3378,secured line
3379,Open-architected
3380,leverage
3381,Mandatory
3382,zero defect
3383,zero defect
3384,methodical
3385,Optimized
3386,clear-thinking
3387,Implemented
3388,zero administration
3389,Self-enabling
3390,asynchronous
3391,secondary
3392,initiative
3393,policy
3394,Multi-channelled
3395,Object-based
3396,mission-critical
3397,object-oriented
3398,policy
3399,homogeneous
3400,Decentralized
3401,access
3402,Cross-group
3403,contextually-based
3404,methodology
3405,Enhanced
3406,object-oriented
3407,Open-architected
3408,uniform
3409,multimedia
3410,forecast
3411,open system
3412,definition
3413,Switchable
3414,fault-tolerant
3415,model
3416,Upgradable
3417,internet solution
3418,function
3419,zero tolerance
3420,circuit
3421,foreground
3422,holistic
3423,contextually-based
3424,functionalities
3425,tangible
3426,Distributed
3427,access
3428,local area network
3429,Customer-focused
3430,Mandatory
3431,solution-oriented
3432,web-enabled
3433,actuating
3434,clear-thinking
3435,Robust
3436,dynamic
3437,systematic
3438,neural-net
3439,analyzing
3440,ability
3441,process improvement
3442,core
3443,well-modulated
3444,frame
3445,optimizing
3446,actuating
3447,adapter
3448,Reactive
3449,collaboration
3450,projection
3451,explicit
3452,Devolved
3453,Front-line
3454,Devolved
3455,methodical
3456,dedicated
3457,Secured
3458,methodical
3459,logistical
3460,optimal
3461,real-time
3462,reciprocal
3463,Reduced
3464,protocol
3465,demand-driven
3466,help-desk
3467,fault-tolerant
3468,application
3469,initiative
3470,bottom-line
3471,solution-oriented
3472,Visionary
3473,Upgradable
3474,heuristic
3475,matrix
3476,projection
3477,Face to face
3478,contextually-based
3479,human-resource
3480,data-warehouse
3481,collaboration
3482,Horizontal
3483,secured line
3484,Optimized
3485,Networked
3486,Optimized
3487,Cloned
3488,Reactive
3489,neural-net
3490,Diverse
3491,Virtual
3492,Re-engineered
3493,User-friendly
3494,bi-directional
3495,4th generation
3496,Face to face
3497,maximized
3498,bottom-line
3499,value-added
3500,superstructure
3501,help-desk
3502,Triple-buffered
3503,implementation
3504,complexity
3505,modular
3506,coherent
3507,neutral
3508,neutral
3509,website
3510,global
3511,motivating
3512,Configurable
3513,functionalities
3514,Organized
3515,Phased
3516,Pre-emptive
3517,Innovative
3518,motivating
3519,Function-based
3520,instruction set
3521,project
3522,Inverse
3523,disintermediate
3524,Universal
3525,web-enabled
3526,holistic
3527,Face to face
3528,Cloned
3529,even-keeled
3530,uniform
3531,challenge
3532,throughput
3533,holistic
3534,heuristic
3535,Virtual
3536,dynamic
3537,Diverse
3538,Reverse-engineered
3539,Stand-alone
3540,Optimized
3541,Compatible
3542,didactic
3543,groupware
3544,Streamlined
3545,Optimized
3546,web-enabled
3547,Cross-platform
3548,Balanced
3549,workforce
3550,orchestration
3551,moratorium
3552,Up-sized
3553,Integrated
3554,Organized
3555,interactive
3556,utilisation
3557,projection
3558,Realigned
3559,task-force
3560,conglomeration
3561,synergy
3562,Centralized
3563,infrastructure
3564,incremental
3565,homogeneous
3566,bi-directional
3567,Versatile
3568,product
3569,moderator
3570,instruction set
3571,complexity
3572,firmware
3573,process improvement
3574,explicit
3575,Exclusive
3576,Visionary
3577,didactic
3578,didactic
3579,Customer-focused
3580,productivity
3581,heuristic
3582,Inverse
3583,needs-based
3584,utilisation
3585,intranet
3586,analyzer
3587,mobile
3588,customer loyalty
3589,solution
3590,next generation
3591,Public-key
3592,infrastructure
3593,cohesive
3594,Cross-group
3595,attitude
3596,Proactive
3597,tangible
3598,solution-oriented
3599,multi-state
3600,system-worthy
3601,Synchronised
3602,analyzing
3603,workforce
3604,high-level
3605,toolset
3606,composite
3607,architecture
3608,Down-sized
3609,systemic
3610,homogeneous
3611,analyzer
3612,scalable
3613,interface
3614,zero administration
3615,pricing structure
3616,Ameliorated
3617,definition
3618,Self-enabling
3619,zero defect
3620,system engine
3621,attitude
3622,software
3623,Graphic Interface
3624,Progressive
3625,Exclusive
3626,radical
3627,Total
3628,discrete
3629,software
3630,optimal
3631,national
3632,Digitized
3633,Profit-focused
3634,implementation
3635,process improvement
3636,responsive
3637,web-enabled
3638,Graphical User Interface
3639,Graphic Interface
3640,Implemented
3641,knowledge user
3642,Enterprise-wide
3643,access
3644,scalable
3645,Enhanced
3646,Robust
3647,zero tolerance
3648,context-sensitive
3649,model
3650,24/7
3651,Persevering
3652,web-enabled
3653,Distributed
3654,website
3655,optimizing
3656,value-added
3657,Graphical User Interface
3658,Assimilated
3659,interface
3660,info-mediaries
3661,Centralized
3662,Synergized
3663,neural-net
3664,user-facing
3665,intranet
3666,solution
3667,capability
3668,mission-critical
3669,groupware
3670,Networked
3671,Diverse
3672,protocol
3673,Enhanced
3674,policy
3675,access
3676,moderator
3677,didactic
3678,User-centric
3679,Enterprise-wide
3680,hierarchy
3681,Progressive
3682,open architecture
3683,Virtual
3684,User-friendly
3685,secondary
3686,alliance
3687,fault-tolerant
3688,background
3689,bifurcated
3690,Operative
3691,Synchronised
3692,heuristic
3693,internet solution
3694,transitional
3695,initiative
3696,workforce
3697,Configurable
3698,responsive
3699,knowledge base
3700,Synergized
3701,firmware
3702,bottom-line
3703,context-sensitive
3704,policy
3705,multi-tasking
3706,even-keeled
3707,budgetary management
3708,optimizing
3709,process improvement
3710,functionalities
3711,Digitized
3712,Synchronised
3713,archive
3714,even-keeled
3715,Graphic Interface
3716,Assimilated
3717,homogeneous
3718,Secured
3719,4th generation
3720,capability
3721,full-range
3722,Persevering
3723,Distributed
3724,Enterprise-wide
3725,dynamic
3726,Synchronised
3727,Team-oriented
3728,Cross-platform
3729,complexity
3730,Operative
3731,national
3732,global
3733,high-level
3734,didactic
3735,heuristic
3736,service-desk
3737,pricing structure
3738,Vision-oriented
3739,array
3740,capacity
3741,optimal
3742,scalable
3743,process improvement
3744,Enhanced
3745,Switchable
3746,Streamlined
3747,instruction set
3748,archive
3749,homogeneous
3750,Automated
3751,stable
3752,attitude-oriented
3753,object-oriented
3754,database
3755,architecture
3756,Graphic Interface
3757,Visionary
3758,Horizontal
3759,human-resource
3760,software
3761,architecture
3762,adapter
3763,local area network
3764,Intuitive
3765,analyzer
3766,hierarchy
3767,impactful
3768,uniform
3769,toolset
3770,Distributed
3771,content-based
3772,Face to face
3773,open system
3774,Virtual
3775,needs-based
3776,demand-driven
3777,Quality-focused
3778,multimedia
3779,bandwidth-monitored
3780,artificial intelligence
3781,Cross-group
3782,Balanced
3783,full-range
3784,Quality-focused
3785,tertiary
3786,capability
3787,non-volatile
3788,Assimilated
3789,fresh-thinking
3790,Profit-focused
3791,Public-key
3792,Fully-configurable
3793,productivity
3794,customer loyalty
3795,application
3796,moderator
3797,Adaptive
3798,challenge
3799,upward-trending
3800,Focused
3801,customer loyalty
3802,interface
3803,radical
3804,projection
3805,strategy
3806,Synergistic
3807,grid-enabled
3808,homogeneous
3809,composite
3810,encompassing
3811,instruction set
3812,holistic
3813,structure
3814,De-engineered
3815,focus group
3816,open system
3817,bottom-line
3818,hardware
3819,strategy
3820,Team-oriented
3821,database
3822,logistical
3823,Persevering
3824,Face to face
3825,function
3826,analyzer
3827,Adaptive
3828,coherent
3829,ability
3830,Centralized
3831,ability
3832,Object-based
3833,product
3834,interface
3835,Synergized
3836,Triple-buffered
3837,Multi-layered
3838,exuding
3839,User-centric
3840,contingency
3841,portal
3842,pricing structure
3843,extranet
3844,local
3845,groupware
3846,Fully-configurable
3847,throughput
3848,fault-tolerant
3849,demand-driven
3850,process improvement
3851,User-friendly
3852,Assimilated
3853,Object-based
3854,process improvement
3855,Reverse-engineered
3856,Horizontal
3857,emulation
3858,Customer-focused
3859,intermediate
3860,Synchronised
3861,systemic
3862,project
3863,Front-line
3864,algorithm
3865,Optional
3866,bifurcated
3867,high-level
3868,national
3869,Distributed
3870,zero tolerance
3871,application
3872,Secured
3873,complexity
3874,leverage
3875,clear-thinking
3876,Diverse
3877,secondary
3878,scalable
3879,instruction set
3880,actuating
3881,Exclusive
3882,encompassing
3883,web-enabled
3884,moderator
3885,hybrid
3886,website
3887,website
3888,Robust
3889,Compatible
3890,next generation
3891,Re-contextualized
3892,attitude
3893,Profound
3894,service-desk
3895,open architecture
3896,firmware
3897,synergy
3898,intermediate
3899,Synchronised
3900,Extended
3901,Proactive
3902,methodical
3903,flexibility
3904,capacity
3905,Universal
3906,core
3907,hybrid
3908,Profound
3909,Enhanced
3910,Graphic Interface
3911,framework
3912,real-time
3913,systematic
3914,support
3915,protocol
3916,structure
3917,Operative
3918,disintermediate
3919,local
3920,analyzing
3921,discrete
3922,analyzer
3923,transitional
3924,Optional
3925,secured line
3926,Up-sized
3927,open architecture
3928,solution
3929,portal
3930,disintermediate
3931,asymmetric
3932,bifurcated
3933,executive
3934,human-resource
3935,Centralized
3936,encryption
3937,incremental
3938,Compatible
3939,actuating
3940,core
3941,support
3942,leverage
3943,Versatile
3944,Customer-focused
3945,Implemented
3946,needs-based
3947,paradigm
3948,background
3949,fresh-thinking
3950,Synchronised
3951,Robust
3952,holistic
3953,Distributed
3954,Upgradable
3955,content-based
3956,national
3957,zero administration
3958,needs-based
3959,middleware
3960,Devolved
3961,optimal
3962,alliance
3963,scalable
3964,asynchronous
3965,Reduced
3966,Graphic Interface
3967,product
3968,Inverse
3969,Enterprise-wide
3970,database
3971,capacity
3972,Polarised
3973,scalable
3974,optimizing
3975,interactive
3976,Innovative
3977,homogeneous
3978,capacity
3979,Reverse-engineered
3980,empowering
3981,initiative
3982,pricing structure
3983,hierarchy
3984,Face to face
3985,initiative
3986,leverage
3987,Persevering
3988,4th generation
3989,Expanded
3990,User-centric
3991,open architecture
3992,Adaptive
3993,Virtual
3994,background
3995,neutral
3996,tangible
3997,real-time
3998,Pre-emptive
3999,benchmark
4000,portal
4001,5th generation
4002,bottom-line
4003,mobile
4004,Expanded
4005,strategy
4006,Quality-focused
4007,dynamic
4008,moderator
4009,leverage
4010,User-friendly
4011,encoding
4012,composite
4013,Extended
4014,full-range
4015,actuating
4016,instruction set
4017,Realigned
4018,service-desk
4019,Graphical User Interface
4020,customer loyalty
4021,neutral
4022,methodology
4023,client-driven
4024,Networked
4025,Persevering
4026,Seamless
4027,real-time
4028,archive
4029,projection
4030,mission-critical
4031,modular
4032,encompassing
4033,functionalities
4034,Integrated
4035,Switchable
4036,incremental
4037,scalable
4038,capability
4039,cohesive
4040,capability
4041,Streamlined
4042,De-engineered
4043,intranet
4044,explicit
4045,Universal
4046,background
4047,zero administration
4048,installation
4049,migration
4050,Networked
4051,Triple-buffered
4052,function
4053,hub
4054,Optimized
4055,analyzing
4056,Visionary
4057,bi-directional
4058,Robust
4059,solution-oriented
4060,Team-oriented
4061,strategy
4062,projection
4063,array
4064,Stand-alone
4065,software
4066,Team-oriented
4067,bottom-line
4068,mission-critical
4069,functionalities
4070,Profound
4071,service-desk
4072,Ergonomic
4073,Programmable
4074,Up-sized
4075,Digitized
4076,next generation
4077,Universal
4078,Streamlined
4079,background
4080,local area network
4081,asynchronous
4082,content-based
4083,Progressive
4084,clear-thinking
4085,pricing structure
4086,Reduced
4087,info-mediaries
4088,local
4089,Robust
4090,contingency
4091,radical
4092,Digitized
4093,next generation
4094,conglomeration
4095,even-keeled
4096,benchmark
4097,help-desk
4098,extranet
4099,Diverse
4100,architecture
4101,heuristic
4102,functionalities
4103,Virtual
4104,Robust
4105,matrices
4106,zero administration
4107,Adaptive
4108,Stand-alone
4109,Polarised
4110,value-added
4111,Vision-oriented
4112,array
4113,Proactive
4114,Streamlined
4115,composite
4116,Advanced
4117,Distributed
4118,attitude
4119,Streamlined
4120,projection
4121,structure
4122,Face to face
4123,responsive
4124,Enhanced
4125,Open-architected
4126,installation
4127,Centralized
4128,incremental
4129,Quality-focused
4130,didactic
4131,methodology
4132,contextually-based
4133,installation
4134,attitude
4135,process improvement
4136,Versatile
4137,Face to face
4138,demand-driven
4139,Enterprise-wide
4140,high-level
4141,Team-oriented
4142,24 hour
4143,bi-directional
4144,Multi-channelled
4145,tertiary
4146,implementation
4147,matrix
4148,Synergized
4149,heuristic
4150,Advanced
4151,Graphic Interface
4152,Balanced
4153,architecture
4154,optimal
4155,focus group
4156,circuit
4157,Intuitive
4158,Multi-lateral
4159,Front-line
4160,alliance
4161,mobile
4162,strategy
4163,synergy
4164,Expanded
4165,Total
4166,Cross-group
4167,Adaptive
4168,Horizontal
4169,definition
4170,Persistent
4171,paradigm
4172,analyzing
4173,high-level
4174,explicit
4175,Fundamental
4176,multi-tasking
4177,multimedia
4178,Public-key
4179,Triple-buffered
4180,capacity
4181,Focused
4182,circuit
4183,neural-net
4184,empowering
4185,instruction set
4186,reciprocal
4187,Assimilated
4188,middleware
4189,Profit-focused
4190,knowledge user
4191,Public-key
4192,mission-critical
4193,client-server
4194,Upgradable
4195,process improvement
4196,Seamless
4197,tangible
4198,heuristic
4199,systemic
4200,User-centric
4201,interface
4202,Cross-group
4203,benchmark
4204,zero administration
4205,Networked
4206,Devolved
4207,real-time
4208,Synergized
4209,open architecture
4210,Team-oriented
4211,customer loyalty
4212,complexity
4213,stable
4214,Advanced
4215,Synergistic
4216,superstructure
4217,Progressive
4218,methodology
4219,radical
4220,archive
4221,productivity
4222,project
4223,data-warehouse
4224,hub
4225,zero tolerance
4226,mission-critical
4227,Inverse
4228,solution
4229,Fundamental
4230,algorithm
4231,regional
4232,function
4233,tertiary
4234,well-modulated
4235,Centralized
4236,24/7
4237,Seamless
4238,Virtual
4239,artificial intelligence
4240,bandwidth-monitored
4241,Innovative
4242,orchestration
4243,foreground
4244,asymmetric
4245,discrete
4246,De-engineered
4247,moderator
4248,synergy
4249,mobile
4250,model
4251,superstructure
4252,Switchable
4253,collaboration
4254,global
4255,Profound
4256,implementation
4257,exuding
4258,customer loyalty
4259,Reverse-engineered
4260,open architecture
4261,methodology
4262,solution
4263,encompassing
4264,upward-trending
4265,user-facing
4266,Adaptive
4267,superstructure
4268,task-force
4269,Adaptive
4270,asymmetric
4271,intranet
4272,zero administration
4273,attitude-oriented
4274,homogeneous
4275,Focused
4276,architecture
4277,Balanced
4278,content-based
4279,uniform
4280,zero defect
4281,Ergonomic
4282,encoding
4283,Horizontal
4284,Organic
4285,Optimized
4286,Intuitive
4287,internet solution
4288,Graphic Interface
4289,productivity
4290,Implemented
4291,Self-enabling
4292,forecast
4293,discrete
4294,moderator
4295,zero defect
4296,zero tolerance
4297,middleware
4298,orchestration
4299,customer loyalty
4300,Cloned
4301,zero defect
4302,array
4303,responsive
4304,Adaptive
4305,actuating
4306,systemic
4307,Horizontal
4308,client-driven
4309,Realigned
4310,systematic
4311,Versatile
4312,user-facing
4313,challenge
4314,well-modulated
4315,Organic
4316,content-based
4317,capacity
4318,upward-trending
4319,matrix
4320,radical
4321,uniform
4322,Sharable
4323,Assimilated
4324,complexity
4325,help-desk
4326,Universal
4327,Organized
4328,Intuitive
4329,policy
4330,even-keeled
4331,coherent
4332,Synergized
4333,Graphic Interface
4334,customer loyalty
4335,Face to face
4336,Business-focused
4337,next generation
4338,client-server
4339,dynamic
4340,open system
4341,intermediate
4342,array
4343,open system
4344,disintermediate
4345,system-worthy
4346,archive
4347,matrices
4348,local area network
4349,content-based
4350,3rd generation
4351,Sharable
4352,Multi-channelled
4353,Digitized
4354,modular
4355,hub
4356,system engine
4357,project
4358,website
4359,Advanced
4360,multi-state
4361,solution-oriented
4362,Visionary
4363,Multi-layered
4364,Robust
4365,middleware
4366,Upgradable
4367,user-facing
4368,encoding
4369,Horizontal
4370,Exclusive
4371,disintermediate
4372,process improvement
4373,synergy
4374,pricing structure
4375,contingency
4376,Optional
4377,time-frame
4378,challenge
4379,Customer-focused
4380,Reactive
4381,Profound
4382,hardware
4383,web-enabled
4384,Advanced
4385,customer loyalty
4386,software
4387,Optional
4388,web-enabled
4389,Streamlined
4390,infrastructure
4391,Streamlined
4392,Seamless
4393,customer loyalty
4394,encryption
4395,multimedia
4396,Secured
4397,even-keeled
4398,object-oriented
4399,incremental
4400,Enterprise-wide
4401,attitude-oriented
4402,Diverse
4403,intangible
4404,hardware
4405,Distributed
4406,Multi-channelled
4407,non-volatile
4408,needs-based
4409,neural-net
4410,Front-line
4411,zero defect
4412,collaboration
4413,client-driven
4414,background
4415,synergy
4416,human-resource
4417,Enterprise-wide
4418,solution
4419,neural-net
4420,Seamless
4421,exuding
4422,exuding
4423,high-level
4424,utilisation
4425,Team-oriented
4426,static
4427,6th generation
4428,cohesive
4429,client-server
4430,Total
4431,website
4432,reciprocal
4433,Future-proofed
4434,multimedia
4435,Focused
4436,Reactive
4437,Open-source
4438,Optimized
4439,attitude-oriented
4440,array
4441,methodology
4442,optimizing
4443,Innovative
4444,info-mediaries
4445,tertiary
4446,toolset
4447,encompassing
4448,fresh-thinking
4449,Extended
4450,structure
4451,algorithm
4452,3rd generation
4453,encryption
4454,cohesive
4455,installation
4456,task-force
4457,Profit-focused
4458,functionalities
4459,upward-trending
4460,optimal
4461,monitoring
4462,groupware
4463,artificial intelligence
4464,Digitized
4465,Implemented
4466,toolset
4467,multi-state
4468,success
4469,throughput
4470,De-engineered
4471,focus group
4472,Enhanced
4473,Fully-configurable
4474,Programmable
4475,attitude
4476,explicit
4477,maximized
4478,utilisation
4479,Visionary
4480,contingency
4481,Switchable
4482,scalable
4483,approach
4484,interface
4485,solution
4486,heuristic
4487,Mandatory
4488,Progressive
4489,maximized
4490,moderator
4491,Enhanced
4492,orchestration
4493,stable
4494,function
4495,model
4496,knowledge base
4497,clear-thinking
4498,responsive
4499,neutral
4500,Pre-emptive
4501,Focused
4502,global
4503,bottom-line
4504,De-engineered
4505,Streamlined
4506,database
4507,pricing structure
4508,Graphic Interface
4509,local area network
4510,radical
4511,firmware
4512,context-sensitive
4513,capability
4514,grid-enabled
4515,algorithm
4516,Synergistic
4517,Upgradable
4518,real-time
4519,functionalities
4520,moderator
4521,object-oriented
4522,extranet
4523,fault-tolerant
4524,parallelism
4525,zero administration
4526,client-server
4527,Fully-configurable
4528,encryption
4529,ability
4530,data-warehouse
4531,functionalities
4532,Future-proofed
4533,approach
4534,parallelism
4535,Secured
4536,knowledge user
4537,Visionary
4538,Vision-oriented
4539,real-time
4540,adapter
4541,throughput
4542,tertiary
4543,demand-driven
4544,neutral
4545,clear-thinking
4546,encompassing
4547,solution
4548,asymmetric
4549,Synchronised
4550,Centralized
4551,Cross-group
4552,capacity
4553,web-enabled
4554,Object-based
4555,coherent
4556,moratorium
4557,context-sensitive
4558,Vision-oriented
4559,attitude
4560,upward-trending
4561,Organic
4562,Reduced
4563,Open-source
4564,architecture
4565,Fundamental
4566,intangible
4567,model
4568,encompassing
4569,Operative
4570,interface
4571,emulation
4572,web-enabled
4573,database
4574,productivity
4575,modular
4576,benchmark
4577,Triple-buffered
4578,projection
4579,support
4580,Secured
4581,Secured
4582,Polarised
4583,middleware
4584,Ameliorated
4585,optimizing
4586,directional
4587,encoding
4588,Balanced
4589,multimedia
4590,complexity
4591,Business-focused
4592,client-server
4593,Assimilated
4594,actuating
4595,Multi-channelled
4596,Reduced
4597,web-enabled
4598,Open-source
4599,Optional
4600,web-enabled
4601,Reduced
4602,24/7
4603,intranet
4604,Graphic Interface
4605,Mandatory
4606,pricing structure
4607,framework
4608,toolset
4609,matrix
4610,Triple-buffered
4611,hybrid
4612,Programmable
4613,eco-centric
4614,multi-tasking
4615,Reverse-engineered
4616,Synergized
4617,Realigned
4618,ability
4619,Customer-focused
4620,real-time
4621,Up-sized
4622,intermediate
4623,array
4624,Fundamental
4625,local area network
4626,Seamless
4627,value-added
4628,hardware
4629,Digitized
4630,Intuitive
4631,flexibility
4632,bottom-line
4633,initiative
4634,customer loyalty
4635,tangible
4636,paradigm
4637,full-range
4638,contingency
4639,24/7
4640,asynchronous
4641,Distributed
4642,Reverse-engineered
4643,client-server
4644,open system
4645,Secured
4646,service-desk
4647,system engine
4648,multi-state
4649,application
4650,Switchable
4651,scalable
4652,attitude-oriented
4653,foreground
4654,neutral
4655,neutral
4656,info-mediaries
4657,coherent
4658,radical
4659,system-worthy
4660,Exclusive
4661,full-range
4662,conglomeration
4663,Ameliorated
4664,paradigm
4665,empowering
4666,secured line
4667,frame
4668,full-range
4669,eco-centric
4670,Polarised
4671,Face to face
4672,scalable
4673,ability
4674,Phased
4675,secured line
4676,approach
4677,exuding
4678,encompassing
4679,neutral
4680,Vision-oriented
4681,hub
4682,grid-enabled
4683,contextually-based
4684,structure
4685,secondary
4686,homogeneous
4687,local
4688,success
4689,moderator
4690,parallelism
4691,artificial intelligence
4692,disintermediate
4693,disintermediate
4694,disintermediate
4695,system engine
4696,challenge
4697,24 hour
4698,Universal
4699,Profit-focused
4700,Switchable
4701,mission-critical
4702,explicit
4703,Cloned
4704,core
4705,maximized
4706,intangible
4707,function
4708,superstructure
4709,transitional
4710,foreground
4711,Compatible
4712,access
4713,User-friendly
4714,interactive
4715,bandwidth-monitored
4716,open system
4717,Up-sized
4718,zero administration
4719,Upgradable
4720,superstructure
4721,local
4722,eco-centric
4723,analyzing
4724,project
4725,middleware
4726,customer loyalty
4727,policy
4728,intranet
4729,radical
4730,intranet
4731,Automated
4732,Assimilated
4733,flexibility
4734,Ameliorated
4735,utilisation
4736,implementation
4737,Virtual
4738,attitude
4739,6th generation
4740,analyzer
4741,Front-line
4742,systematic
4743,Digitized
4744,pricing structure
4745,holistic
4746,asynchronous
4747,user-facing
4748,actuating
4749,forecast
4750,full-range
4751,conglomeration
4752,customer loyalty
4753,Vision-oriented
4754,dedicated
4755,Inverse
4756,well-modulated
4757,24/7
4758,tertiary
4759,hierarchy
4760,zero administration
4761,Polarised
4762,mobile
4763,disintermediate
4764,service-desk
4765,next generation
4766,knowledge user
4767,asymmetric
4768,coherent
4769,contingency
4770,Persistent
4771,challenge
4772,optimal
4773,Virtual
4774,system-worthy
4775,initiative
4776,3rd generation
4777,systematic
4778,intangible
4779,Virtual
4780,Multi-layered
4781,Intuitive
4782,Object-based
4783,coherent
4784,Triple-buffered
4785,intangible
4786,Enhanced
4787,fault-tolerant
4788,non-volatile
4789,Profit-focused
4790,application
4791,Optimized
4792,didactic
4793,systemic
4794,context-sensitive
4795,projection
4796,value-added
4797,Multi-layered
4798,Compatible
4799,interactive
4800,intranet
4801,modular
4802,customer loyalty
4803,zero administration
4804,zero administration
4805,zero tolerance
4806,Synchronised
4807,object-oriented
4808,Face to face
4809,tangible
4810,parallelism
4811,Streamlined
4812,open system
4813,high-level
4814,next generation
4815,Organized
4816,3rd generation
4817,discrete
4818,Polarised
4819,frame
4820,Quality-focused
4821,Stand-alone
4822,next generation
4823,tangible
4824,Re-engineered
4825,parallelism
4826,task-force
4827,utilisation
4828,protocol
4829,24/7
4830,approach
4831,Distributed
4832,exuding
4833,Organic
4834,time-frame
4835,Grass-roots
4836,fault-tolerant
4837,interactive
4838,Customizable
4839,Cloned
4840,bi-directional
4841,migration
4842,Cloned
4843,standardization
4844,intranet
4845,next generation
4846,implementation
4847,structure
4848,complexity
4849,Implemented
4850,Intuitive
4851,Ameliorated
4852,emulation
4853,analyzer
4854,archive
4855,Enterprise-wide
4856,5th generation
4857,24/7
4858,Graphical User Interface
4859,open architecture
4860,Synergistic
4861,knowledge user
4862,archive
4863,upward-trending
4864,Triple-buffered
4865,Monitored
4866,circuit
4867,functionalities
4868,access
4869,Universal
4870,frame
4871,Fundamental
4872,Configurable
4873,Advanced
4874,definition
4875,Adaptive
4876,bandwidth-monitored
4877,toolset
4878,multimedia
4879,maximized
4880,hierarchy
4881,Innovative
4882,24/7
4883,Programmable
4884,tangible
4885,Up-sized
4886,infrastructure
4887,model
4888,knowledge user
4889,Decentralized
4890,stable
4891,projection
4892,background
4893,Fundamental
4894,optimizing
4895,Networked
4896,national
4897,projection
4898,Optional
4899,task-force
4900,explicit
4901,modular
4902,empowering
4903,explicit
4904,Enterprise-wide
4905,open system
4906,Automated
4907,Self-enabling
4908,algorithm
4909,Business-focused
4910,Persistent
4911,Intuitive
4912,functionalities
4913,modular
4914,help-desk
4915,budgetary management
4916,circuit
4917,Inverse
4918,artificial intelligence
4919,installation
4920,system engine
4921,dynamic
4922,uniform
4923,Open-source
4924,Multi-lateral
4925,stable
4926,Re-engineered
4927,Realigned
4928,Universal
4929,global
4930,Realigned
4931,knowledge base
4932,Business-focused
4933,composite
4934,monitoring
4935,product
4936,paradigm
4937,discrete
4938,Managed
4939,context-sensitive
4940,Total
4941,Customizable
4942,composite
4943,multimedia
4944,database
4945,Multi-channelled
4946,client-driven
4947,actuating
4948,mobile
4949,multimedia
4950,flexibility
4951,5th generation
4952,Pre-emptive
4953,structure
4954,Universal
4955,Adaptive
4956,productivity
4957,Synchronised
4958,bi-directional
4959,De-engineered
4960,knowledge user
4961,Streamlined
4962,complexity
4963,zero administration
4964,24/7
4965,disintermediate
4966,discrete
4967,Versatile
4968,systemic
4969,Innovative
4970,Digitized
4971,Face to face
4972,Seamless
4973,directional
4974,task-force
4975,national
4976,groupware
4977,Networked
4978,model
4979,ability
4980,matrix
4981,foreground
4982,Business-focused
4983,approach
4984,hierarchy
4985,Expanded
4986,artificial intelligence
4987,scalable
4988,Secured
4989,structure
4990,Cloned
4991,multi-state
4992,Streamlined
4993,Multi-layered
4994,secured line
4995,paradigm
4996,contingency
4997,6th generation
4998,Quality-focused
4999,regional
5000,Programmable