1,live.com
2,tiny.cc
3,opera.com
4,csmonitor.com
5,cafepress.com
6,dropbox.com
7,csmonitor.com
8,blinklist.com
9,wunderground.com
10,joomla.org
11,youtu.be
12,blogger.com
13,sbwire.com
14,shinystat.com
15,prnewswire.com
16,nbcnews.com
17,cnn.com
18,shinystat.com
19,earthlink.net
20,digg.com
21,joomla.org
22,hibu.com
23,blogspot.com
24,nifty.com
25,pbs.org
26,smugmug.com
27,rakuten.co.jp
28,simplemachines.org
29,nyu.edu
30,weebly.com
31,vimeo.com
32,webs.com
33,reverbnation.com
34,uiuc.edu
35,squarespace.com
36,chron.com
37,plala.or.jp
38,thetimes.co.uk
39,icio.us
40,ning.com
41,google.ru
42,independent.co.uk
43,desdev.cn
44,homestead.com
45,goodreads.com
46,twitter.com
47,google.com
48,printfriendly.com
49,hud.gov
50,163.com
51,dailymotion.com
52,arizona.edu
53,geocities.com
54,telegraph.co.uk
55,kickstarter.com
56,bbb.org
57,blogspot.com
58,ft.com
59,examiner.com
60,cbsnews.com
61,cargocollective.com
62,businessinsider.com
63,smh.com.au
64,canalblog.com
65,dropbox.com
66,simplemachines.org
67,addtoany.com
68,printfriendly.com
69,blogger.com
70,barnesandnoble.com
71,mozilla.com
72,moonfruit.com
73,163.com
74,state.tx.us
75,goo.ne.jp
76,newsvine.com
77,skype.com
78,nih.gov
79,virginia.edu
80,i2i.jp
81,princeton.edu
82,arstechnica.com
83,china.com.cn
84,cam.ac.uk
85,foxnews.com
86,uiuc.edu
87,de.vu
88,patch.com
89,pen.io
90,addthis.com
91,topsy.com
92,technorati.com
93,stumbleupon.com
94,bluehost.com
95,google.com.hk
96,techcrunch.com
97,fotki.com
98,php.net
99,purevolume.com
100,a8.net
101,yandex.ru
102,163.com
103,cnn.com
104,qq.com
105,webs.com
106,examiner.com
107,whitehouse.gov
108,mozilla.org
109,gmpg.org
110,nih.gov
111,ameblo.jp
112,smh.com.au
113,elegantthemes.com
114,blog.com
115,webeden.co.uk
116,feedburner.com
117,domainmarket.com
118,yelp.com
119,auda.org.au
120,intel.com
121,hhs.gov
122,mac.com
123,squarespace.com
124,census.gov
125,prnewswire.com
126,slate.com
127,wsj.com
128,yolasite.com
129,taobao.com
130,people.com.cn
131,economist.com
132,myspace.com
133,mlb.com
134,goo.ne.jp
135,quantcast.com
136,nationalgeographic.com
137,ftc.gov
138,t-online.de
139,myspace.com
140,lycos.com
141,cloudflare.com
142,amazon.co.uk
143,posterous.com
144,blogspot.com
145,youtu.be
146,cdbaby.com
147,symantec.com
148,ameblo.jp
149,webs.com
150,wufoo.com
151,prnewswire.com
152,economist.com
153,wikipedia.org
154,seattletimes.com
155,drupal.org
156,usgs.gov
157,cpanel.net
158,bizjournals.com
159,cbslocal.com
160,networksolutions.com
161,nih.gov
162,slate.com
163,nsw.gov.au
164,altervista.org
165,godaddy.com
166,lycos.com
167,phpbb.com
168,princeton.edu
169,sphinn.com
170,imdb.com
171,mtv.com
172,unesco.org
173,senate.gov
174,sphinn.com
175,networksolutions.com
176,php.net
177,salon.com
178,newsvine.com
179,washington.edu
180,woothemes.com
181,ucoz.com
182,topsy.com
183,mozilla.com
184,cmu.edu
185,about.me
186,joomla.org
187,narod.ru
188,xing.com
189,berkeley.edu
190,com.com
191,ocn.ne.jp
192,istockphoto.com
193,digg.com
194,nbcnews.com
195,goodreads.com
196,bloglovin.com
197,harvard.edu
198,springer.com
199,so-net.ne.jp
200,walmart.com
201,linkedin.com
202,oakley.com
203,webs.com
204,ca.gov
205,1und1.de
206,omniture.com
207,unicef.org
208,springer.com
209,zdnet.com
210,yellowpages.com
211,mashable.com
212,mac.com
213,mlb.com
214,pen.io
215,1688.com
216,accuweather.com
217,forbes.com
218,reference.com
219,geocities.com
220,php.net
221,nasa.gov
222,usatoday.com
223,dion.ne.jp
224,wp.com
225,archive.org
226,vkontakte.ru
227,360.cn
228,rambler.ru
229,godaddy.com
230,tmall.com
231,vistaprint.com
232,senate.gov
233,arstechnica.com
234,umich.edu
235,prnewswire.com
236,harvard.edu
237,yellowpages.com
238,163.com
239,cornell.edu
240,google.de
241,github.com
242,addtoany.com
243,apache.org
244,oaic.gov.au
245,paypal.com
246,bbb.org
247,tamu.edu
248,clickbank.net
249,webmd.com
250,webnode.com
251,angelfire.com
252,admin.ch
253,seattletimes.com
254,paypal.com
255,cafepress.com
256,cafepress.com
257,stanford.edu
258,imdb.com
259,goo.gl
260,about.com
261,exblog.jp
262,canalblog.com
263,army.mil
264,unesco.org
265,guardian.co.uk
266,ucla.edu
267,google.nl
268,alexa.com
269,home.pl
270,skyrock.com
271,npr.org
272,posterous.com
273,chicagotribune.com
274,studiopress.com
275,google.com
276,ezinearticles.com
277,google.co.uk
278,jiathis.com
279,so-net.ne.jp
280,aol.com
281,yale.edu
282,discuz.net
283,mysql.com
284,friendfeed.com
285,vk.com
286,delicious.com
287,unblog.fr
288,opera.com
289,woothemes.com
290,washington.edu
291,bloglovin.com
292,alexa.com
293,dot.gov
294,comcast.net
295,youtu.be
296,google.nl
297,newyorker.com
298,furl.net
299,kickstarter.com
300,last.fm
301,diigo.com
302,arizona.edu
303,linkedin.com
304,scientificamerican.com
305,examiner.com
306,taobao.com
307,ucla.edu
308,vistaprint.com
309,addthis.com
310,goodreads.com
311,hc360.com
312,fda.gov
313,github.com
314,discovery.com
315,washingtonpost.com
316,aboutads.info
317,soundcloud.com
318,huffingtonpost.com
319,nsw.gov.au
320,cyberchimps.com
321,goo.gl
322,ovh.net
323,google.cn
324,spiegel.de
325,deliciousdays.com
326,admin.ch
327,sfgate.com
328,nasa.gov
329,ft.com
330,accuweather.com
331,marriott.com
332,1688.com
333,rediff.com
334,networksolutions.com
335,163.com
336,slashdot.org
337,wordpress.org
338,is.gd
339,walmart.com
340,dyndns.org
341,oaic.gov.au
342,ted.com
343,irs.gov
344,example.com
345,so-net.ne.jp
346,cnbc.com
347,slate.com
348,flavors.me
349,nature.com
350,cisco.com
351,eventbrite.com
352,altervista.org
353,ftc.gov
354,eepurl.com
355,noaa.gov
356,time.com
357,yahoo.co.jp
358,last.fm
359,un.org
360,virginia.edu
361,sourceforge.net
362,elegantthemes.com
363,weebly.com
364,mozilla.com
365,hexun.com
366,shareasale.com
367,yandex.ru
368,cafepress.com
369,networksolutions.com
370,ibm.com
371,rediff.com
372,photobucket.com
373,moonfruit.com
374,bloglovin.com
375,com.com
376,360.cn
377,soup.io
378,gov.uk
379,newyorker.com
380,earthlink.net
381,fema.gov
382,walmart.com
383,360.cn
384,networksolutions.com
385,unicef.org
386,ucla.edu
387,unesco.org
388,slashdot.org
389,flavors.me
390,ask.com
391,blogtalkradio.com
392,google.es
393,youku.com
394,de.vu
395,comcast.net
396,shareasale.com
397,irs.gov
398,sogou.com
399,prlog.org
400,ucla.edu
401,multiply.com
402,cisco.com
403,arizona.edu
404,umich.edu
405,upenn.edu
406,gmpg.org
407,kickstarter.com
408,networkadvertising.org
409,telegraph.co.uk
410,indiatimes.com
411,eventbrite.com
412,thetimes.co.uk
413,taobao.com
414,mac.com
415,ed.gov
416,joomla.org
417,disqus.com
418,cisco.com
419,usgs.gov
420,acquirethisname.com
421,gizmodo.com
422,dyndns.org
423,hud.gov
424,slideshare.net
425,ow.ly
426,github.io
427,bbc.co.uk
428,1und1.de
429,bloglines.com
430,cnn.com
431,skyrock.com
432,latimes.com
433,liveinternet.ru
434,about.me
435,apache.org
436,time.com
437,behance.net
438,desdev.cn
439,redcross.org
440,smugmug.com
441,facebook.com
442,who.int
443,gizmodo.com
444,merriam-webster.com
445,qq.com
446,wordpress.org
447,foxnews.com
448,si.edu
449,blogger.com
450,hao123.com
451,microsoft.com
452,walmart.com
453,furl.net
454,google.com
455,issuu.com
456,4shared.com
457,over-blog.com
458,reference.com
459,bloglovin.com
460,flavors.me
461,ning.com
462,simplemachines.org
463,chicagotribune.com
464,wisc.edu
465,mayoclinic.com
466,independent.co.uk
467,nyu.edu
468,wikia.com
469,reference.com
470,smh.com.au
471,gnu.org
472,mashable.com
473,w3.org
474,berkeley.edu
475,biblegateway.com
476,edublogs.org
477,webs.com
478,businessinsider.com
479,unc.edu
480,goo.ne.jp
481,shutterfly.com
482,narod.ru
483,epa.gov
484,mediafire.com
485,house.gov
486,bluehost.com
487,yahoo.com
488,scientificamerican.com
489,theatlantic.com
490,slideshare.net
491,scientificamerican.com
492,oakley.com
493,usatoday.com
494,princeton.edu
495,themeforest.net
496,umich.edu
497,census.gov
498,example.com
499,ebay.com
500,bloglovin.com
501,slate.com
502,gov.uk
503,github.com
504,webnode.com
505,squarespace.com
506,cargocollective.com
507,spotify.com
508,sitemeter.com
509,miitbeian.gov.cn
510,geocities.com
511,taobao.com
512,umn.edu
513,webs.com
514,boston.com
515,bloglovin.com
516,cdc.gov
517,nhs.uk
518,elegantthemes.com
519,cyberchimps.com
520,google.pl
521,mac.com
522,skype.com
523,woothemes.com
524,studiopress.com
525,sbwire.com
526,prweb.com
527,dmoz.org
528,behance.net
529,livejournal.com
530,netvibes.com
531,forbes.com
532,networkadvertising.org
533,bloglines.com
534,nytimes.com
535,discovery.com
536,microsoft.com
537,constantcontact.com
538,squidoo.com
539,japanpost.jp
540,cbsnews.com
541,bravesites.com
542,spotify.com
543,ning.com
544,yahoo.co.jp
545,cornell.edu
546,list-manage.com
547,wp.com
548,phoca.cz
549,mysql.com
550,oracle.com
551,topsy.com
552,sfgate.com
553,youtu.be
554,discovery.com
555,princeton.edu
556,xinhuanet.com
557,trellian.com
558,hatena.ne.jp
559,stumbleupon.com
560,hao123.com
561,miibeian.gov.cn
562,merriam-webster.com
563,hc360.com
564,mysql.com
565,drupal.org
566,uiuc.edu
567,parallels.com
568,homestead.com
569,samsung.com
570,hibu.com
571,abc.net.au
572,wikispaces.com
573,wufoo.com
574,yale.edu
575,bbc.co.uk
576,businessinsider.com
577,npr.org
578,geocities.jp
579,squarespace.com
580,goo.ne.jp
581,microsoft.com
582,shop-pro.jp
583,moonfruit.com
584,photobucket.com
585,goo.ne.jp
586,ox.ac.uk
587,t.co
588,pbs.org
589,a8.net
590,imgur.com
591,bizjournals.com
592,reverbnation.com
593,google.ca
594,youtube.com
595,hp.com
596,mlb.com
597,sbwire.com
598,ucoz.ru
599,vinaora.com
600,ovh.net
601,cdbaby.com
602,tiny.cc
603,yahoo.com
604,sitemeter.com
605,de.vu
606,weibo.com
607,cmu.edu
608,youtu.be
609,wix.com
610,imdb.com
611,angelfire.com
612,youtube.com
613,com.com
614,shutterfly.com
615,hhs.gov
616,nba.com
617,umich.edu
618,facebook.com
619,nhs.uk
620,gmpg.org
621,google.pl
622,gravatar.com
623,sakura.ne.jp
624,weebly.com
625,privacy.gov.au
626,cdbaby.com
627,mail.ru
628,ow.ly
629,uol.com.br
630,weebly.com
631,virginia.edu
632,salon.com
633,umn.edu
634,flavors.me
635,trellian.com
636,army.mil
637,artisteer.com
638,yahoo.com
639,mozilla.org
640,ebay.co.uk
641,chicagotribune.com
642,businessinsider.com
643,mail.ru
644,unc.edu
645,umich.edu
646,ovh.net
647,jugem.jp
648,vimeo.com
649,skype.com
650,w3.org
651,google.com.hk
652,example.com
653,google.it
654,shinystat.com
655,webeden.co.uk
656,ycombinator.com
657,de.vu
658,cpanel.net
659,goo.ne.jp
660,pagesperso-orange.fr
661,cyberchimps.com
662,com.com
663,w3.org
664,reference.com
665,smh.com.au
666,cocolog-nifty.com
667,dailymotion.com
668,etsy.com
669,xrea.com
670,pagesperso-orange.fr
671,theglobeandmail.com
672,sourceforge.net
673,japanpost.jp
674,unesco.org
675,over-blog.com
676,unesco.org
677,studiopress.com
678,senate.gov
679,imdb.com
680,cbslocal.com
681,nasa.gov
682,independent.co.uk
683,weather.com
684,alexa.com
685,mozilla.org
686,fda.gov
687,un.org
688,qq.com
689,acquirethisname.com
690,google.nl
691,hao123.com
692,cdc.gov
693,wp.com
694,cnn.com
695,nbcnews.com
696,jimdo.com
697,shop-pro.jp
698,mapy.cz
699,instagram.com
700,moonfruit.com
701,cdc.gov
702,yolasite.com
703,intel.com
704,yale.edu
705,va.gov
706,patch.com
707,nationalgeographic.com
708,studiopress.com
709,privacy.gov.au
710,apache.org
711,nydailynews.com
712,timesonline.co.uk
713,google.de
714,fc2.com
715,baidu.com
716,xing.com
717,chicagotribune.com
718,is.gd
719,ca.gov
720,cbsnews.com
721,google.com
722,live.com
723,walmart.com
724,hp.com
725,fotki.com
726,hp.com
727,wp.com
728,livejournal.com
729,pagesperso-orange.fr
730,google.com
731,hugedomains.com
732,va.gov
733,paginegialle.it
734,jalbum.net
735,blogger.com
736,bigcartel.com
737,nba.com
738,sciencedaily.com
739,marriott.com
740,theglobeandmail.com
741,discuz.net
742,howstuffworks.com
743,nationalgeographic.com
744,google.fr
745,google.co.jp
746,microsoft.com
747,sina.com.cn
748,theglobeandmail.com
749,accuweather.com
750,tinypic.com
751,joomla.org
752,aol.com
753,about.me
754,prlog.org
755,woothemes.com
756,auda.org.au
757,mashable.com
758,elpais.com
759,amazon.co.uk
760,house.gov
761,facebook.com
762,theguardian.com
763,yolasite.com
764,sourceforge.net
765,house.gov
766,hexun.com
767,chicagotribune.com
768,chron.com
769,privacy.gov.au
770,ocn.ne.jp
771,tmall.com
772,geocities.jp
773,eepurl.com
774,imgur.com
775,deliciousdays.com
776,about.com
777,marriott.com
778,istockphoto.com
779,mtv.com
780,domainmarket.com
781,un.org
782,economist.com
783,kickstarter.com
784,pen.io
785,google.it
786,a8.net
787,uol.com.br
788,taobao.com
789,cbc.ca
790,senate.gov
791,purevolume.com
792,economist.com
793,plala.or.jp
794,blogger.com
795,moonfruit.com
796,craigslist.org
797,amazon.co.jp
798,cargocollective.com
799,themeforest.net
800,nbcnews.com
801,gnu.org
802,mtv.com
803,newyorker.com
804,nydailynews.com
805,uol.com.br
806,npr.org
807,facebook.com
808,huffingtonpost.com
809,joomla.org
810,g.co
811,newyorker.com
812,umich.edu
813,woothemes.com
814,so-net.ne.jp
815,jiathis.com
816,mail.ru
817,wordpress.org
818,feedburner.com
819,cnn.com
820,ft.com
821,fotki.com
822,bloomberg.com
823,woothemes.com
824,topsy.com
825,phpbb.com
826,guardian.co.uk
827,netlog.com
828,wufoo.com
829,dagondesign.com
830,tiny.cc
831,unc.edu
832,behance.net
833,dot.gov
834,tamu.edu
835,businessweek.com
836,hc360.com
837,wsj.com
838,google.com.br
839,alexa.com
840,noaa.gov
841,walmart.com
842,bizjournals.com
843,comsenz.com
844,blogger.com
845,edublogs.org
846,vinaora.com
847,seattletimes.com
848,google.nl
849,scribd.com
850,skype.com
851,reddit.com
852,hugedomains.com
853,tamu.edu
854,scribd.com
855,nsw.gov.au
856,ucsd.edu
857,unicef.org
858,aboutads.info
859,spotify.com
860,feedburner.com
861,reuters.com
862,accuweather.com
863,parallels.com
864,indiegogo.com
865,oracle.com
866,apache.org
867,blog.com
868,blinklist.com
869,macromedia.com
870,foxnews.com
871,hc360.com
872,hud.gov
873,wikia.com
874,time.com
875,furl.net
876,w3.org
877,studiopress.com
878,huffingtonpost.com
879,si.edu
880,mail.ru
881,mozilla.com
882,creativecommons.org
883,dot.gov
884,hud.gov
885,google.ca
886,privacy.gov.au
887,webmd.com
888,weather.com
889,acquirethisname.com
890,bandcamp.com
891,gov.uk
892,reference.com
893,nhs.uk
894,scientificamerican.com
895,army.mil
896,pbs.org
897,marketwatch.com
898,drupal.org
899,amazon.de
900,dell.com
901,europa.eu
902,biblegateway.com
903,reuters.com
904,ifeng.com
905,timesonline.co.uk
906,yellowpages.com
907,mapy.cz
908,china.com.cn
909,wiley.com
910,bbc.co.uk
911,addthis.com
912,ucsd.edu
913,whitehouse.gov
914,privacy.gov.au
915,yellowbook.com
916,ibm.com
917,tmall.com
918,va.gov
919,so-net.ne.jp
920,cnn.com
921,unicef.org
922,flickr.com
923,senate.gov
924,slideshare.net
925,youtu.be
926,msn.com
927,aboutads.info
928,cisco.com
929,businesswire.com
930,tamu.edu
931,utexas.edu
932,elegantthemes.com
933,army.mil
934,narod.ru
935,wisc.edu
936,pinterest.com
937,usnews.com
938,smh.com.au
939,soup.io
940,rediff.com
941,apache.org
942,sina.com.cn
943,yale.edu
944,devhub.com
945,sphinn.com
946,zimbio.com
947,dedecms.com
948,reverbnation.com
949,marriott.com
950,theatlantic.com
951,upenn.edu
952,boston.com
953,bloomberg.com
954,shutterfly.com
955,bbc.co.uk
956,constantcontact.com
957,cnet.com
958,nbcnews.com
959,rambler.ru
960,google.ca
961,ftc.gov
962,hatena.ne.jp
963,google.com.br
964,jugem.jp
965,woothemes.com
966,bloomberg.com
967,arizona.edu
968,soundcloud.com
969,soup.io
970,loc.gov
971,vkontakte.ru
972,fda.gov
973,va.gov
974,ucsd.edu
975,trellian.com
976,google.co.uk
977,com.com
978,redcross.org
979,epa.gov
980,paypal.com
981,blogger.com
982,google.cn
983,mtv.com
984,seattletimes.com
985,google.com.au
986,wikispaces.com
987,unblog.fr
988,networkadvertising.org
989,nhs.uk
990,gizmodo.com
991,unblog.fr
992,google.cn
993,princeton.edu
994,nymag.com
995,sbwire.com
996,cargocollective.com
997,omniture.com
998,histats.com
999,gmpg.org
1000,nyu.edu
1001,cdc.gov
1002,home.pl
1003,elpais.com
1004,tmall.com
1005,wp.com
1006,newsvine.com
1007,ucsd.edu
1008,businessweek.com
1009,hhs.gov
1010,lulu.com
1011,telegraph.co.uk
1012,nasa.gov
1013,twitter.com
1014,fda.gov
1015,dedecms.com
1016,1und1.de
1017,constantcontact.com
1018,vk.com
1019,deliciousdays.com
1020,bizjournals.com
1021,boston.com
1022,booking.com
1023,squidoo.com
1024,gmpg.org
1025,europa.eu
1026,oakley.com
1027,digg.com
1028,miitbeian.gov.cn
1029,netscape.com
1030,plala.or.jp
1031,howstuffworks.com
1032,eventbrite.com
1033,dailymail.co.uk
1034,archive.org
1035,mlb.com
1036,omniture.com
1037,umn.edu
1038,example.com
1039,163.com
1040,marketwatch.com
1041,techcrunch.com
1042,1688.com
1043,printfriendly.com
1044,oracle.com
1045,hc360.com
1046,npr.org
1047,sun.com
1048,google.co.uk
1049,creativecommons.org
1050,cyberchimps.com
1051,cornell.edu
1052,census.gov
1053,lycos.com
1054,dailymail.co.uk
1055,quantcast.com
1056,twitpic.com
1057,nydailynews.com
1058,icio.us
1059,ning.com
1060,example.com
1061,constantcontact.com
1062,jalbum.net
1063,pen.io
1064,bbc.co.uk
1065,icio.us
1066,ibm.com
1067,github.io
1068,msu.edu
1069,shop-pro.jp
1070,freewebs.com
1071,cocolog-nifty.com
1072,google.pl
1073,histats.com
1074,cmu.edu
1075,odnoklassniki.ru
1076,kickstarter.com
1077,etsy.com
1078,twitpic.com
1079,jugem.jp
1080,imageshack.us
1081,gnu.org
1082,thetimes.co.uk
1083,github.com
1084,opensource.org
1085,cnbc.com
1086,disqus.com
1087,blinklist.com
1088,bizjournals.com
1089,gizmodo.com
1090,gravatar.com
1091,dailymail.co.uk
1092,biglobe.ne.jp
1093,liveinternet.ru
1094,theguardian.com
1095,examiner.com
1096,w3.org
1097,twitter.com
1098,nbcnews.com
1099,phpbb.com
1100,theglobeandmail.com
1101,dyndns.org
1102,qq.com
1103,webnode.com
1104,drupal.org
1105,ask.com
1106,soup.io
1107,thetimes.co.uk
1108,goodreads.com
1109,artisteer.com
1110,yolasite.com
1111,theatlantic.com
1112,nbcnews.com
1113,un.org
1114,tiny.cc
1115,bravesites.com
1116,cbslocal.com
1117,redcross.org
1118,berkeley.edu
1119,sfgate.com
1120,hc360.com
1121,princeton.edu
1122,photobucket.com
1123,dedecms.com
1124,amazonaws.com
1125,altervista.org
1126,spiegel.de
1127,house.gov
1128,xrea.com
1129,columbia.edu
1130,wordpress.org
1131,sogou.com
1132,paginegialle.it
1133,flavors.me
1134,jugem.jp
1135,netscape.com
1136,unc.edu
1137,ucoz.com
1138,feedburner.com
1139,mit.edu
1140,yahoo.com
1141,marriott.com
1142,moonfruit.com
1143,noaa.gov
1144,creativecommons.org
1145,scribd.com
1146,ucsd.edu
1147,issuu.com
1148,gizmodo.com
1149,wordpress.org
1150,msu.edu
1151,buzzfeed.com
1152,businessinsider.com
1153,gov.uk
1154,reuters.com
1155,engadget.com
1156,cargocollective.com
1157,salon.com
1158,istockphoto.com
1159,hp.com
1160,china.com.cn
1161,miibeian.gov.cn
1162,loc.gov
1163,hubpages.com
1164,epa.gov
1165,weather.com
1166,fema.gov
1167,hud.gov
1168,ycombinator.com
1169,shareasale.com
1170,dailymail.co.uk
1171,bloglines.com
1172,ted.com
1173,sourceforge.net
1174,reddit.com
1175,dell.com
1176,imageshack.us
1177,aboutads.info
1178,lycos.com
1179,cisco.com
1180,reverbnation.com
1181,ca.gov
1182,usgs.gov
1183,phpbb.com
1184,cpanel.net
1185,engadget.com
1186,ehow.com
1187,scientificamerican.com
1188,themeforest.net
1189,usda.gov
1190,mozilla.org
1191,so-net.ne.jp
1192,oakley.com
1193,smugmug.com
1194,scientificamerican.com
1195,nytimes.com
1196,ustream.tv
1197,51.la
1198,vinaora.com
1199,webs.com
1200,mapquest.com
1201,facebook.com
1202,cbslocal.com
1203,wiley.com
1204,skype.com
1205,arizona.edu
1206,constantcontact.com
1207,over-blog.com
1208,cdc.gov
1209,example.com
1210,ask.com
1211,newsvine.com
1212,unc.edu
1213,wiley.com
1214,yelp.com
1215,purevolume.com
1216,amazon.de
1217,google.co.uk
1218,blogs.com
1219,go.com
1220,yahoo.com
1221,constantcontact.com
1222,vinaora.com
1223,harvard.edu
1224,linkedin.com
1225,123-reg.co.uk
1226,jalbum.net
1227,miibeian.gov.cn
1228,liveinternet.ru
1229,g.co
1230,cloudflare.com
1231,washingtonpost.com
1232,networkadvertising.org
1233,washington.edu
1234,ebay.co.uk
1235,bbc.co.uk
1236,surveymonkey.com
1237,tripod.com
1238,stanford.edu
1239,cmu.edu
1240,cbc.ca
1241,gizmodo.com
1242,bluehost.com
1243,taobao.com
1244,apache.org
1245,nationalgeographic.com
1246,cbc.ca
1247,dot.gov
1248,jiathis.com
1249,jalbum.net
1250,jiathis.com
1251,tumblr.com
1252,ocn.ne.jp
1253,redcross.org
1254,google.co.jp
1255,irs.gov
1256,ifeng.com
1257,youtu.be
1258,netlog.com
1259,oaic.gov.au
1260,slate.com
1261,wix.com
1262,msu.edu
1263,behance.net
1264,jugem.jp
1265,amazon.com
1266,foxnews.com
1267,pinterest.com
1268,google.com.br
1269,digg.com
1270,unc.edu
1271,cisco.com
1272,wordpress.org
1273,foxnews.com
1274,twitpic.com
1275,php.net
1276,bizjournals.com
1277,infoseek.co.jp
1278,drupal.org
1279,salon.com
1280,blogs.com
1281,ca.gov
1282,cdbaby.com
1283,abc.net.au
1284,timesonline.co.uk
1285,sun.com
1286,dmoz.org
1287,jiathis.com
1288,globo.com
1289,ucoz.ru
1290,drupal.org
1291,paypal.com
1292,chronoengine.com
1293,miitbeian.gov.cn
1294,howstuffworks.com
1295,newsvine.com
1296,google.ca
1297,netlog.com
1298,pbs.org
1299,nba.com
1300,sciencedirect.com
1301,slashdot.org
1302,ycombinator.com
1303,blogs.com
1304,skype.com
1305,weebly.com
1306,cnet.com
1307,free.fr
1308,npr.org
1309,ibm.com
1310,indiatimes.com
1311,github.io
1312,yahoo.com
1313,businessweek.com
1314,tmall.com
1315,mozilla.org
1316,freewebs.com
1317,instagram.com
1318,cafepress.com
1319,artisteer.com
1320,paginegialle.it
1321,friendfeed.com
1322,yale.edu
1323,ca.gov
1324,amazon.de
1325,nba.com
1326,multiply.com
1327,omniture.com
1328,acquirethisname.com
1329,soup.io
1330,bigcartel.com
1331,disqus.com
1332,constantcontact.com
1333,pbs.org
1334,purevolume.com
1335,4shared.com
1336,cdbaby.com
1337,hibu.com
1338,seesaa.net
1339,census.gov
1340,printfriendly.com
1341,skyrock.com
1342,sogou.com
1343,cyberchimps.com
1344,engadget.com
1345,goo.ne.jp
1346,woothemes.com
1347,ucsd.edu
1348,people.com.cn
1349,ocn.ne.jp
1350,arstechnica.com
1351,eepurl.com
1352,washingtonpost.com
1353,wikia.com
1354,cloudflare.com
1355,yahoo.com
1356,over-blog.com
1357,un.org
1358,4shared.com
1359,google.pl
1360,wikipedia.org
1361,ibm.com
1362,sourceforge.net
1363,timesonline.co.uk
1364,mozilla.com
1365,springer.com
1366,shareasale.com
1367,ning.com
1368,lycos.com
1369,discovery.com
1370,dagondesign.com
1371,51.la
1372,github.io
1373,businesswire.com
1374,bloglovin.com
1375,jalbum.net
1376,bloglovin.com
1377,cloudflare.com
1378,sohu.com
1379,google.co.uk
1380,home.pl
1381,jalbum.net
1382,live.com
1383,msu.edu
1384,wikia.com
1385,omniture.com
1386,un.org
1387,microsoft.com
1388,china.com.cn
1389,e-recht24.de
1390,skype.com
1391,reuters.com
1392,smugmug.com
1393,yellowbook.com
1394,tiny.cc
1395,salon.com
1396,irs.gov
1397,admin.ch
1398,linkedin.com
1399,wunderground.com
1400,hibu.com
1401,youku.com
1402,hao123.com
1403,ca.gov
1404,sohu.com
1405,cisco.com
1406,homestead.com
1407,who.int
1408,wp.com
1409,g.co
1410,sun.com
1411,chicagotribune.com
1412,slate.com
1413,dell.com
1414,360.cn
1415,cdc.gov
1416,bbc.co.uk
1417,rediff.com
1418,google.ca
1419,discuz.net
1420,homestead.com
1421,cbc.ca
1422,cargocollective.com
1423,mtv.com
1424,imdb.com
1425,delicious.com
1426,slate.com
1427,hatena.ne.jp
1428,scientificamerican.com
1429,etsy.com
1430,whitehouse.gov
1431,printfriendly.com
1432,studiopress.com
1433,amazonaws.com
1434,unblog.fr
1435,timesonline.co.uk
1436,youtube.com
1437,spotify.com
1438,ucla.edu
1439,vk.com
1440,pbs.org
1441,soup.io
1442,technorati.com
1443,istockphoto.com
1444,liveinternet.ru
1445,tripod.com
1446,seattletimes.com
1447,51.la
1448,vinaora.com
1449,unesco.org
1450,joomla.org
1451,spiegel.de
1452,army.mil
1453,spotify.com
1454,shareasale.com
1455,ning.com
1456,marriott.com
1457,chicagotribune.com
1458,huffingtonpost.com
1459,mlb.com
1460,netscape.com
1461,eepurl.com
1462,cnn.com
1463,ucsd.edu
1464,meetup.com
1465,ed.gov
1466,nytimes.com
1467,jigsy.com
1468,i2i.jp
1469,harvard.edu
1470,cocolog-nifty.com
1471,flickr.com
1472,trellian.com
1473,i2i.jp
1474,army.mil
1475,samsung.com
1476,tiny.cc
1477,purevolume.com
1478,addthis.com
1479,privacy.gov.au
1480,hp.com
1481,tripadvisor.com
1482,dell.com
1483,eventbrite.com
1484,who.int
1485,trellian.com
1486,dion.ne.jp
1487,bravesites.com
1488,barnesandnoble.com
1489,clickbank.net
1490,usa.gov
1491,instagram.com
1492,ibm.com
1493,cyberchimps.com
1494,ted.com
1495,answers.com
1496,reference.com
1497,cnbc.com
1498,wufoo.com
1499,msu.edu
1500,vinaora.com
1501,netvibes.com
1502,ft.com
1503,tripadvisor.com
1504,rakuten.co.jp
1505,ameblo.jp
1506,xrea.com
1507,biglobe.ne.jp
1508,yale.edu
1509,infoseek.co.jp
1510,yahoo.co.jp
1511,fc2.com
1512,salon.com
1513,telegraph.co.uk
1514,who.int
1515,altervista.org
1516,senate.gov
1517,columbia.edu
1518,globo.com
1519,topsy.com
1520,plala.or.jp
1521,geocities.com
1522,narod.ru
1523,epa.gov
1524,paypal.com
1525,sfgate.com
1526,dyndns.org
1527,smh.com.au
1528,google.cn
1529,godaddy.com
1530,artisteer.com
1531,about.me
1532,salon.com
1533,yolasite.com
1534,istockphoto.com
1535,hibu.com
1536,economist.com
1537,google.co.jp
1538,vk.com
1539,4shared.com
1540,foxnews.com
1541,earthlink.net
1542,columbia.edu
1543,wikispaces.com
1544,sciencedaily.com
1545,mit.edu
1546,nsw.gov.au
1547,w3.org
1548,cdbaby.com
1549,google.nl
1550,gov.uk
1551,psu.edu
1552,drupal.org
1553,nationalgeographic.com
1554,creativecommons.org
1555,irs.gov
1556,paypal.com
1557,bizjournals.com
1558,live.com
1559,foxnews.com
1560,friendfeed.com
1561,diigo.com
1562,deliciousdays.com
1563,examiner.com
1564,nba.com
1565,nydailynews.com
1566,youku.com
1567,blogs.com
1568,cdbaby.com
1569,constantcontact.com
1570,360.cn
1571,wix.com
1572,sun.com
1573,comsenz.com
1574,accuweather.com
1575,jalbum.net
1576,independent.co.uk
1577,yellowpages.com
1578,whitehouse.gov
1579,wikimedia.org
1580,whitehouse.gov
1581,blogger.com
1582,dagondesign.com
1583,imageshack.us
1584,plala.or.jp
1585,disqus.com
1586,netscape.com
1587,com.com
1588,jalbum.net
1589,netlog.com
1590,google.nl
1591,unicef.org
1592,paypal.com
1593,cocolog-nifty.com
1594,unc.edu
1595,godaddy.com
1596,auda.org.au
1597,vk.com
1598,fotki.com
1599,jalbum.net
1600,deliciousdays.com
1601,csmonitor.com
1602,tumblr.com
1603,elegantthemes.com
1604,slate.com
1605,mac.com
1606,narod.ru
1607,mlb.com
1608,trellian.com
1609,home.pl
1610,ebay.com
1611,mediafire.com
1612,yelp.com
1613,si.edu
1614,hud.gov
1615,wix.com
1616,mediafire.com
1617,indiatimes.com
1618,google.nl
1619,irs.gov
1620,fc2.com
1621,craigslist.org
1622,netscape.com
1623,paypal.com
1624,geocities.com
1625,cisco.com
1626,ustream.tv
1627,oracle.com
1628,newsvine.com
1629,surveymonkey.com
1630,amazon.co.jp
1631,dedecms.com
1632,accuweather.com
1633,go.com
1634,hud.gov
1635,booking.com
1636,indiegogo.com
1637,senate.gov
1638,mail.ru
1639,shinystat.com
1640,hubpages.com
1641,fotki.com
1642,uiuc.edu
1643,360.cn
1644,tmall.com
1645,chicagotribune.com
1646,zdnet.com
1647,amazon.co.uk
1648,cyberchimps.com
1649,usatoday.com
1650,sakura.ne.jp
1651,house.gov
1652,ibm.com
1653,archive.org
1654,dagondesign.com
1655,cisco.com
1656,pinterest.com
1657,huffingtonpost.com
1658,youku.com
1659,whitehouse.gov
1660,salon.com
1661,cargocollective.com
1662,go.com
1663,sakura.ne.jp
1664,google.com.hk
1665,wufoo.com
1666,wufoo.com
1667,wunderground.com
1668,oakley.com
1669,mysql.com
1670,quantcast.com
1671,over-blog.com
1672,tamu.edu
1673,rakuten.co.jp
1674,quantcast.com
1675,house.gov
1676,naver.com
1677,altervista.org
1678,nymag.com
1679,plala.or.jp
1680,nhs.uk
1681,blinklist.com
1682,pen.io
1683,earthlink.net
1684,merriam-webster.com
1685,mediafire.com
1686,ehow.com
1687,un.org
1688,live.com
1689,guardian.co.uk
1690,themeforest.net
1691,epa.gov
1692,europa.eu
1693,youku.com
1694,blogspot.com
1695,pbs.org
1696,jigsy.com
1697,cbc.ca
1698,yellowpages.com
1699,phoca.cz
1700,rakuten.co.jp
1701,t-online.de
1702,globo.com
1703,flickr.com
1704,google.co.uk
1705,ocn.ne.jp
1706,icq.com
1707,prweb.com
1708,narod.ru
1709,hao123.com
1710,newsvine.com
1711,istockphoto.com
1712,fastcompany.com
1713,topsy.com
1714,salon.com
1715,merriam-webster.com
1716,zdnet.com
1717,google.es
1718,about.me
1719,1688.com
1720,godaddy.com
1721,last.fm
1722,ehow.com
1723,biblegateway.com
1724,timesonline.co.uk
1725,godaddy.com
1726,twitter.com
1727,twitter.com
1728,g.co
1729,goo.gl
1730,europa.eu
1731,timesonline.co.uk
1732,mozilla.org
1733,bloglovin.com
1734,tiny.cc
1735,privacy.gov.au
1736,walmart.com
1737,adobe.com
1738,ovh.net
1739,123-reg.co.uk
1740,blog.com
1741,merriam-webster.com
1742,hp.com
1743,princeton.edu
1744,constantcontact.com
1745,thetimes.co.uk
1746,php.net
1747,desdev.cn
1748,sfgate.com
1749,mapy.cz
1750,blinklist.com
1751,sbwire.com
1752,ox.ac.uk
1753,ucla.edu
1754,shutterfly.com
1755,live.com
1756,wikimedia.org
1757,devhub.com
1758,businesswire.com
1759,tripod.com
1760,thetimes.co.uk
1761,army.mil
1762,blinklist.com
1763,omniture.com
1764,dmoz.org
1765,noaa.gov
1766,jiathis.com
1767,howstuffworks.com
1768,tripadvisor.com
1769,github.io
1770,altervista.org
1771,nba.com
1772,bloglovin.com
1773,cnn.com
1774,tripadvisor.com
1775,omniture.com
1776,blogs.com
1777,forbes.com
1778,census.gov
1779,time.com
1780,go.com
1781,weibo.com
1782,youku.com
1783,ibm.com
1784,digg.com
1785,zdnet.com
1786,yelp.com
1787,craigslist.org
1788,bloglines.com
1789,cmu.edu
1790,pbs.org
1791,tmall.com
1792,fotki.com
1793,sourceforge.net
1794,istockphoto.com
1795,sbwire.com
1796,mysql.com
1797,vinaora.com
1798,mapy.cz
1799,redcross.org
1800,indiegogo.com
1801,goo.gl
1802,symantec.com
1803,timesonline.co.uk
1804,google.com.hk
1805,loc.gov
1806,timesonline.co.uk
1807,technorati.com
1808,multiply.com
1809,salon.com
1810,china.com.cn
1811,chronoengine.com
1812,mozilla.org
1813,nydailynews.com
1814,techcrunch.com
1815,mit.edu
1816,seesaa.net
1817,eepurl.com
1818,liveinternet.ru
1819,bluehost.com
1820,unesco.org
1821,usnews.com
1822,discuz.net
1823,webeden.co.uk
1824,issuu.com
1825,so-net.ne.jp
1826,goo.gl
1827,psu.edu
1828,amazon.co.jp
1829,telegraph.co.uk
1830,cargocollective.com
1831,acquirethisname.com
1832,macromedia.com
1833,icio.us
1834,youtu.be
1835,slashdot.org
1836,topsy.com
1837,naver.com
1838,fema.gov
1839,bandcamp.com
1840,guardian.co.uk
1841,ezinearticles.com
1842,unesco.org
1843,gmpg.org
1844,meetup.com
1845,icq.com
1846,youtu.be
1847,a8.net
1848,dagondesign.com
1849,yolasite.com
1850,miitbeian.gov.cn
1851,theglobeandmail.com
1852,marriott.com
1853,icq.com
1854,auda.org.au
1855,behance.net
1856,php.net
1857,icio.us
1858,bloglovin.com
1859,cbslocal.com
1860,senate.gov
1861,fc2.com
1862,kickstarter.com
1863,studiopress.com
1864,go.com
1865,opera.com
1866,goodreads.com
1867,scribd.com
1868,buzzfeed.com
1869,sphinn.com
1870,nbcnews.com
1871,quantcast.com
1872,tripod.com
1873,e-recht24.de
1874,adobe.com
1875,skype.com
1876,army.mil
1877,ehow.com
1878,behance.net
1879,yelp.com
1880,whitehouse.gov
1881,arizona.edu
1882,craigslist.org
1883,soundcloud.com
1884,zimbio.com
1885,vistaprint.com
1886,rambler.ru
1887,about.me
1888,csmonitor.com
1889,mlb.com
1890,microsoft.com
1891,clickbank.net
1892,usda.gov
1893,cloudflare.com
1894,ning.com
1895,lulu.com
1896,usatoday.com
1897,yandex.ru
1898,163.com
1899,cnet.com
1900,yellowbook.com
1901,businessinsider.com
1902,gov.uk
1903,prweb.com
1904,nps.gov
1905,surveymonkey.com
1906,miibeian.gov.cn
1907,furl.net
1908,elpais.com
1909,sbwire.com
1910,uiuc.edu
1911,amazon.de
1912,yale.edu
1913,myspace.com
1914,ucoz.com
1915,friendfeed.com
1916,lulu.com
1917,youtu.be
1918,issuu.com
1919,kickstarter.com
1920,msu.edu
1921,lulu.com
1922,newyorker.com
1923,unblog.fr
1924,sitemeter.com
1925,hao123.com
1926,about.com
1927,zimbio.com
1928,twitpic.com
1929,deliciousdays.com
1930,xinhuanet.com
1931,zdnet.com
1932,symantec.com
1933,quantcast.com
1934,prweb.com
1935,guardian.co.uk
1936,exblog.jp
1937,drupal.org
1938,noaa.gov
1939,live.com
1940,simplemachines.org
1941,army.mil
1942,unicef.org
1943,digg.com
1944,mtv.com
1945,state.gov
1946,ihg.com
1947,ibm.com
1948,mediafire.com
1949,nbcnews.com
1950,51.la
1951,accuweather.com
1952,delicious.com
1953,mayoclinic.com
1954,yandex.ru
1955,infoseek.co.jp
1956,diigo.com
1957,biglobe.ne.jp
1958,seattletimes.com
1959,businessweek.com
1960,cloudflare.com
1961,tuttocitta.it
1962,boston.com
1963,berkeley.edu
1964,i2i.jp
1965,pen.io
1966,vkontakte.ru
1967,youtu.be
1968,un.org
1969,usgs.gov
1970,gnu.org
1971,geocities.com
1972,squidoo.com
1973,blog.com
1974,washingtonpost.com
1975,meetup.com
1976,webmd.com
1977,scientificamerican.com
1978,utexas.edu
1979,i2i.jp
1980,goo.ne.jp
1981,blinklist.com
1982,squarespace.com
1983,sogou.com
1984,constantcontact.com
1985,jalbum.net
1986,slideshare.net
1987,ning.com
1988,quantcast.com
1989,ask.com
1990,archive.org
1991,hibu.com
1992,goodreads.com
1993,goo.gl
1994,amazon.co.uk
1995,disqus.com
1996,ted.com
1997,ow.ly
1998,icio.us
1999,tripadvisor.com
2000,altervista.org
2001,xing.com
2002,twitter.com
2003,sourceforge.net
2004,trellian.com
2005,symantec.com
2006,independent.co.uk
2007,hexun.com
2008,virginia.edu
2009,vinaora.com
2010,newyorker.com
2011,mapquest.com
2012,slashdot.org
2013,dot.gov
2014,barnesandnoble.com
2015,salon.com
2016,blog.com
2017,reference.com
2018,google.cn
2019,about.me
2020,goodreads.com
2021,msu.edu
2022,epa.gov
2023,bigcartel.com
2024,netscape.com
2025,ftc.gov
2026,ibm.com
2027,acquirethisname.com
2028,ihg.com
2029,springer.com
2030,oaic.gov.au
2031,goodreads.com
2032,myspace.com
2033,illinois.edu
2034,umich.edu
2035,vinaora.com
2036,jigsy.com
2037,netscape.com
2038,china.com.cn
2039,webnode.com
2040,google.es
2041,usnews.com
2042,google.de
2043,wired.com
2044,blogspot.com
2045,edublogs.org
2046,diigo.com
2047,uol.com.br
2048,imdb.com
2049,plala.or.jp
2050,cdbaby.com
2051,godaddy.com
2052,umich.edu
2053,bloglines.com
2054,example.com
2055,purevolume.com
2056,go.com
2057,topsy.com
2058,dailymail.co.uk
2059,dedecms.com
2060,ft.com
2061,discuz.net
2062,dailymotion.com
2063,sciencedirect.com
2064,unicef.org
2065,prlog.org
2066,skyrock.com
2067,cbsnews.com
2068,berkeley.edu
2069,surveymonkey.com
2070,vinaora.com
2071,1und1.de
2072,homestead.com
2073,blogger.com
2074,gravatar.com
2075,gmpg.org
2076,nhs.uk
2077,people.com.cn
2078,1und1.de
2079,sohu.com
2080,bluehost.com
2081,bbc.co.uk
2082,ox.ac.uk
2083,marriott.com
2084,nymag.com
2085,google.cn
2086,tamu.edu
2087,bandcamp.com
2088,behance.net
2089,shinystat.com
2090,fda.gov
2091,who.int
2092,statcounter.com
2093,mozilla.org
2094,scribd.com
2095,spiegel.de
2096,gizmodo.com
2097,surveymonkey.com
2098,over-blog.com
2099,intel.com
2100,bbc.co.uk
2101,state.tx.us
2102,vimeo.com
2103,stumbleupon.com
2104,shinystat.com
2105,canalblog.com
2106,scientificamerican.com
2107,digg.com
2108,ucla.edu
2109,jiathis.com
2110,xing.com
2111,virginia.edu
2112,bravesites.com
2113,goodreads.com
2114,zimbio.com
2115,about.me
2116,addthis.com
2117,example.com
2118,wikimedia.org
2119,vkontakte.ru
2120,behance.net
2121,about.me
2122,digg.com
2123,sun.com
2124,altervista.org
2125,oracle.com
2126,dot.gov
2127,cmu.edu
2128,csmonitor.com
2129,spotify.com
2130,cornell.edu
2131,prnewswire.com
2132,indiatimes.com
2133,last.fm
2134,example.com
2135,noaa.gov
2136,google.nl
2137,tinyurl.com
2138,google.es
2139,howstuffworks.com
2140,cafepress.com
2141,unblog.fr
2142,shop-pro.jp
2143,nbcnews.com
2144,shutterfly.com
2145,qq.com
2146,last.fm
2147,biglobe.ne.jp
2148,buzzfeed.com
2149,goo.ne.jp
2150,com.com
2151,timesonline.co.uk
2152,mapquest.com
2153,g.co
2154,usatoday.com
2155,cmu.edu
2156,furl.net
2157,toplist.cz
2158,cam.ac.uk
2159,ox.ac.uk
2160,t-online.de
2161,opera.com
2162,google.ca
2163,ameblo.jp
2164,wikimedia.org
2165,narod.ru
2166,cam.ac.uk
2167,mapy.cz
2168,gmpg.org
2169,photobucket.com
2170,mail.ru
2171,bbc.co.uk
2172,spiegel.de
2173,dot.gov
2174,weebly.com
2175,vistaprint.com
2176,smugmug.com
2177,biglobe.ne.jp
2178,usa.gov
2179,vimeo.com
2180,cloudflare.com
2181,foxnews.com
2182,blogs.com
2183,mapquest.com
2184,telegraph.co.uk
2185,adobe.com
2186,hexun.com
2187,cpanel.net
2188,free.fr
2189,jimdo.com
2190,nationalgeographic.com
2191,bing.com
2192,youtube.com
2193,slashdot.org
2194,wp.com
2195,arizona.edu
2196,java.com
2197,odnoklassniki.ru
2198,cpanel.net
2199,cafepress.com
2200,newyorker.com
2201,hao123.com
2202,ezinearticles.com
2203,sina.com.cn
2204,ox.ac.uk
2205,mashable.com
2206,domainmarket.com
2207,earthlink.net
2208,latimes.com
2209,cargocollective.com
2210,cocolog-nifty.com
2211,rakuten.co.jp
2212,ucoz.com
2213,behance.net
2214,comcast.net
2215,umich.edu
2216,merriam-webster.com
2217,google.ru
2218,e-recht24.de
2219,youtube.com
2220,zdnet.com
2221,sfgate.com
2222,economist.com
2223,stanford.edu
2224,soup.io
2225,cbsnews.com
2226,lulu.com
2227,unesco.org
2228,stanford.edu
2229,wix.com
2230,symantec.com
2231,biblegateway.com
2232,merriam-webster.com
2233,arstechnica.com
2234,yahoo.co.jp
2235,theglobeandmail.com
2236,nsw.gov.au
2237,redcross.org
2238,scribd.com
2239,t-online.de
2240,chicagotribune.com
2241,storify.com
2242,ucoz.com
2243,naver.com
2244,japanpost.jp
2245,mozilla.org
2246,opera.com
2247,theguardian.com
2248,ucoz.com
2249,clickbank.net
2250,blinklist.com
2251,dmoz.org
2252,webs.com
2253,time.com
2254,cbc.ca
2255,instagram.com
2256,joomla.org
2257,unesco.org
2258,usda.gov
2259,craigslist.org
2260,meetup.com
2261,hc360.com
2262,g.co
2263,tripod.com
2264,pcworld.com
2265,google.ca
2266,purevolume.com
2267,omniture.com
2268,bravesites.com
2269,google.com
2270,flickr.com
2271,nsw.gov.au
2272,cnn.com
2273,princeton.edu
2274,pinterest.com
2275,twitpic.com
2276,tamu.edu
2277,bloomberg.com
2278,stanford.edu
2279,foxnews.com
2280,so-net.ne.jp
2281,ft.com
2282,51.la
2283,arstechnica.com
2284,weebly.com
2285,un.org
2286,simplemachines.org
2287,mit.edu
2288,plala.or.jp
2289,engadget.com
2290,xing.com
2291,icq.com
2292,webnode.com
2293,noaa.gov
2294,blogs.com
2295,dedecms.com
2296,weebly.com
2297,ucoz.ru
2298,hhs.gov
2299,alexa.com
2300,noaa.gov
2301,infoseek.co.jp
2302,senate.gov
2303,msu.edu
2304,123-reg.co.uk
2305,ucoz.com
2306,bbb.org
2307,people.com.cn
2308,mozilla.org
2309,g.co
2310,over-blog.com
2311,moonfruit.com
2312,360.cn
2313,mapy.cz
2314,sourceforge.net
2315,prlog.org
2316,webeden.co.uk
2317,qq.com
2318,alibaba.com
2319,nymag.com
2320,imageshack.us
2321,tripadvisor.com
2322,wikipedia.org
2323,tripadvisor.com
2324,barnesandnoble.com
2325,sina.com.cn
2326,spiegel.de
2327,themeforest.net
2328,macromedia.com
2329,canalblog.com
2330,google.es
2331,mediafire.com
2332,networkadvertising.org
2333,toplist.cz
2334,columbia.edu
2335,cnet.com
2336,google.de
2337,hhs.gov
2338,booking.com
2339,blog.com
2340,mozilla.org
2341,dion.ne.jp
2342,sohu.com
2343,canalblog.com
2344,skype.com
2345,unesco.org
2346,edublogs.org
2347,forbes.com
2348,nasa.gov
2349,techcrunch.com
2350,apache.org
2351,drupal.org
2352,mapquest.com
2353,prweb.com
2354,ox.ac.uk
2355,shop-pro.jp
2356,google.it
2357,seattletimes.com
2358,blogs.com
2359,ted.com
2360,statcounter.com
2361,shop-pro.jp
2362,tumblr.com
2363,symantec.com
2364,ask.com
2365,cisco.com
2366,reuters.com
2367,lulu.com
2368,mit.edu
2369,salon.com
2370,economist.com
2371,spotify.com
2372,indiatimes.com
2373,youtube.com
2374,spotify.com
2375,berkeley.edu
2376,live.com
2377,vimeo.com
2378,51.la
2379,paginegialle.it
2380,columbia.edu
2381,answers.com
2382,theatlantic.com
2383,uiuc.edu
2384,google.ru
2385,discovery.com
2386,java.com
2387,friendfeed.com
2388,chron.com
2389,php.net
2390,seesaa.net
2391,blinklist.com
2392,youtu.be
2393,msu.edu
2394,dagondesign.com
2395,cisco.com
2396,acquirethisname.com
2397,e-recht24.de
2398,google.it
2399,mozilla.com
2400,google.com.au
2401,163.com
2402,parallels.com
2403,alexa.com
2404,liveinternet.ru
2405,youtu.be
2406,facebook.com
2407,nbcnews.com
2408,businesswire.com
2409,apple.com
2410,thetimes.co.uk
2411,deviantart.com
2412,youku.com
2413,guardian.co.uk
2414,over-blog.com
2415,jalbum.net
2416,geocities.com
2417,google.com.hk
2418,plala.or.jp
2419,ustream.tv
2420,geocities.jp
2421,netscape.com
2422,ycombinator.com
2423,wikispaces.com
2424,slashdot.org
2425,squidoo.com
2426,dot.gov
2427,netlog.com
2428,springer.com
2429,psu.edu
2430,naver.com
2431,mashable.com
2432,elpais.com
2433,joomla.org
2434,dmoz.org
2435,theglobeandmail.com
2436,adobe.com
2437,cyberchimps.com
2438,drupal.org
2439,msn.com
2440,freewebs.com
2441,si.edu
2442,gnu.org
2443,europa.eu
2444,desdev.cn
2445,meetup.com
2446,wikimedia.org
2447,slate.com
2448,wunderground.com
2449,etsy.com
2450,alexa.com
2451,acquirethisname.com
2452,boston.com
2453,seattletimes.com
2454,rakuten.co.jp
2455,google.nl
2456,princeton.edu
2457,mozilla.com
2458,eventbrite.com
2459,smh.com.au
2460,goodreads.com
2461,elpais.com
2462,domainmarket.com
2463,alexa.com
2464,prlog.org
2465,vk.com
2466,google.it
2467,sohu.com
2468,i2i.jp
2469,bing.com
2470,amazon.co.uk
2471,163.com
2472,irs.gov
2473,sciencedirect.com
2474,narod.ru
2475,is.gd
2476,illinois.edu
2477,google.com.br
2478,paypal.com
2479,tiny.cc
2480,jiathis.com
2481,domainmarket.com
2482,163.com
2483,jigsy.com
2484,techcrunch.com
2485,columbia.edu
2486,barnesandnoble.com
2487,i2i.jp
2488,tumblr.com
2489,kickstarter.com
2490,intel.com
2491,hao123.com
2492,ox.ac.uk
2493,wp.com
2494,bravesites.com
2495,sakura.ne.jp
2496,bizjournals.com
2497,sakura.ne.jp
2498,vimeo.com
2499,exblog.jp
2500,gnu.org
2501,un.org
2502,mit.edu
2503,npr.org
2504,jugem.jp
2505,addthis.com
2506,gizmodo.com
2507,comsenz.com
2508,phpbb.com
2509,cdc.gov
2510,istockphoto.com
2511,forbes.com
2512,altervista.org
2513,epa.gov
2514,about.com
2515,dagondesign.com
2516,weibo.com
2517,dagondesign.com
2518,tiny.cc
2519,cnet.com
2520,businessweek.com
2521,lycos.com
2522,goo.gl
2523,com.com
2524,wisc.edu
2525,baidu.com
2526,facebook.com
2527,ning.com
2528,wikispaces.com
2529,clickbank.net
2530,techcrunch.com
2531,rambler.ru
2532,msn.com
2533,rediff.com
2534,cbslocal.com
2535,hugedomains.com
2536,telegraph.co.uk
2537,pen.io
2538,shutterfly.com
2539,over-blog.com
2540,huffingtonpost.com
2541,marriott.com
2542,google.pl
2543,printfriendly.com
2544,wisc.edu
2545,liveinternet.ru
2546,ameblo.jp
2547,reference.com
2548,who.int
2549,miitbeian.gov.cn
2550,unc.edu
2551,washington.edu
2552,sourceforge.net
2553,twitter.com
2554,msu.edu
2555,a8.net
2556,over-blog.com
2557,newyorker.com
2558,prnewswire.com
2559,list-manage.com
2560,tripod.com
2561,discuz.net
2562,globo.com
2563,unc.edu
2564,google.es
2565,upenn.edu
2566,issuu.com
2567,hostgator.com
2568,tripadvisor.com
2569,admin.ch
2570,japanpost.jp
2571,senate.gov
2572,delicious.com
2573,deliciousdays.com
2574,w3.org
2575,nasa.gov
2576,comsenz.com
2577,ask.com
2578,ezinearticles.com
2579,java.com
2580,zimbio.com
2581,histats.com
2582,rambler.ru
2583,phpbb.com
2584,geocities.jp
2585,jimdo.com
2586,samsung.com
2587,dagondesign.com
2588,homestead.com
2589,netvibes.com
2590,unc.edu
2591,aol.com
2592,oakley.com
2593,guardian.co.uk
2594,ftc.gov
2595,scribd.com
2596,ameblo.jp
2597,discuz.net
2598,mapy.cz
2599,reverbnation.com
2600,telegraph.co.uk
2601,domainmarket.com
2602,nifty.com
2603,slashdot.org
2604,wikipedia.org
2605,slate.com
2606,xinhuanet.com
2607,buzzfeed.com
2608,ask.com
2609,irs.gov
2610,sohu.com
2611,apache.org
2612,cnbc.com
2613,php.net
2614,mysql.com
2615,php.net
2616,weibo.com
2617,tiny.cc
2618,cbsnews.com
2619,nature.com
2620,multiply.com
2621,google.com.hk
2622,seesaa.net
2623,google.com
2624,time.com
2625,vk.com
2626,disqus.com
2627,soundcloud.com
2628,army.mil
2629,hc360.com
2630,cdbaby.com
2631,sfgate.com
2632,google.com.br
2633,umn.edu
2634,washington.edu
2635,house.gov
2636,bluehost.com
2637,intel.com
2638,slate.com
2639,netscape.com
2640,theatlantic.com
2641,bbc.co.uk
2642,cnet.com
2643,mayoclinic.com
2644,google.cn
2645,diigo.com
2646,cmu.edu
2647,un.org
2648,friendfeed.com
2649,patch.com
2650,friendfeed.com
2651,godaddy.com
2652,dell.com
2653,army.mil
2654,seattletimes.com
2655,earthlink.net
2656,umich.edu
2657,archive.org
2658,tamu.edu
2659,bloglines.com
2660,msu.edu
2661,sakura.ne.jp
2662,mapy.cz
2663,cafepress.com
2664,ed.gov
2665,sourceforge.net
2666,weebly.com
2667,freewebs.com
2668,howstuffworks.com
2669,go.com
2670,mapquest.com
2671,merriam-webster.com
2672,sciencedirect.com
2673,is.gd
2674,hud.gov
2675,unc.edu
2676,twitter.com
2677,biblegateway.com
2678,ovh.net
2679,businessweek.com
2680,theguardian.com
2681,google.fr
2682,ucoz.com
2683,biblegateway.com
2684,last.fm
2685,qq.com
2686,digg.com
2687,vimeo.com
2688,wiley.com
2689,bing.com
2690,fema.gov
2691,geocities.jp
2692,wufoo.com
2693,phoca.cz
2694,amazon.de
2695,myspace.com
2696,google.fr
2697,upenn.edu
2698,acquirethisname.com
2699,yandex.ru
2700,tuttocitta.it
2701,cnet.com
2702,sciencedaily.com
2703,technorati.com
2704,opensource.org
2705,unicef.org
2706,tmall.com
2707,spiegel.de
2708,flavors.me
2709,com.com
2710,whitehouse.gov
2711,nasa.gov
2712,cafepress.com
2713,ebay.co.uk
2714,trellian.com
2715,businessinsider.com
2716,si.edu
2717,google.es
2718,nba.com
2719,t-online.de
2720,google.it
2721,amazon.com
2722,sina.com.cn
2723,slate.com
2724,newsvine.com
2725,cam.ac.uk
2726,ed.gov
2727,wikispaces.com
2728,marketwatch.com
2729,berkeley.edu
2730,irs.gov
2731,nature.com
2732,skyrock.com
2733,webs.com
2734,spiegel.de
2735,unc.edu
2736,boston.com
2737,fotki.com
2738,nps.gov
2739,theglobeandmail.com
2740,163.com
2741,wisc.edu
2742,time.com
2743,buzzfeed.com
2744,furl.net
2745,yale.edu
2746,businesswire.com
2747,tripadvisor.com
2748,studiopress.com
2749,tiny.cc
2750,rakuten.co.jp
2751,mayoclinic.com
2752,meetup.com
2753,dagondesign.com
2754,microsoft.com
2755,accuweather.com
2756,yahoo.co.jp
2757,addthis.com
2758,privacy.gov.au
2759,1und1.de
2760,bbc.co.uk
2761,yolasite.com
2762,nsw.gov.au
2763,webs.com
2764,g.co
2765,yellowpages.com
2766,nasa.gov
2767,bandcamp.com
2768,mediafire.com
2769,soup.io
2770,netvibes.com
2771,spotify.com
2772,elegantthemes.com
2773,studiopress.com
2774,adobe.com
2775,furl.net
2776,ebay.com
2777,addthis.com
2778,ycombinator.com
2779,pinterest.com
2780,wikia.com
2781,yahoo.co.jp
2782,mozilla.com
2783,zimbio.com
2784,hhs.gov
2785,google.co.jp
2786,sfgate.com
2787,msu.edu
2788,google.co.jp
2789,amazon.de
2790,spotify.com
2791,miibeian.gov.cn
2792,friendfeed.com
2793,wordpress.com
2794,blogs.com
2795,scientificamerican.com
2796,marriott.com
2797,is.gd
2798,oakley.com
2799,simplemachines.org
2800,linkedin.com
2801,youku.com
2802,dailymail.co.uk
2803,businesswire.com
2804,yale.edu
2805,bloglines.com
2806,deliciousdays.com
2807,ezinearticles.com
2808,is.gd
2809,forbes.com
2810,alibaba.com
2811,spotify.com
2812,answers.com
2813,vimeo.com
2814,mediafire.com
2815,globo.com
2816,phoca.cz
2817,cdbaby.com
2818,toplist.cz
2819,theglobeandmail.com
2820,edublogs.org
2821,gov.uk
2822,lycos.com
2823,spiegel.de
2824,imgur.com
2825,homestead.com
2826,pen.io
2827,adobe.com
2828,shop-pro.jp
2829,discuz.net
2830,marriott.com
2831,icq.com
2832,cbsnews.com
2833,yelp.com
2834,webeden.co.uk
2835,pbs.org
2836,webmd.com
2837,fc2.com
2838,1und1.de
2839,java.com
2840,army.mil
2841,narod.ru
2842,clickbank.net
2843,arizona.edu
2844,scribd.com
2845,youku.com
2846,sfgate.com
2847,opera.com
2848,pen.io
2849,epa.gov
2850,sohu.com
2851,wufoo.com
2852,hubpages.com
2853,example.com
2854,t-online.de
2855,tinyurl.com
2856,gov.uk
2857,discovery.com
2858,paginegialle.it
2859,ebay.co.uk
2860,wix.com
2861,unicef.org
2862,shutterfly.com
2863,sogou.com
2864,technorati.com
2865,marketwatch.com
2866,livejournal.com
2867,bravesites.com
2868,zdnet.com
2869,cornell.edu
2870,goo.gl
2871,home.pl
2872,theatlantic.com
2873,parallels.com
2874,aboutads.info
2875,facebook.com
2876,noaa.gov
2877,slate.com
2878,washingtonpost.com
2879,google.com
2880,gravatar.com
2881,arstechnica.com
2882,ow.ly
2883,google.nl
2884,wikipedia.org
2885,examiner.com
2886,gov.uk
2887,ycombinator.com
2888,typepad.com
2889,nhs.uk
2890,harvard.edu
2891,nationalgeographic.com
2892,ca.gov
2893,imgur.com
2894,sciencedaily.com
2895,comsenz.com
2896,mashable.com
2897,purevolume.com
2898,merriam-webster.com
2899,google.com.br
2900,mapy.cz
2901,imageshack.us
2902,symantec.com
2903,economist.com
2904,umich.edu
2905,over-blog.com
2906,dmoz.org
2907,blog.com
2908,people.com.cn
2909,aol.com
2910,java.com
2911,e-recht24.de
2912,163.com
2913,lycos.com
2914,dot.gov
2915,wordpress.com
2916,twitter.com
2917,elpais.com
2918,a8.net
2919,addtoany.com
2920,nyu.edu
2921,admin.ch
2922,flickr.com
2923,weebly.com
2924,cpanel.net
2925,unblog.fr
2926,webnode.com
2927,go.com
2928,odnoklassniki.ru
2929,blogspot.com
2930,sina.com.cn
2931,cnet.com
2932,loc.gov
2933,delicious.com
2934,stumbleupon.com
2935,ucsd.edu
2936,naver.com
2937,homestead.com
2938,w3.org
2939,uiuc.edu
2940,usnews.com
2941,reference.com
2942,usda.gov
2943,sitemeter.com
2944,fastcompany.com
2945,nationalgeographic.com
2946,hao123.com
2947,uiuc.edu
2948,blogger.com
2949,people.com.cn
2950,parallels.com
2951,blog.com
2952,ox.ac.uk
2953,wunderground.com
2954,ocn.ne.jp
2955,shop-pro.jp
2956,bbc.co.uk
2957,bigcartel.com
2958,wiley.com
2959,discovery.com
2960,spiegel.de
2961,163.com
2962,arstechnica.com
2963,amazon.de
2964,apple.com
2965,istockphoto.com
2966,de.vu
2967,reference.com
2968,mediafire.com
2969,samsung.com
2970,cargocollective.com
2971,discuz.net
2972,hugedomains.com
2973,paypal.com
2974,w3.org
2975,sogou.com
2976,timesonline.co.uk
2977,marriott.com
2978,reference.com
2979,abc.net.au
2980,upenn.edu
2981,europa.eu
2982,freewebs.com
2983,freewebs.com
2984,blogger.com
2985,liveinternet.ru
2986,free.fr
2987,earthlink.net
2988,shop-pro.jp
2989,bloglines.com
2990,bloglovin.com
2991,hp.com
2992,gov.uk
2993,miitbeian.gov.cn
2994,themeforest.net
2995,xinhuanet.com
2996,google.com.hk
2997,slideshare.net
2998,rediff.com
2999,newsvine.com
3000,jimdo.com
3001,photobucket.com
3002,unc.edu
3003,tiny.cc
3004,aboutads.info
3005,businessweek.com
3006,gov.uk
3007,noaa.gov
3008,si.edu
3009,blogger.com
3010,nba.com
3011,google.com
3012,biblegateway.com
3013,census.gov
3014,ezinearticles.com
3015,prweb.com
3016,phoca.cz
3017,ft.com
3018,yellowpages.com
3019,angelfire.com
3020,opensource.org
3021,odnoklassniki.ru
3022,msu.edu
3023,jugem.jp
3024,1688.com
3025,pen.io
3026,i2i.jp
3027,berkeley.edu
3028,hostgator.com
3029,csmonitor.com
3030,exblog.jp
3031,umich.edu
3032,devhub.com
3033,army.mil
3034,marketwatch.com
3035,webnode.com
3036,spotify.com
3037,ox.ac.uk
3038,yellowpages.com
3039,ovh.net
3040,shop-pro.jp
3041,who.int
3042,vk.com
3043,walmart.com
3044,reddit.com
3045,geocities.com
3046,tumblr.com
3047,etsy.com
3048,cmu.edu
3049,wunderground.com
3050,hatena.ne.jp
3051,omniture.com
3052,mediafire.com
3053,booking.com
3054,archive.org
3055,dmoz.org
3056,php.net
3057,about.me
3058,aboutads.info
3059,jiathis.com
3060,yahoo.co.jp
3061,princeton.edu
3062,cdc.gov
3063,creativecommons.org
3064,craigslist.org
3065,instagram.com
3066,wsj.com
3067,fastcompany.com
3068,youtu.be
3069,fastcompany.com
3070,paypal.com
3071,icq.com
3072,howstuffworks.com
3073,bing.com
3074,edublogs.org
3075,flickr.com
3076,marriott.com
3077,yelp.com
3078,baidu.com
3079,phoca.cz
3080,dropbox.com
3081,csmonitor.com
3082,mtv.com
3083,instagram.com
3084,ed.gov
3085,surveymonkey.com
3086,phpbb.com
3087,vk.com
3088,answers.com
3089,jiathis.com
3090,biblegateway.com
3091,surveymonkey.com
3092,dot.gov
3093,answers.com
3094,webeden.co.uk
3095,irs.gov
3096,europa.eu
3097,wp.com
3098,intel.com
3099,networkadvertising.org
3100,flickr.com
3101,blogspot.com
3102,reuters.com
3103,linkedin.com
3104,yellowpages.com
3105,about.me
3106,statcounter.com
3107,elpais.com
3108,ca.gov
3109,booking.com
3110,list-manage.com
3111,va.gov
3112,sohu.com
3113,economist.com
3114,state.tx.us
3115,smh.com.au
3116,chicagotribune.com
3117,wired.com
3118,epa.gov
3119,linkedin.com
3120,amazon.co.jp
3121,parallels.com
3122,ebay.co.uk
3123,irs.gov
3124,moonfruit.com
3125,reverbnation.com
3126,usatoday.com
3127,utexas.edu
3128,sciencedirect.com
3129,imdb.com
3130,facebook.com
3131,trellian.com
3132,is.gd
3133,free.fr
3134,time.com
3135,vinaora.com
3136,washington.edu
3137,a8.net
3138,marketwatch.com
3139,admin.ch
3140,51.la
3141,bing.com
3142,live.com
3143,rambler.ru
3144,bbc.co.uk
3145,icio.us
3146,instagram.com
3147,opera.com
3148,army.mil
3149,wikia.com
3150,discuz.net
3151,seesaa.net
3152,acquirethisname.com
3153,washington.edu
3154,about.com
3155,bing.com
3156,netlog.com
3157,tripod.com
3158,ning.com
3159,yelp.com
3160,eventbrite.com
3161,google.ca
3162,addthis.com
3163,loc.gov
3164,jugem.jp
3165,yale.edu
3166,mozilla.org
3167,domainmarket.com
3168,google.nl
3169,economist.com
3170,utexas.edu
3171,opensource.org
3172,quantcast.com
3173,jigsy.com
3174,uol.com.br
3175,fda.gov
3176,google.cn
3177,angelfire.com
3178,unc.edu
3179,fotki.com
3180,google.it
3181,house.gov
3182,mozilla.com
3183,miitbeian.gov.cn
3184,bizjournals.com
3185,wordpress.com
3186,fotki.com
3187,newyorker.com
3188,engadget.com
3189,pen.io
3190,mozilla.org
3191,twitpic.com
3192,ihg.com
3193,nih.gov
3194,nps.gov
3195,aboutads.info
3196,people.com.cn
3197,soundcloud.com
3198,discuz.net
3199,mozilla.com
3200,comcast.net
3201,google.ca
3202,ox.ac.uk
3203,prweb.com
3204,state.tx.us
3205,4shared.com
3206,prlog.org
3207,globo.com
3208,pcworld.com
3209,gizmodo.com
3210,last.fm
3211,facebook.com
3212,pen.io
3213,ca.gov
3214,prnewswire.com
3215,163.com
3216,imageshack.us
3217,posterous.com
3218,wikispaces.com
3219,dot.gov
3220,ebay.co.uk
3221,amazon.de
3222,oaic.gov.au
3223,auda.org.au
3224,apache.org
3225,booking.com
3226,cbc.ca
3227,spiegel.de
3228,nbcnews.com
3229,umich.edu
3230,webnode.com
3231,ustream.tv
3232,fc2.com
3233,uiuc.edu
3234,google.pl
3235,themeforest.net
3236,cloudflare.com
3237,prlog.org
3238,example.com
3239,sphinn.com
3240,go.com
3241,xrea.com
3242,msn.com
3243,4shared.com
3244,cloudflare.com
3245,statcounter.com
3246,parallels.com
3247,aboutads.info
3248,reddit.com
3249,epa.gov
3250,symantec.com
3251,mozilla.org
3252,stumbleupon.com
3253,netvibes.com
3254,yandex.ru
3255,bigcartel.com
3256,fc2.com
3257,wikipedia.org
3258,princeton.edu
3259,sogou.com
3260,phpbb.com
3261,psu.edu
3262,baidu.com
3263,adobe.com
3264,dropbox.com
3265,friendfeed.com
3266,cnn.com
3267,kickstarter.com
3268,pen.io
3269,spotify.com
3270,furl.net
3271,mayoclinic.com
3272,wordpress.org
3273,tmall.com
3274,google.co.jp
3275,sciencedaily.com
3276,princeton.edu
3277,merriam-webster.com
3278,xing.com
3279,clickbank.net
3280,independent.co.uk
3281,bing.com
3282,un.org
3283,issuu.com
3284,123-reg.co.uk
3285,i2i.jp
3286,slate.com
3287,intel.com
3288,uiuc.edu
3289,virginia.edu
3290,redcross.org
3291,admin.ch
3292,live.com
3293,sohu.com
3294,cyberchimps.com
3295,digg.com
3296,smugmug.com
3297,naver.com
3298,statcounter.com
3299,shareasale.com
3300,mapy.cz
3301,photobucket.com
3302,eventbrite.com
3303,ycombinator.com
3304,homestead.com
3305,flickr.com
3306,clickbank.net
3307,craigslist.org
3308,cam.ac.uk
3309,over-blog.com
3310,fastcompany.com
3311,posterous.com
3312,amazon.co.jp
3313,hatena.ne.jp
3314,cpanel.net
3315,tamu.edu
3316,dyndns.org
3317,boston.com
3318,mysql.com
3319,over-blog.com
3320,mayoclinic.com
3321,hubpages.com
3322,amazon.de
3323,tinypic.com
3324,house.gov
3325,noaa.gov
3326,sitemeter.com
3327,hao123.com
3328,geocities.com
3329,ucla.edu
3330,deviantart.com
3331,bigcartel.com
3332,edublogs.org
3333,disqus.com
3334,census.gov
3335,homestead.com
3336,dropbox.com
3337,archive.org
3338,lulu.com
3339,nba.com
3340,addthis.com
3341,foxnews.com
3342,bluehost.com
3343,etsy.com
3344,joomla.org
3345,ow.ly
3346,woothemes.com
3347,deviantart.com
3348,baidu.com
3349,google.com.au
3350,wufoo.com
3351,google.co.jp
3352,addthis.com
3353,rakuten.co.jp
3354,prnewswire.com
3355,mlb.com
3356,cmu.edu
3357,microsoft.com
3358,jigsy.com
3359,jugem.jp
3360,mail.ru
3361,nyu.edu
3362,yolasite.com
3363,europa.eu
3364,rediff.com
3365,symantec.com
3366,wisc.edu
3367,homestead.com
3368,hc360.com
3369,csmonitor.com
3370,gov.uk
3371,yale.edu
3372,si.edu
3373,auda.org.au
3374,imageshack.us
3375,seattletimes.com
3376,prnewswire.com
3377,skype.com
3378,nature.com
3379,google.de
3380,elegantthemes.com
3381,ycombinator.com
3382,linkedin.com
3383,sitemeter.com
3384,dot.gov
3385,ft.com
3386,naver.com
3387,slate.com
3388,squarespace.com
3389,istockphoto.com
3390,skyrock.com
3391,51.la
3392,weebly.com
3393,oracle.com
3394,prweb.com
3395,google.co.uk
3396,ezinearticles.com
3397,google.com.au
3398,theguardian.com
3399,furl.net
3400,godaddy.com
3401,slashdot.org
3402,nhs.uk
3403,webs.com
3404,tripadvisor.com
3405,geocities.com
3406,yellowbook.com
3407,google.nl
3408,boston.com
3409,comsenz.com
3410,who.int
3411,tinyurl.com
3412,comsenz.com
3413,wikimedia.org
3414,businesswire.com
3415,google.com
3416,flickr.com
3417,cnbc.com
3418,ebay.com
3419,ning.com
3420,tripadvisor.com
3421,ibm.com
3422,sourceforge.net
3423,naver.com
3424,gmpg.org
3425,stumbleupon.com
3426,drupal.org
3427,cbsnews.com
3428,furl.net
3429,twitter.com
3430,xing.com
3431,paypal.com
3432,hubpages.com
3433,godaddy.com
3434,vkontakte.ru
3435,topsy.com
3436,hibu.com
3437,sohu.com
3438,sourceforge.net
3439,va.gov
3440,vkontakte.ru
3441,blog.com
3442,shinystat.com
3443,usa.gov
3444,4shared.com
3445,behance.net
3446,samsung.com
3447,hud.gov
3448,privacy.gov.au
3449,indiegogo.com
3450,dion.ne.jp
3451,wordpress.org
3452,theglobeandmail.com
3453,google.ru
3454,prlog.org
3455,4shared.com
3456,smh.com.au
3457,eventbrite.com
3458,dion.ne.jp
3459,mashable.com
3460,answers.com
3461,seattletimes.com
3462,answers.com
3463,ucla.edu
3464,netlog.com
3465,macromedia.com
3466,statcounter.com
3467,meetup.com
3468,vk.com
3469,csmonitor.com
3470,1688.com
3471,addtoany.com
3472,weather.com
3473,gnu.org
3474,amazon.com
3475,newsvine.com
3476,w3.org
3477,indiatimes.com
3478,cloudflare.com
3479,jugem.jp
3480,ucsd.edu
3481,senate.gov
3482,home.pl
3483,weibo.com
3484,walmart.com
3485,stumbleupon.com
3486,php.net
3487,census.gov
3488,shutterfly.com
3489,ox.ac.uk
3490,wsj.com
3491,g.co
3492,booking.com
3493,posterous.com
3494,upenn.edu
3495,a8.net
3496,bloglines.com
3497,cnn.com
3498,reference.com
3499,walmart.com
3500,mysql.com
3501,newsvine.com
3502,sourceforge.net
3503,ocn.ne.jp
3504,feedburner.com
3505,comcast.net
3506,discovery.com
3507,examiner.com
3508,wired.com
3509,ovh.net
3510,mail.ru
3511,google.fr
3512,hatena.ne.jp
3513,boston.com
3514,booking.com
3515,digg.com
3516,unc.edu
3517,adobe.com
3518,de.vu
3519,woothemes.com
3520,disqus.com
3521,nps.gov
3522,github.io
3523,unblog.fr
3524,myspace.com
3525,woothemes.com
3526,sun.com
3527,instagram.com
3528,angelfire.com
3529,merriam-webster.com
3530,tinyurl.com
3531,wordpress.org
3532,globo.com
3533,mlb.com
3534,latimes.com
3535,opensource.org
3536,biglobe.ne.jp
3537,vk.com
3538,yolasite.com
3539,yandex.ru
3540,forbes.com
3541,soup.io
3542,oaic.gov.au
3543,utexas.edu
3544,hhs.gov
3545,fema.gov
3546,mashable.com
3547,deliciousdays.com
3548,google.com
3549,ca.gov
3550,histats.com
3551,uol.com.br
3552,symantec.com
3553,fema.gov
3554,ocn.ne.jp
3555,usnews.com
3556,histats.com
3557,fotki.com
3558,cloudflare.com
3559,last.fm
3560,digg.com
3561,nature.com
3562,berkeley.edu
3563,sciencedirect.com
3564,1und1.de
3565,yandex.ru
3566,jalbum.net
3567,usgs.gov
3568,acquirethisname.com
3569,techcrunch.com
3570,youtu.be
3571,ucoz.com
3572,bravesites.com
3573,google.it
3574,pen.io
3575,gizmodo.com
3576,meetup.com
3577,geocities.jp
3578,nps.gov
3579,multiply.com
3580,nba.com
3581,businessinsider.com
3582,prnewswire.com
3583,hostgator.com
3584,china.com.cn
3585,blogtalkradio.com
3586,yale.edu
3587,sbwire.com
3588,intel.com
3589,scribd.com
3590,wiley.com
3591,smugmug.com
3592,shutterfly.com
3593,dion.ne.jp
3594,icio.us
3595,networksolutions.com
3596,latimes.com
3597,yellowpages.com
3598,auda.org.au
3599,mayoclinic.com
3600,uiuc.edu
3601,creativecommons.org
3602,auda.org.au
3603,woothemes.com
3604,ucla.edu
3605,smugmug.com
3606,nationalgeographic.com
3607,godaddy.com
3608,php.net
3609,desdev.cn
3610,ycombinator.com
3611,netscape.com
3612,mit.edu
3613,netlog.com
3614,blogs.com
3615,symantec.com
3616,hubpages.com
3617,bing.com
3618,bbc.co.uk
3619,epa.gov
3620,forbes.com
3621,fda.gov
3622,dailymotion.com
3623,squarespace.com
3624,t-online.de
3625,ezinearticles.com
3626,reverbnation.com
3627,gmpg.org
3628,craigslist.org
3629,parallels.com
3630,adobe.com
3631,mashable.com
3632,dion.ne.jp
3633,techcrunch.com
3634,google.co.jp
3635,slate.com
3636,whitehouse.gov
3637,ocn.ne.jp
3638,cafepress.com
3639,tinyurl.com
3640,google.pl
3641,ifeng.com
3642,canalblog.com
3643,gravatar.com
3644,freewebs.com
3645,ifeng.com
3646,free.fr
3647,t-online.de
3648,imdb.com
3649,com.com
3650,go.com
3651,constantcontact.com
3652,kickstarter.com
3653,studiopress.com
3654,mlb.com
3655,mozilla.com
3656,123-reg.co.uk
3657,taobao.com
3658,foxnews.com
3659,so-net.ne.jp
3660,virginia.edu
3661,rediff.com
3662,google.cn
3663,businesswire.com
3664,google.es
3665,exblog.jp
3666,furl.net
3667,devhub.com
3668,prnewswire.com
3669,delicious.com
3670,hhs.gov
3671,vimeo.com
3672,i2i.jp
3673,gizmodo.com
3674,fda.gov
3675,reference.com
3676,senate.gov
3677,angelfire.com
3678,un.org
3679,tripod.com
3680,miibeian.gov.cn
3681,photobucket.com
3682,tmall.com
3683,sohu.com
3684,naver.com
3685,quantcast.com
3686,craigslist.org
3687,mayoclinic.com
3688,vimeo.com
3689,cyberchimps.com
3690,microsoft.com
3691,artisteer.com
3692,wordpress.org
3693,thetimes.co.uk
3694,apple.com
3695,upenn.edu
3696,fc2.com
3697,noaa.gov
3698,parallels.com
3699,paginegialle.it
3700,jigsy.com
3701,de.vu
3702,shinystat.com
3703,time.com
3704,java.com
3705,unicef.org
3706,gnu.org
3707,unesco.org
3708,ifeng.com
3709,ifeng.com
3710,latimes.com
3711,google.pl
3712,google.co.jp
3713,baidu.com
3714,tuttocitta.it
3715,statcounter.com
3716,woothemes.com
3717,archive.org
3718,ning.com
3719,paginegialle.it
3720,smh.com.au
3721,sfgate.com
3722,fc2.com
3723,mediafire.com
3724,ezinearticles.com
3725,wordpress.org
3726,amazon.co.jp
3727,dropbox.com
3728,tuttocitta.it
3729,bing.com
3730,gizmodo.com
3731,usda.gov
3732,dell.com
3733,stumbleupon.com
3734,eepurl.com
3735,stumbleupon.com
3736,mozilla.com
3737,feedburner.com
3738,youtube.com
3739,howstuffworks.com
3740,oracle.com
3741,yahoo.com
3742,sourceforge.net
3743,artisteer.com
3744,cocolog-nifty.com
3745,slate.com
3746,discovery.com
3747,bloglines.com
3748,foxnews.com
3749,nydailynews.com
3750,yolasite.com
3751,princeton.edu
3752,cafepress.com
3753,marriott.com
3754,meetup.com
3755,printfriendly.com
3756,skype.com
3757,squarespace.com
3758,csmonitor.com
3759,gnu.org
3760,senate.gov
3761,yellowbook.com
3762,macromedia.com
3763,dropbox.com
3764,nbcnews.com
3765,psu.edu
3766,independent.co.uk
3767,google.nl
3768,alexa.com
3769,youtube.com
3770,uiuc.edu
3771,ebay.com
3772,addthis.com
3773,vimeo.com
3774,state.gov
3775,weather.com
3776,un.org
3777,yolasite.com
3778,marketwatch.com
3779,cnn.com
3780,mediafire.com
3781,nifty.com
3782,patch.com
3783,who.int
3784,independent.co.uk
3785,so-net.ne.jp
3786,etsy.com
3787,nps.gov
3788,opensource.org
3789,amazon.co.uk
3790,sphinn.com
3791,geocities.jp
3792,pbs.org
3793,nature.com
3794,time.com
3795,boston.com
3796,wired.com
3797,latimes.com
3798,weibo.com
3799,shutterfly.com
3800,upenn.edu
3801,wikia.com
3802,histats.com
3803,vkontakte.ru
3804,blog.com
3805,booking.com
3806,weebly.com
3807,jigsy.com
3808,kickstarter.com
3809,histats.com
3810,ucoz.com
3811,rambler.ru
3812,psu.edu
3813,virginia.edu
3814,hud.gov
3815,senate.gov
3816,ed.gov
3817,newsvine.com
3818,qq.com
3819,oakley.com
3820,gravatar.com
3821,vinaora.com
3822,cargocollective.com
3823,bigcartel.com
3824,goo.gl
3825,people.com.cn
3826,slashdot.org
3827,dagondesign.com
3828,umich.edu
3829,typepad.com
3830,quantcast.com
3831,yandex.ru
3832,apache.org
3833,google.fr
3834,engadget.com
3835,whitehouse.gov
3836,nature.com
3837,samsung.com
3838,bloomberg.com
3839,storify.com
3840,cmu.edu
3841,so-net.ne.jp
3842,seesaa.net
3843,state.tx.us
3844,blinklist.com
3845,vimeo.com
3846,auda.org.au
3847,sfgate.com
3848,devhub.com
3849,pbs.org
3850,xing.com
3851,sciencedirect.com
3852,bluehost.com
3853,addtoany.com
3854,boston.com
3855,mapquest.com
3856,howstuffworks.com
3857,home.pl
3858,aol.com
3859,qq.com
3860,seesaa.net
3861,theatlantic.com
3862,apple.com
3863,mac.com
3864,weather.com
3865,plala.or.jp
3866,google.cn
3867,hexun.com
3868,sun.com
3869,wiley.com
3870,desdev.cn
3871,nhs.uk
3872,unesco.org
3873,yale.edu
3874,so-net.ne.jp
3875,ning.com
3876,sciencedirect.com
3877,delicious.com
3878,cnn.com
3879,unesco.org
3880,networkadvertising.org
3881,virginia.edu
3882,blogs.com
3883,imgur.com
3884,sun.com
3885,newyorker.com
3886,flavors.me
3887,xing.com
3888,nba.com
3889,guardian.co.uk
3890,npr.org
3891,amazonaws.com
3892,g.co
3893,google.nl
3894,diigo.com
3895,goodreads.com
3896,mlb.com
3897,ameblo.jp
3898,e-recht24.de
3899,devhub.com
3900,pcworld.com
3901,desdev.cn
3902,census.gov
3903,digg.com
3904,google.com.au
3905,mediafire.com
3906,ucoz.ru
3907,yahoo.co.jp
3908,reverbnation.com
3909,dmoz.org
3910,zdnet.com
3911,liveinternet.ru
3912,jugem.jp
3913,nymag.com
3914,wikia.com
3915,miibeian.gov.cn
3916,scientificamerican.com
3917,mozilla.com
3918,pen.io
3919,va.gov
3920,thetimes.co.uk
3921,webnode.com
3922,feedburner.com
3923,ning.com
3924,slashdot.org
3925,columbia.edu
3926,blogs.com
3927,gizmodo.com
3928,smh.com.au
3929,exblog.jp
3930,yahoo.co.jp
3931,hatena.ne.jp
3932,ezinearticles.com
3933,pagesperso-orange.fr
3934,is.gd
3935,stumbleupon.com
3936,bluehost.com
3937,histats.com
3938,shareasale.com
3939,discovery.com
3940,flavors.me
3941,patch.com
3942,creativecommons.org
3943,yahoo.co.jp
3944,phpbb.com
3945,simplemachines.org
3946,printfriendly.com
3947,blogs.com
3948,timesonline.co.uk
3949,paginegialle.it
3950,usgs.gov
3951,feedburner.com
3952,networkadvertising.org
3953,nymag.com
3954,si.edu
3955,go.com
3956,msn.com
3957,smugmug.com
3958,ucoz.ru
3959,cargocollective.com
3960,nsw.gov.au
3961,alexa.com
3962,un.org
3963,icio.us
3964,cam.ac.uk
3965,usda.gov
3966,ameblo.jp
3967,foxnews.com
3968,kickstarter.com
3969,over-blog.com
3970,comsenz.com
3971,jigsy.com
3972,wikimedia.org
3973,chicagotribune.com
3974,hexun.com
3975,angelfire.com
3976,ca.gov
3977,oaic.gov.au
3978,wix.com
3979,nydailynews.com
3980,instagram.com
3981,ihg.com
3982,engadget.com
3983,123-reg.co.uk
3984,redcross.org
3985,wikispaces.com
3986,xing.com
3987,google.cn
3988,oakley.com
3989,xrea.com
3990,amazon.com
3991,storify.com
3992,wikia.com
3993,phoca.cz
3994,smh.com.au
3995,twitpic.com
3996,storify.com
3997,smugmug.com
3998,google.ru
3999,opera.com
4000,dagondesign.com
4001,washingtonpost.com
4002,paginegialle.it
4003,youtube.com
4004,state.gov
4005,goo.gl
4006,bloglovin.com
4007,tinypic.com
4008,hostgator.com
4009,unc.edu
4010,stanford.edu
4011,is.gd
4012,dell.com
4013,blog.com
4014,apple.com
4015,globo.com
4016,salon.com
4017,omniture.com
4018,imgur.com
4019,booking.com
4020,mozilla.com
4021,storify.com
4022,barnesandnoble.com
4023,ask.com
4024,odnoklassniki.ru
4025,webs.com
4026,mysql.com
4027,plala.or.jp
4028,cloudflare.com
4029,merriam-webster.com
4030,oakley.com
4031,google.com.br
4032,istockphoto.com
4033,archive.org
4034,altervista.org
4035,engadget.com
4036,hatena.ne.jp
4037,1688.com
4038,cpanel.net
4039,jigsy.com
4040,buzzfeed.com
4041,symantec.com
4042,uol.com.br
4043,wikimedia.org
4044,businessinsider.com
4045,geocities.com
4046,illinois.edu
4047,aboutads.info
4048,purevolume.com
4049,cmu.edu
4050,wikimedia.org
4051,so-net.ne.jp
4052,cdc.gov
4053,blogtalkradio.com
4054,amazon.de
4055,uol.com.br
4056,time.com
4057,devhub.com
4058,aol.com
4059,bravesites.com
4060,github.com
4061,wikimedia.org
4062,vistaprint.com
4063,dagondesign.com
4064,wp.com
4065,rakuten.co.jp
4066,topsy.com
4067,list-manage.com
4068,indiegogo.com
4069,paginegialle.it
4070,4shared.com
4071,cloudflare.com
4072,china.com.cn
4073,newsvine.com
4074,slideshare.net
4075,mapquest.com
4076,creativecommons.org
4077,hp.com
4078,pinterest.com
4079,stumbleupon.com
4080,lycos.com
4081,aboutads.info
4082,wisc.edu
4083,npr.org
4084,artisteer.com
4085,census.gov
4086,hud.gov
4087,omniture.com
4088,123-reg.co.uk
4089,japanpost.jp
4090,mozilla.com
4091,usgs.gov
4092,nbcnews.com
4093,wp.com
4094,opera.com
4095,sun.com
4096,dell.com
4097,ovh.net
4098,techcrunch.com
4099,360.cn
4100,w3.org
4101,hhs.gov
4102,gizmodo.com
4103,woothemes.com
4104,ocn.ne.jp
4105,twitter.com
4106,msu.edu
4107,theguardian.com
4108,ca.gov
4109,hibu.com
4110,senate.gov
4111,ox.ac.uk
4112,alibaba.com
4113,ted.com
4114,cnbc.com
4115,globo.com
4116,sogou.com
4117,acquirethisname.com
4118,trellian.com
4119,linkedin.com
4120,sun.com
4121,netlog.com
4122,icio.us
4123,godaddy.com
4124,bloglines.com
4125,studiopress.com
4126,ucla.edu
4127,census.gov
4128,si.edu
4129,drupal.org
4130,networksolutions.com
4131,amazonaws.com
4132,rediff.com
4133,cmu.edu
4134,hexun.com
4135,surveymonkey.com
4136,timesonline.co.uk
4137,who.int
4138,last.fm
4139,pinterest.com
4140,hugedomains.com
4141,tamu.edu
4142,mysql.com
4143,amazon.co.uk
4144,de.vu
4145,linkedin.com
4146,sogou.com
4147,usda.gov
4148,ameblo.jp
4149,typepad.com
4150,amazon.co.jp
4151,forbes.com
4152,xing.com
4153,weibo.com
4154,angelfire.com
4155,ucoz.ru
4156,globo.com
4157,guardian.co.uk
4158,seesaa.net
4159,loc.gov
4160,who.int
4161,slate.com
4162,nsw.gov.au
4163,1und1.de
4164,quantcast.com
4165,wsj.com
4166,salon.com
4167,liveinternet.ru
4168,google.co.jp
4169,a8.net
4170,usa.gov
4171,toplist.cz
4172,nydailynews.com
4173,tinyurl.com
4174,huffingtonpost.com
4175,technorati.com
4176,vinaora.com
4177,lulu.com
4178,netscape.com
4179,github.com
4180,livejournal.com
4181,addtoany.com
4182,youtu.be
4183,yelp.com
4184,apache.org
4185,networkadvertising.org
4186,ted.com
4187,patch.com
4188,ucsd.edu
4189,jugem.jp
4190,phoca.cz
4191,blinklist.com
4192,businessweek.com
4193,shareasale.com
4194,google.it
4195,wikispaces.com
4196,tiny.cc
4197,elpais.com
4198,paypal.com
4199,columbia.edu
4200,state.tx.us
4201,xrea.com
4202,washington.edu
4203,studiopress.com
4204,exblog.jp
4205,tamu.edu
4206,pen.io
4207,uol.com.br
4208,spiegel.de
4209,fc2.com
4210,vimeo.com
4211,mac.com
4212,blogs.com
4213,xinhuanet.com
4214,nytimes.com
4215,auda.org.au
4216,indiegogo.com
4217,flickr.com
4218,google.co.uk
4219,cafepress.com
4220,rambler.ru
4221,barnesandnoble.com
4222,mapquest.com
4223,ca.gov
4224,smugmug.com
4225,canalblog.com
4226,usatoday.com
4227,pinterest.com
4228,tripod.com
4229,blogger.com
4230,scribd.com
4231,github.com
4232,last.fm
4233,delicious.com
4234,mediafire.com
4235,github.com
4236,microsoft.com
4237,utexas.edu
4238,scientificamerican.com
4239,ocn.ne.jp
4240,stumbleupon.com
4241,cpanel.net
4242,hc360.com
4243,nih.gov
4244,ovh.net
4245,slideshare.net
4246,virginia.edu
4247,buzzfeed.com
4248,reddit.com
4249,alexa.com
4250,biblegateway.com
4251,mtv.com
4252,thetimes.co.uk
4253,sohu.com
4254,miitbeian.gov.cn
4255,squarespace.com
4256,bizjournals.com
4257,google.co.jp
4258,51.la
4259,un.org
4260,yelp.com
4261,nba.com
4262,vistaprint.com
4263,bravesites.com
4264,icq.com
4265,discovery.com
4266,weather.com
4267,statcounter.com
4268,infoseek.co.jp
4269,taobao.com
4270,dmoz.org
4271,ox.ac.uk
4272,photobucket.com
4273,slate.com
4274,ycombinator.com
4275,zdnet.com
4276,wiley.com
4277,cdbaby.com
4278,europa.eu
4279,quantcast.com
4280,sitemeter.com
4281,themeforest.net
4282,columbia.edu
4283,wikispaces.com
4284,wunderground.com
4285,hubpages.com
4286,issuu.com
4287,upenn.edu
4288,noaa.gov
4289,netlog.com
4290,qq.com
4291,eventbrite.com
4292,salon.com
4293,people.com.cn
4294,ezinearticles.com
4295,hc360.com
4296,facebook.com
4297,example.com
4298,ucoz.com
4299,sciencedirect.com
4300,jugem.jp
4301,odnoklassniki.ru
4302,prlog.org
4303,ebay.co.uk
4304,buzzfeed.com
4305,globo.com
4306,sbwire.com
4307,apache.org
4308,theatlantic.com
4309,biglobe.ne.jp
4310,skyrock.com
4311,wiley.com
4312,bluehost.com
4313,reference.com
4314,people.com.cn
4315,intel.com
4316,twitter.com
4317,cnet.com
4318,posterous.com
4319,hp.com
4320,va.gov
4321,archive.org
4322,vinaora.com
4323,slashdot.org
4324,jalbum.net
4325,blogtalkradio.com
4326,wikipedia.org
4327,1und1.de
4328,purevolume.com
4329,nytimes.com
4330,nps.gov
4331,seesaa.net
4332,tripadvisor.com
4333,house.gov
4334,earthlink.net
4335,creativecommons.org
4336,telegraph.co.uk
4337,devhub.com
4338,wordpress.com
4339,facebook.com
4340,fc2.com
4341,ibm.com
4342,cam.ac.uk
4343,lycos.com
4344,quantcast.com
4345,homestead.com
4346,w3.org
4347,nature.com
4348,symantec.com
4349,ox.ac.uk
4350,mozilla.org
4351,amazon.co.uk
4352,google.com.br
4353,boston.com
4354,scientificamerican.com
4355,slashdot.org
4356,microsoft.com
4357,exblog.jp
4358,github.com
4359,geocities.jp
4360,creativecommons.org
4361,blogger.com
4362,home.pl
4363,shareasale.com
4364,marketwatch.com
4365,shinystat.com
4366,wired.com
4367,privacy.gov.au
4368,wired.com
4369,ocn.ne.jp
4370,cbsnews.com
4371,java.com
4372,epa.gov
4373,ning.com
4374,weibo.com
4375,disqus.com
4376,dmoz.org
4377,elpais.com
4378,cyberchimps.com
4379,home.pl
4380,phpbb.com
4381,chicagotribune.com
4382,globo.com
4383,sohu.com
4384,hostgator.com
4385,wikispaces.com
4386,bandcamp.com
4387,ning.com
4388,home.pl
4389,unblog.fr
4390,indiatimes.com
4391,pcworld.com
4392,barnesandnoble.com
4393,privacy.gov.au
4394,princeton.edu
4395,howstuffworks.com
4396,moonfruit.com
4397,state.tx.us
4398,alibaba.com
4399,plala.or.jp
4400,purevolume.com
4401,pagesperso-orange.fr
4402,indiegogo.com
4403,aol.com
4404,i2i.jp
4405,fda.gov
4406,vistaprint.com
4407,blog.com
4408,ibm.com
4409,nature.com
4410,digg.com
4411,nps.gov
4412,fotki.com
4413,issuu.com
4414,newsvine.com
4415,imgur.com
4416,paginegialle.it
4417,elpais.com
4418,nhs.uk
4419,zimbio.com
4420,marriott.com
4421,spiegel.de
4422,earthlink.net
4423,wunderground.com
4424,last.fm
4425,tuttocitta.it
4426,smh.com.au
4427,rakuten.co.jp
4428,princeton.edu
4429,nbcnews.com
4430,wisc.edu
4431,slashdot.org
4432,youtu.be
4433,amazon.com
4434,pen.io
4435,vistaprint.com
4436,hhs.gov
4437,diigo.com
4438,pbs.org
4439,skyrock.com
4440,multiply.com
4441,wisc.edu
4442,bluehost.com
4443,hud.gov
4444,psu.edu
4445,merriam-webster.com
4446,unicef.org
4447,marriott.com
4448,java.com
4449,tripadvisor.com
4450,businesswire.com
4451,toplist.cz
4452,symantec.com
4453,bbc.co.uk
4454,163.com
4455,360.cn
4456,squarespace.com
4457,wikimedia.org
4458,walmart.com
4459,soup.io
4460,ebay.co.uk
4461,example.com
4462,51.la
4463,tmall.com
4464,apple.com
4465,imageshack.us
4466,amazon.com
4467,zimbio.com
4468,ifeng.com
4469,ovh.net
4470,php.net
4471,ft.com
4472,live.com
4473,i2i.jp
4474,bloglines.com
4475,tripod.com
4476,tinypic.com
4477,vistaprint.com
4478,businessinsider.com
4479,youtube.com
4480,domainmarket.com
4481,domainmarket.com
4482,nytimes.com
4483,github.com
4484,flavors.me
4485,is.gd
4486,nydailynews.com
4487,histats.com
4488,shop-pro.jp
4489,opensource.org
4490,merriam-webster.com
4491,paginegialle.it
4492,sciencedirect.com
4493,ow.ly
4494,domainmarket.com
4495,sitemeter.com
4496,friendfeed.com
4497,furl.net
4498,geocities.jp
4499,stumbleupon.com
4500,examiner.com
4501,nationalgeographic.com
4502,rakuten.co.jp
4503,phpbb.com
4504,uol.com.br
4505,sitemeter.com
4506,examiner.com
4507,virginia.edu
4508,arizona.edu
4509,yellowbook.com
4510,hp.com
4511,nhs.uk
4512,pinterest.com
4513,freewebs.com
4514,youku.com
4515,ucsd.edu
4516,bing.com
4517,163.com
4518,imdb.com
4519,exblog.jp
4520,live.com
4521,yahoo.com
4522,theglobeandmail.com
4523,constantcontact.com
4524,shop-pro.jp
4525,bing.com
4526,123-reg.co.uk
4527,google.de
4528,amazon.com
4529,quantcast.com
4530,globo.com
4531,booking.com
4532,comcast.net
4533,godaddy.com
4534,de.vu
4535,google.co.jp
4536,samsung.com
4537,deliciousdays.com
4538,weibo.com
4539,skyrock.com
4540,123-reg.co.uk
4541,nature.com
4542,mlb.com
4543,rakuten.co.jp
4544,123-reg.co.uk
4545,admin.ch
4546,google.com
4547,yellowbook.com
4548,tripod.com
4549,squidoo.com
4550,diigo.com
4551,senate.gov
4552,wp.com
4553,narod.ru
4554,blogs.com
4555,jiathis.com
4556,europa.eu
4557,vkontakte.ru
4558,etsy.com
4559,histats.com
4560,yahoo.co.jp
4561,sogou.com
4562,ucoz.ru
4563,sphinn.com
4564,odnoklassniki.ru
4565,gmpg.org
4566,uiuc.edu
4567,bigcartel.com
4568,dagondesign.com
4569,reuters.com
4570,reverbnation.com
4571,yolasite.com
4572,elpais.com
4573,google.cn
4574,flavors.me
4575,live.com
4576,usatoday.com
4577,zimbio.com
4578,i2i.jp
4579,senate.gov
4580,stumbleupon.com
4581,java.com
4582,youtube.com
4583,illinois.edu
4584,mlb.com
4585,booking.com
4586,sphinn.com
4587,webmd.com
4588,boston.com
4589,google.com.au
4590,bravesites.com
4591,eepurl.com
4592,homestead.com
4593,oaic.gov.au
4594,businessweek.com
4595,printfriendly.com
4596,slashdot.org
4597,webeden.co.uk
4598,ft.com
4599,uiuc.edu
4600,blogspot.com
4601,sphinn.com
4602,taobao.com
4603,so-net.ne.jp
4604,webeden.co.uk
4605,answers.com
4606,devhub.com
4607,plala.or.jp
4608,chicagotribune.com
4609,artisteer.com
4610,yahoo.com
4611,businessinsider.com
4612,dedecms.com
4613,unblog.fr
4614,ucoz.com
4615,fda.gov
4616,hao123.com
4617,nsw.gov.au
4618,goodreads.com
4619,rakuten.co.jp
4620,elpais.com
4621,mapy.cz
4622,flavors.me
4623,berkeley.edu
4624,un.org
4625,dailymotion.com
4626,va.gov
4627,discovery.com
4628,so-net.ne.jp
4629,so-net.ne.jp
4630,aol.com
4631,alexa.com
4632,ycombinator.com
4633,addtoany.com
4634,github.io
4635,rambler.ru
4636,xinhuanet.com
4637,ox.ac.uk
4638,cargocollective.com
4639,pcworld.com
4640,moonfruit.com
4641,epa.gov
4642,google.nl
4643,yelp.com
4644,drupal.org
4645,ca.gov
4646,furl.net
4647,huffingtonpost.com
4648,1und1.de
4649,cnn.com
4650,xing.com
4651,ovh.net
4652,list-manage.com
4653,symantec.com
4654,altervista.org
4655,cyberchimps.com
4656,chron.com
4657,spotify.com
4658,hhs.gov
4659,engadget.com
4660,vinaora.com
4661,jalbum.net
4662,youtu.be
4663,geocities.jp
4664,google.it
4665,ucla.edu
4666,opera.com
4667,trellian.com
4668,t.co
4669,cyberchimps.com
4670,webmd.com
4671,sogou.com
4672,craigslist.org
4673,e-recht24.de
4674,feedburner.com
4675,so-net.ne.jp
4676,digg.com
4677,de.vu
4678,unesco.org
4679,eepurl.com
4680,nps.gov
4681,oracle.com
4682,walmart.com
4683,shinystat.com
4684,patch.com
4685,mashable.com
4686,edublogs.org
4687,redcross.org
4688,plala.or.jp
4689,uol.com.br
4690,mayoclinic.com
4691,theatlantic.com
4692,who.int
4693,so-net.ne.jp
4694,seesaa.net
4695,nbcnews.com
4696,harvard.edu
4697,sina.com.cn
4698,amazon.co.uk
4699,addtoany.com
4700,time.com
4701,biblegateway.com
4702,topsy.com
4703,printfriendly.com
4704,bbb.org
4705,cnbc.com
4706,earthlink.net
4707,hatena.ne.jp
4708,flavors.me
4709,fema.gov
4710,dailymotion.com
4711,a8.net
4712,house.gov
4713,squidoo.com
4714,bizjournals.com
4715,blogs.com
4716,trellian.com
4717,paginegialle.it
4718,naver.com
4719,dyndns.org
4720,google.com
4721,stanford.edu
4722,google.cn
4723,marriott.com
4724,home.pl
4725,seesaa.net
4726,elpais.com
4727,youtu.be
4728,msn.com
4729,technorati.com
4730,msn.com
4731,topsy.com
4732,google.de
4733,nature.com
4734,wired.com
4735,hexun.com
4736,uol.com.br
4737,census.gov
4738,tuttocitta.it
4739,1und1.de
4740,nydailynews.com
4741,japanpost.jp
4742,imdb.com
4743,instagram.com
4744,desdev.cn
4745,shop-pro.jp
4746,accuweather.com
4747,cornell.edu
4748,pen.io
4749,livejournal.com
4750,census.gov
4751,earthlink.net
4752,cam.ac.uk
4753,mac.com
4754,histats.com
4755,discovery.com
4756,cdbaby.com
4757,google.ru
4758,ow.ly
4759,topsy.com
4760,squarespace.com
4761,drupal.org
4762,adobe.com
4763,cnet.com
4764,youku.com
4765,dailymotion.com
4766,jugem.jp
4767,bizjournals.com
4768,foxnews.com
4769,over-blog.com
4770,pagesperso-orange.fr
4771,php.net
4772,mtv.com
4773,gov.uk
4774,parallels.com
4775,weather.com
4776,deviantart.com
4777,census.gov
4778,redcross.org
4779,purevolume.com
4780,phoca.cz
4781,google.com.br
4782,dedecms.com
4783,timesonline.co.uk
4784,cafepress.com
4785,infoseek.co.jp
4786,biglobe.ne.jp
4787,ifeng.com
4788,indiatimes.com
4789,cmu.edu
4790,facebook.com
4791,google.nl
4792,imdb.com
4793,si.edu
4794,phpbb.com
4795,skype.com
4796,craigslist.org
4797,businessweek.com
4798,imdb.com
4799,tinypic.com
4800,xinhuanet.com
4801,fotki.com
4802,sciencedaily.com
4803,weibo.com
4804,eepurl.com
4805,who.int
4806,ebay.com
4807,youku.com
4808,nbcnews.com
4809,hhs.gov
4810,mysql.com
4811,xinhuanet.com
4812,boston.com
4813,xrea.com
4814,psu.edu
4815,psu.edu
4816,biglobe.ne.jp
4817,tripod.com
4818,pinterest.com
4819,ifeng.com
4820,kickstarter.com
4821,utexas.edu
4822,netlog.com
4823,msu.edu
4824,yolasite.com
4825,1688.com
4826,t-online.de
4827,latimes.com
4828,histats.com
4829,statcounter.com
4830,wordpress.org
4831,de.vu
4832,wix.com
4833,google.pl
4834,admin.ch
4835,wordpress.org
4836,51.la
4837,blogger.com
4838,e-recht24.de
4839,nasa.gov
4840,nifty.com
4841,marriott.com
4842,pcworld.com
4843,goodreads.com
4844,dion.ne.jp
4845,ted.com
4846,rediff.com
4847,sphinn.com
4848,cdc.gov
4849,naver.com
4850,pbs.org
4851,acquirethisname.com
4852,elegantthemes.com
4853,instagram.com
4854,woothemes.com
4855,dedecms.com
4856,sina.com.cn
4857,w3.org
4858,irs.gov
4859,51.la
4860,goo.gl
4861,jigsy.com
4862,seattletimes.com
4863,xing.com
4864,surveymonkey.com
4865,csmonitor.com
4866,xinhuanet.com
4867,tripadvisor.com
4868,deviantart.com
4869,weibo.com
4870,google.co.uk
4871,bigcartel.com
4872,biglobe.ne.jp
4873,squidoo.com
4874,toplist.cz
4875,t.co
4876,shareasale.com
4877,twitpic.com
4878,nature.com
4879,skyrock.com
4880,virginia.edu
4881,flickr.com
4882,storify.com
4883,elpais.com
4884,chron.com
4885,prnewswire.com
4886,yolasite.com
4887,people.com.cn
4888,people.com.cn
4889,dmoz.org
4890,jalbum.net
4891,oakley.com
4892,whitehouse.gov
4893,sourceforge.net
4894,php.net
4895,bravesites.com
4896,google.nl
4897,apache.org
4898,jimdo.com
4899,mtv.com
4900,abc.net.au
4901,godaddy.com
4902,washingtonpost.com
4903,is.gd
4904,de.vu
4905,gnu.org
4906,yandex.ru
4907,census.gov
4908,liveinternet.ru
4909,pcworld.com
4910,sphinn.com
4911,mediafire.com
4912,zdnet.com
4913,springer.com
4914,timesonline.co.uk
4915,arizona.edu
4916,uol.com.br
4917,techcrunch.com
4918,mozilla.org
4919,census.gov
4920,hp.com
4921,webs.com
4922,upenn.edu
4923,yolasite.com
4924,ftc.gov
4925,123-reg.co.uk
4926,odnoklassniki.ru
4927,pen.io
4928,freewebs.com
4929,blogger.com
4930,123-reg.co.uk
4931,ucsd.edu
4932,utexas.edu
4933,sciencedaily.com
4934,oracle.com
4935,pcworld.com
4936,blogger.com
4937,newyorker.com
4938,de.vu
4939,github.io
4940,de.vu
4941,oracle.com
4942,netlog.com
4943,canalblog.com
4944,mashable.com
4945,naver.com
4946,wisc.edu
4947,opensource.org
4948,hubpages.com
4949,army.mil
4950,arizona.edu
4951,ycombinator.com
4952,usa.gov
4953,ed.gov
4954,surveymonkey.com
4955,paypal.com
4956,wikimedia.org
4957,umich.edu
4958,dropbox.com
4959,51.la
4960,netvibes.com
4961,bizjournals.com
4962,newyorker.com
4963,dot.gov
4964,lycos.com
4965,icq.com
4966,arstechnica.com
4967,360.cn
4968,earthlink.net
4969,nyu.edu
4970,webmd.com
4971,epa.gov
4972,ucoz.com
4973,amazonaws.com
4974,google.ca
4975,vimeo.com
4976,com.com
4977,pbs.org
4978,berkeley.edu
4979,earthlink.net
4980,instagram.com
4981,economist.com
4982,forbes.com
4983,usgs.gov
4984,goo.gl
4985,technorati.com
4986,cyberchimps.com
4987,cafepress.com
4988,spotify.com
4989,bizjournals.com
4990,github.io
4991,privacy.gov.au
4992,artisteer.com
4993,alibaba.com
4994,virginia.edu
4995,nbcnews.com
4996,nasa.gov
4997,cargocollective.com
4998,pinterest.com
4999,twitter.com
5000,ibm.com