1,Bess
2,Amy
3,Ariadne
4,Cissy
5,Jessika
6,Ebeneser
7,Emmey
8,Wheeler
9,Traci
10,Cristen
11,Lief
12,Nichols
13,Peter
14,Merci
15,Willamina
16,Rudie
17,Fidelio
18,Marni
19,Tomaso
20,Clifford
21,Phillipe
22,Meaghan
23,Brinn
24,Clive
25,Scarface
26,Gaultiero
27,Pearline
28,Che
29,Marianna
30,Corbet
31,Martguerita
32,Valentia
33,Ruy
34,Ewart
35,Juan
36,Mollee
37,Eveleen
38,Dinah
39,Tallie
40,Justine
41,Selena
42,Tandie
43,Suzette
44,Arie
45,Terrye
46,Cherice
47,Oneida
48,Howard
49,Alon
50,Kasper
51,Lilith
52,Tuckie
53,Wallie
54,Melesa
55,Ebonee
56,Dalton
57,Reagan
58,Martita
59,Benedikta
60,Ernie
61,Mamie
62,Druci
63,Cesare
64,Denney
65,Paule
66,Arlene
67,Deck
68,Connie
69,Maddy
70,Nevil
71,Kevin
72,Arielle
73,Xavier
74,Dix
75,Caspar
76,Sherm
77,Cynde
78,Bonny
79,Siffre
80,Atlante
81,Jeth
82,Norri
83,Hollyanne
84,Darbee
85,Bertram
86,Edie
87,Marjy
88,Granthem
89,Valli
90,Ronica
91,Alanna
92,Dallas
93,Dedra
94,Wilek
95,Lazaro
96,Alphonso
97,Magdalen
98,Faina
99,Broddie
100,Morgun
101,Florenza
102,Alikee
103,Aubert
104,Dew
105,Wilona
106,Selle
107,Tobin
108,Corrie
109,Bekki
110,Nahum
111,Janene
112,Byran
113,Neilla
114,Tomkin
115,De
116,Margaret
117,Amelie
118,Chaddy
119,Cherish
120,Noni
121,Barbra
122,Allard
123,Lexine
124,Thayne
125,Corrie
126,Alayne
127,Olav
128,Michal
129,Georas
130,Rickie
131,Elmer
132,Sheryl
133,Trix
134,Iona
135,Gris
136,Arvin
137,Shawnee
138,Benny
139,Micki
140,Audrie
141,Alfonso
142,Tobias
143,Paxon
144,Storm
145,Thorin
146,Allyson
147,Guinevere
148,Hazel
149,Esther
150,Beverie
151,Emlynne
152,Dedie
153,Gregorius
154,Constance
155,Vassili
156,Ellyn
157,Percy
158,Brenda
159,Jerrie
160,Lettie
161,Elisa
162,Edin
163,Lyn
164,Sadye
165,Hope
166,Mag
167,Johnnie
168,Maisey
169,Elianora
170,Jesselyn
171,Joe
172,Yancey
173,Vale
174,Corey
175,Hale
176,Drusi
177,Dasha
178,Nollie
179,Caye
180,Pincus
181,Theodora
182,Montague
183,Stacey
184,Spenser
185,Hort
186,Nedi
187,Simone
188,Sheelah
189,Rollie
190,Justus
191,Charo
192,Filbert
193,Drusy
194,Colette
195,Lisa
196,Marsh
197,Bryn
198,Waldon
199,Tammie
200,Putnem
201,Elwyn
202,Gisela
203,Esra
204,Karney
205,Dewey
206,Harper
207,Helenka
208,Dionis
209,Elihu
210,Eleonora
211,Stanfield
212,Constantine
213,Ivett
214,Dorise
215,Susan
216,Jill
217,Meg
218,Lark
219,Cara
220,Micki
221,Sutton
222,Miriam
223,Sharona
224,Candra
225,Jonas
226,Alecia
227,Kordula
228,Walden
229,Jimmie
230,Giordano
231,Trip
232,Desmond
233,Tracee
234,Claire
235,Margaretha
236,Avrit
237,Orelia
238,Zabrina
239,Glad
240,Aldric
241,Hope
242,Scot
243,Munmro
244,Tonye
245,Flem
246,Rodrick
247,Elna
248,Nanci
249,Kele
250,Kerrill
251,Falkner
252,Marline
253,Clareta
254,Mollee
255,Caryn
256,Aloysia
257,Briant
258,Eba
259,Cirilo
260,Ulick
261,Tamarra
262,Blondie
263,Cale
264,Sheffie
265,Margery
266,Perren
267,Sheela
268,Jacintha
269,Whit
270,Alecia
271,Shaun
272,Florence
273,Lavena
274,Murial
275,Lyda
276,Gearard
277,Gayle
278,Padget
279,Lil
280,Lexis
281,Orel
282,Desmund
283,Fina
284,Tremaine
285,Thea
286,Lacy
287,Tyrus
288,Nettle
289,Stacee
290,Nester
291,Brigit
292,Novelia
293,Lyndsay
294,Rocky
295,Minta
296,Ellery
297,Donica
298,Agatha
299,Clemence
300,Cristionna
301,Daphna
302,Ashlie
303,Kerri
304,Rochester
305,Francoise
306,Barrett
307,Farrah
308,Dorthea
309,Tammie
310,Shurwood
311,Hedy
312,Krissy
313,Juli
314,Gale
315,Malena
316,Maurene
317,Candace
318,Cos
319,Ofelia
320,Emelia
321,Norene
322,Angelina
323,Constantia
324,Hali
325,Sonnie
326,Eve
327,Gladi
328,Sonja
329,Northrop
330,Rhetta
331,Donal
332,Sharla
333,Michelina
334,Gabrielle
335,Carree
336,Wendall
337,Dugald
338,Dillie
339,Hayden
340,Tonie
341,Brady
342,Mitchael
343,Dora
344,Wendy
345,Reina
346,Jaye
347,Clarie
348,Ferguson
349,Dale
350,Brook
351,Jerri
352,Kennith
353,Elisa
354,Desmond
355,Jarrad
356,Kara
357,Gabey
358,Earl
359,Eleanora
360,Basilius
361,Tynan
362,Lonnard
363,Therine
364,Anet
365,Giffard
366,Brnaba
367,Ursala
368,Aindrea
369,Marianne
370,Cathi
371,Gweneth
372,Bryce
373,Magdaia
374,Rabbi
375,Sissy
376,Noni
377,Aurea
378,Starr
379,Arlana
380,Gwendolyn
381,Ardith
382,Justinn
383,Marlyn
384,Tilly
385,Jerald
386,Maridel
387,Merle
388,Orin
389,Teodoor
390,Aldridge
391,Abram
392,Jacquelynn
393,Harp
394,Brandon
395,Tandy
396,Letta
397,Somerset
398,Susi
399,Erwin
400,Nathanial
401,Elana
402,Viv
403,Everard
404,Margarette
405,Guss
406,Cointon
407,Virgil
408,Shena
409,Rozella
410,Farah
411,Devlen
412,Jenica
413,Bronny
414,Glori
415,Perle
416,Marcie
417,Diane-marie
418,Diahann
419,Ebony
420,Juli
421,Stanford
422,Bella
423,Ricca
424,Hartwell
425,Caitlin
426,Nataline
427,Gun
428,Mady
429,Carlynn
430,Felicio
431,Francene
432,Melisse
433,Leelah
434,Matthus
435,Vasilis
436,Rory
437,Roxine
438,Eddy
439,Franchot
440,Harri
441,Janna
442,Diena
443,Barde
444,Jacklin
445,Mateo
446,Tammara
447,Myrah
448,Elwood
449,Victoria
450,Korney
451,Estell
452,Patty
453,Perla
454,Christye
455,Carin
456,Jefferson
457,Mindy
458,Louisa
459,Chic
460,Noe
461,Jamison
462,Lanie
463,Alanson
464,Nolie
465,Jaimie
466,Nara
467,Lucias
468,Agnella
469,Cal
470,Ester
471,Donna
472,Trixy
473,Clayson
474,Milton
475,Adriena
476,Kevin
477,Brenden
478,Derron
479,Toma
480,Elbertine
481,Suzanne
482,Polly
483,Zoe
484,Doroteya
485,Andrea
486,Lew
487,Rosalinda
488,Vic
489,Sasha
490,Oran
491,Felicdad
492,Alissa
493,Correna
494,Fredelia
495,Myrta
496,Merrel
497,Dru
498,Michaella
499,Moe
500,Leah
501,Jennine
502,Clement
503,Ingar
504,Theodosia
505,Marcos
506,Graham
507,Alair
508,Kori
509,Susy
510,Arleyne
511,Gracia
512,Raul
513,Margy
514,Flossie
515,Lynna
516,Amanda
517,Peria
518,Zak
519,Stanfield
520,Dalston
521,Leelah
522,Nixie
523,Terri
524,Cheston
525,Kassie
526,Leilah
527,Dunc
528,Ursa
529,Khalil
530,Allie
531,Riannon
532,Leonardo
533,Delilah
534,Jack
535,Ambrosio
536,Yvon
537,Kane
538,Rollin
539,Burgess
540,Karie
541,Ty
542,Lion
543,Scarlett
544,Kala
545,Colette
546,Whitby
547,Quintina
548,Marlowe
549,Fowler
550,Bealle
551,Penny
552,Marigold
553,Kellby
554,Consolata
555,Hollyanne
556,Denyse
557,Kassey
558,Royce
559,Glory
560,Peggy
561,Melissa
562,Huntington
563,Vilhelmina
564,Burnard
565,Donni
566,Deeanne
567,Cassy
568,Gordan
569,Pearce
570,Fidelio
571,Oates
572,Gael
573,Maegan
574,Cathleen
575,Marline
576,Lorain
577,Brigham
578,Marna
579,Alyce
580,Demetrius
581,Veradis
582,Nickey
583,Alexandrina
584,Den
585,Clemmie
586,Dody
587,Genia
588,Millie
589,Gus
590,Alejandra
591,Winifield
592,Hollyanne
593,Glenine
594,Farrel
595,Guinevere
596,Meghann
597,Aland
598,Dyanna
599,Patrick
600,Issie
601,Bobbie
602,Sharon
603,Annalee
604,Emmi
605,Natalina
606,Bradney
607,Petrina
608,Patrizius
609,Caspar
610,Mechelle
611,Grata
612,Edithe
613,Abbey
614,Hy
615,Zorana
616,Lezlie
617,Melinde
618,Elbertina
619,Ham
620,Wake
621,Arda
622,Umeko
623,Liuka
624,Franky
625,Irita
626,Rivkah
627,Alleen
628,Georgy
629,Davita
630,Laureen
631,Liza
632,Flossi
633,Hill
634,Phedra
635,Judah
636,Galen
637,Rowney
638,Camilla
639,Brewer
640,Adda
641,Greta
642,Bartholomeus
643,Tirrell
644,Barbaraanne
645,Rouvin
646,Garvin
647,Samara
648,Danny
649,Craggie
650,Jody
651,Araldo
652,Ellene
653,Janos
654,Rubin
655,Lina
656,Lilith
657,Helene
658,Lorant
659,Regen
660,Garrott
661,Estrella
662,Donovan
663,Stinky
664,Zora
665,Thayne
666,Clio
667,Gus
668,Albertine
669,Halley
670,Keven
671,Joelly
672,Harrison
673,Gardie
674,Frazier
675,Tracey
676,Marcelo
677,Melisandra
678,Jackqueline
679,Holly
680,Addi
681,Cecil
682,Knox
683,Simon
684,Reube
685,Kristofor
686,Annette
687,Elisha
688,Margie
689,Gibb
690,Gray
691,Brear
692,Umeko
693,Krisha
694,Guillemette
695,Janaye
696,Aileen
697,Nathanael
698,Shalne
699,Siouxie
700,Dennie
701,Clyde
702,Francyne
703,Gale
704,My
705,Vinny
706,Thadeus
707,Tamqrah
708,Milly
709,Sandie
710,Katya
711,Gianna
712,Mavra
713,Kristoffer
714,Roselle
715,Lorry
716,Sonnie
717,Tod
718,Hanan
719,Eda
720,Charleen
721,Niel
722,Stefanie
723,Mufinella
724,Ree
725,Sophronia
726,Yolanthe
727,Jerrie
728,Harriett
729,Rennie
730,Hayward
731,Zerk
732,Monty
733,Tod
734,Helenka
735,Jeth
736,Lavinie
737,Stirling
738,Karole
739,Linoel
740,Jena
741,Gianni
742,Jordon
743,Loria
744,Twyla
745,Ezekiel
746,Franky
747,Nanni
748,Mead
749,Jesus
750,Eloise
751,Nicki
752,Tori
753,Enid
754,Phelia
755,Bethina
756,Gaston
757,Molli
758,Lorianna
759,Brenden
760,Lorette
761,Aindrea
762,Winonah
763,Malorie
764,Charmion
765,Angil
766,Marlo
767,Ursuline
768,Constantia
769,Ennis
770,Berte
771,Lazare
772,Ulrikaumeko
773,Broddie
774,Lamar
775,Wang
776,Frasier
777,Derril
778,Chelsea
779,Cyrillus
780,Lorrayne
781,Iggy
782,Jereme
783,Carmella
784,Anneliese
785,Jandy
786,Candice
787,Garry
788,Pamela
789,Chrissy
790,Fredra
791,Celinda
792,Corabella
793,Lizzie
794,Natassia
795,Cthrine
796,Diannne
797,Dalton
798,Rowe
799,Hamilton
800,Aviva
801,Garth
802,Karly
803,Zollie
804,Rozele
805,Gelya
806,Kinna
807,Melisande
808,Judd
809,Nellie
810,Peggy
811,Lyon
812,Muire
813,Burk
814,Chris
815,Jackson
816,Claudell
817,Valenka
818,Ogden
819,Kean
820,Joane
821,Alejandrina
822,Cele
823,Berthe
824,Dov
825,Kennedy
826,Elton
827,Vernice
828,Jefferey
829,Wandis
830,Ab
831,Jud
832,Jeana
833,Forrest
834,Alvinia
835,Anjanette
836,Barbette
837,Shurwood
838,Michele
839,Cathrin
840,Ben
841,Twyla
842,Fay
843,Rona
844,Sonya
845,Reggy
846,Lexine
847,Antoni
848,Bobbe
849,Mirabel
850,Arie
851,Tod
852,Fran
853,Rafael
854,Betsey
855,Elmer
856,Cristina
857,Kristin
858,Babara
859,Bunny
860,Joete
861,Brandise
862,Tristam
863,Grove
864,Charlotte
865,Tabb
866,Cairistiona
867,Francisco
868,Lanie
869,Krissy
870,Ebeneser
871,Willard
872,Andrei
873,Frederich
874,Marillin
875,Irvin
876,Meghan
877,Moshe
878,Sanders
879,Rudolf
880,Cazzie
881,Braden
882,Feodora
883,Bennie
884,Ermin
885,Zolly
886,Leanor
887,Etheline
888,Zorah
889,Eilis
890,Adrian
891,Hally
892,Marillin
893,Eydie
894,Freida
895,Keelia
896,Wallace
897,Danyelle
898,Cornie
899,Barn
900,Gwenni
901,Mala
902,Cally
903,Rina
904,Randall
905,Lisette
906,Ann
907,Sven
908,Misty
909,Misti
910,Lelia
911,Trude
912,Arie
913,Halette
914,Maggee
915,Tomi
916,Camellia
917,Keefer
918,Hermy
919,Randi
920,Nolana
921,Daphene
922,Berty
923,Jacinda
924,Jamil
925,Vincent
926,Chrisy
927,Curtice
928,Guendolen
929,Birch
930,Gail
931,Shaun
932,Dora
933,Nannie
934,Mimi
935,Ebenezer
936,Marlee
937,Gus
938,Prentiss
939,Gilli
940,Kipper
941,Evin
942,Abbie
943,Pennie
944,Ynez
945,Rockwell
946,Elly
947,Ryan
948,Nonna
949,Eadie
950,Alfred
951,Ethelyn
952,Kelli
953,Morse
954,Gabie
955,Aeriela
956,Irwin
957,Mattias
958,Winny
959,Elly
960,Amalie
961,Udell
962,Michel
963,Jeffy
964,Marta
965,Brandy
966,Iolanthe
967,Hannie
968,Udale
969,Ida
970,Ezra
971,Dallas
972,Barnabas
973,Wakefield
974,Lavena
975,Edwina
976,Julian
977,Arlie
978,Laetitia
979,Willdon
980,Corbet
981,Staford
982,Rena
983,Xever
984,Jesselyn
985,Bank
986,Dennie
987,Olvan
988,Corine
989,Diana
990,Aaren
991,Teador
992,Standford
993,Tory
994,Easter
995,Sibylla
996,Ruth
997,Haslett
998,Alvan
999,Coleman
1000,Emmy
1001,Marie-thérèse
1002,Mélinda
1003,Görel
1004,Nadège
1005,Gaïa
1006,André
1007,Josée
1008,Maëlyss
1009,Östen
1010,Sélène
1011,Yè
1012,Ruò
1013,Rachèle
1014,Dà
1015,Océanne
1016,Félicie
1017,Irène
1018,Agnès
1019,Océane
1020,Mélia
1021,Renée
1022,Lucrèce
1023,Joséphine
1024,Adélie
1025,Cinéma
1026,Cléopatre
1027,Lorène
1028,Léonore
1029,André
1030,Faîtes
1031,Léandre
1032,Cunégonde
1033,Jú
1034,Daphnée
1035,Loïc
1036,Nadège
1037,Intéressant
1038,Thérèse
1039,Françoise
1040,Bécassine
1041,Edmée
1042,Léonie
1043,Joséphine
1044,Yè
1045,Maïlis
1046,Tán
1047,Desirée
1048,Pénélope
1049,Magdalène
1050,Anaëlle
1051,Vérane
1052,Gérald
1053,Kù
1054,Gaïa
1055,Dà
1056,Angélique
1057,Ruì
1058,Rébecca
1059,Adélaïde
1060,Maëline
1061,Géraldine
1062,Maïwenn
1063,Céline
1064,Maëlyss
1065,Clémence
1066,Joséphine
1067,Illustrée
1068,Stévina
1069,Gérald
1070,Nadège
1071,Gisèle
1072,Maï
1073,Gwenaëlle
1074,Cléa
1075,Léone
1076,Göran
1077,Táng
1078,Maï
1079,Clélia
1080,Gwenaëlle
1081,Andrée
1082,Bécassine
1083,Océanne
1084,Illustrée
1085,Naéva
1086,Maïly
1087,Zhì
1088,Alizée
1089,Adélaïde
1090,Maïté
1091,Aurélie
1092,Eloïse
1093,Cinéma
1094,Léana
1095,Maëlle
1096,Östen
1097,Cléopatre
1098,Annotée
1099,Tú
1100,Börje
1101,Gwenaëlle
1102,Dù
1103,Solène
1104,Mélina
1105,Maëlys
1106,Rachèle
1107,Marie-ève
1108,Rachèle
1109,Salomé
1110,Marie-françoise
1111,Maïwenn
1112,Judicaël
1113,Naëlle
1114,Méryl
1115,Josée
1116,Léonore
1117,Nadège
1118,Intéressant
1119,Mahélie
1120,Estève
1121,Léa
1122,Örjan
1123,Nuó
1124,Dafnée
1125,Kallisté
1126,Yáo
1127,Kévina
1128,Irène
1129,Örjan
1130,Clémentine
1131,Björn
1132,Geneviève
1133,Dà
1134,Gaëlle
1135,Lyséa
1136,Maïly
1137,Réservés
1138,Maïté
1139,Göran
1140,Hélèna
1141,Clémence
1142,Loïc
1143,Salomé
1144,Josée
1145,Zoé
1146,Eléonore
1147,Personnalisée
1148,Andrée
1149,Måns
1150,Yóu
1151,Åslög
1152,Publicité
1153,Garçon
1154,Méline
1155,Thérèse
1156,Zoé
1157,Laïla
1158,Marie-ève
1159,Méline
1160,Marie-thérèse
1161,Nélie
1162,Estée
1163,Zhì
1164,Andréa
1165,Maëline
1166,Léandre
1167,Maïté
1168,Yóu
1169,Marie-françoise
1170,Kallisté
1171,Stéphanie
1172,Laurélie
1173,Lén
1174,Dorothée
1175,Hélèna
1176,Kù
1177,Håkan
1178,Pål
1179,Nuó
1180,Méline
1181,Miléna
1182,Personnalisée
1183,Ruò
1184,Örjan
1185,Maïwenn
1186,Eugénie
1187,Mylène
1188,Léandre
1189,Athéna
1190,Aurélie
1191,Illustrée
1192,Eloïse
1193,Noëlla
1194,Nuó
1195,Östen
1196,Eugénie
1197,Mégane
1198,Märta
1199,Wá
1200,Pélagie
1201,Åsa
1202,Kallisté
1203,Séverine
1204,Léonie
1205,Garçon
1206,Loïc
1207,Renée
1208,Méryl
1209,Björn
1210,Naéva
1211,Maï
1212,Mélinda
1213,Maëly
1214,Adélie
1215,Anaëlle
1216,Gaëlle
1217,Josée
1218,Nélie
1219,Mén
1220,Mélodie
1221,Célia
1222,Noëlla
1223,Cunégonde
1224,Rébecca
1225,Vérane
1226,Maëlla
1227,Maïwenn
1228,André
1229,Léonore
1230,Cécile
1231,Loïs
1232,Réservés
1233,Garçon
1234,Estée
1235,Mélina
1236,Noëlla
1237,Gwenaëlle
1238,Anaé
1239,Françoise
1240,Marylène
1241,Aurélie
1242,Dà
1243,Thérèse
1244,Örjan
1245,Göran
1246,Cloé
1247,Intéressant
1248,Marie-ève
1249,Ruò
1250,Aloïs
1251,Yú
1252,Maëlle
1253,Tú
1254,Dà
1255,Zoé
1256,Yáo
1257,Kallisté
1258,Maéna
1259,Océanne
1260,Gwenaëlle
1261,Océane
1262,Céline
1263,Styrbjörn
1264,Erwéi
1265,Dà
1266,Gösta
1267,Mélia
1268,Gaëlle
1269,Camélia
1270,Anaïs
1271,Adèle
1272,Léa
1273,Zhì
1274,Miléna
1275,Örjan
1276,Gaétane
1277,Maëlla
1278,Maïlis
1279,Björn
1280,Bérénice
1281,Estève
1282,Noémie
1283,Maïwenn
1284,Anaïs
1285,Bérangère
1286,Marie-françoise
1287,Anaëlle
1288,Vénus
1289,Clémentine
1290,Tú
1291,Intéressant
1292,Mélina
1293,Wá
1294,Estève
1295,Ophélie
1296,Yú
1297,Maéna
1298,Lorène
1299,Cloé
1300,Lucrèce
1301,Anaël
1302,Crééz
1303,Marylène
1304,Thérèse
1305,Réjane
1306,Solène
1307,Loïs
1308,Cléa
1309,Solène
1310,Annotés
1311,Ruì
1312,Aurélie
1313,Märta
1314,Adèle
1315,Ophélie
1316,Naëlle
1317,Laurène
1318,Gaëlle
1319,Maïté
1320,Kévina
1321,Noémie
1322,Mégane
1323,Alizée
1324,Göran
1325,Gösta
1326,Håkan
1327,Réservés
1328,Stévina
1329,Angélique
1330,Tú
1331,Eliès
1332,Maïlys
1333,Cunégonde
1334,Marie-hélène
1335,Maëlys
1336,Maëlle
1337,Adélie
1338,Pål
1339,Ophélie
1340,Judicaël
1341,Valérie
1342,Mén
1343,Publicité
1344,Mélys
1345,Wá
1346,Jú
1347,Maëline
1348,Gaïa
1349,Cécilia
1350,Gaétane
1351,Mà
1352,Marie-thérèse
1353,Rébecca
1354,Néhémie
1355,Michèle
1356,Pò
1357,Aurélie
1358,Aí
1359,Réservés
1360,Marie-josée
1361,Marie-ève
1362,Judicaël
1363,Lyséa
1364,Dù
1365,Estée
1366,Danièle
1367,Léandre
1368,Liè
1369,Judicaël
1370,Maëlle
1371,Néhémie
1372,Mylène
1373,Maï
1374,Illustrée
1375,Jú
1376,Loïca
1377,Méng
1378,Eléonore
1379,Garçon
1380,Inès
1381,Thérèse
1382,Laïla
1383,Bérengère
1384,Pénélope
1385,Aí
1386,Séréna
1387,Håkan
1388,Sòng
1389,Marie-ève
1390,Maïlys
1391,Maïwenn
1392,Maïwenn
1393,Laïla
1394,Maëlla
1395,Céline
1396,Erwéi
1397,Crééz
1398,Fèi
1399,Michèle
1400,Laurélie
1401,Mélanie
1402,Måns
1403,Michèle
1404,Léa
1405,Annotée
1406,Örjan
1407,Audréanne
1408,Eloïse
1409,Fèi
1410,Estée
1411,Kù
1412,Daphnée
1413,Magdalène
1414,Andréanne
1415,Célia
1416,Dù
1417,Alizée
1418,Maëlyss
1419,Cloé
1420,Thérèsa
1421,Kuí
1422,Mahélie
1423,Cunégonde
1424,Björn
1425,Nadège
1426,Eliès
1427,Liè
1428,Intéressant
1429,Pò
1430,Måns
1431,Mén
1432,Léone
1433,Salomé
1434,Yè
1435,Jú
1436,Andréanne
1437,Simplifiés
1438,Josée
1439,Lóng
1440,Mélinda
1441,Yénora
1442,Loïca
1443,Noémie
1444,Mélia
1445,Maïté
1446,Wá
1447,Félicie
1448,Illustrée
1449,Cinéma
1450,Clémentine
1451,Estève
1452,Liè
1453,Maëlann
1454,Liè
1455,Mélinda
1456,Bécassine
1457,Léonore
1458,Eliès
1459,Michèle
1460,Magdalène
1461,Liè
1462,Néhémie
1463,Réjane
1464,Kù
1465,Lài
1466,Illustrée
1467,Eugénie
1468,Gwenaëlle
1469,Esbjörn
1470,Östen
1471,Liè
1472,Ruì
1473,Adèle
1474,Maëlann
1475,Nadège
1476,Léandre
1477,Maëlann
1478,Lorène
1479,Mén
1480,Håkan
1481,Mylène
1482,Maï
1483,Maéna
1484,Börje
1485,Frédérique
1486,Maëly
1487,Pål
1488,Thérèse
1489,Åke
1490,Kallisté
1491,Cléopatre
1492,Magdalène
1493,Garçon
1494,Josée
1495,Maïlys
1496,Nadège
1497,Séréna
1498,Marie-noël
1499,Lóng
1500,Ruò
1501,Sòng
1502,Méghane
1503,Noëlla
1504,Kévina
1505,Mén
1506,Maïwenn
1507,Méline
1508,Réservés
1509,Stévina
1510,Intéressant
1511,Adèle
1512,Ráo
1513,Bérengère
1514,Aloïs
1515,Marie-ève
1516,Pélagie
1517,Cléopatre
1518,Göran
1519,Illustrée
1520,Méng
1521,Estève
1522,Bérengère
1523,Gaïa
1524,Ophélie
1525,Personnalisée
1526,Laurène
1527,Gaétane
1528,Mélia
1529,Åslög
1530,Lauréna
1531,Maëline
1532,Eléonore
1533,Marie-thérèse
1534,Illustrée
1535,Börje
1536,Bécassine
1537,Gwenaëlle
1538,Cécilia
1539,Cloé
1540,Zoé
1541,Béatrice
1542,Marylène
1543,Marie-thérèse
1544,Séverine
1545,Loïs
1546,Mélinda
1547,Vénus
1548,Laurélie
1549,Mélia
1550,Clélia
1551,Camélia
1552,Wá
1553,Léana
1554,Wá
1555,Gösta
1556,Maïlys
1557,Loïca
1558,Noëlla
1559,Marie-noël
1560,Åke
1561,Valérie
1562,Laurène
1563,Maïwenn
1564,Marie-françoise
1565,Réjane
1566,Marie-noël
1567,Anaïs
1568,Mélissandre
1569,Åsa
1570,Andréa
1571,Eloïse
1572,Uò
1573,Mégane
1574,Marie-françoise
1575,Léa
1576,Intéressant
1577,Méryl
1578,Yóu
1579,Léandre
1580,Maëlys
1581,Marie-thérèse
1582,Léane
1583,Anaé
1584,Cloé
1585,Eléa
1586,Mégane
1587,Ráo
1588,Léa
1589,Gisèle
1590,Loïca
1591,Lài
1592,Bénédicte
1593,Görel
1594,Océanne
1595,Edmée
1596,Lóng
1597,Adélaïde
1598,Adèle
1599,Almérinda
1600,Laurélie
1601,Yáo
1602,Wá
1603,Clémence
1604,Dà
1605,Valérie
1606,Erwéi
1607,Åsa
1608,Björn
1609,Gwenaëlle
1610,Géraldine
1611,Clélia
1612,Méghane
1613,Ráo
1614,Maëlys
1615,Océanne
1616,Agnès
1617,Angélique
1618,Märta
1619,Yè
1620,Dafnée
1621,Marie-josée
1622,Åslög
1623,Maëly
1624,Östen
1625,Maëlla
1626,Dà
1627,Anaël
1628,Mylène
1629,Faîtes
1630,Yè
1631,Mén
1632,Lucrèce
1633,Françoise
1634,Agnès
1635,Renée
1636,Håkan
1637,Maëline
1638,Maïlys
1639,Gwenaëlle
1640,Maëline
1641,Intéressant
1642,Maëlys
1643,Océane
1644,Réjane
1645,Mélinda
1646,Stéphanie
1647,Méryl
1648,Gwenaëlle
1649,Adélaïde
1650,Nélie
1651,Maëline
1652,Mahélie
1653,Eloïse
1654,Personnalisée
1655,Annotés
1656,Åsa
1657,Marie-hélène
1658,Judicaël
1659,Miléna
1660,Bérangère
1661,Edmée
1662,Noémie
1663,Garçon
1664,Lauréna
1665,Réservés
1666,Camélia
1667,Mårten
1668,Angélique
1669,Mélissandre
1670,Lorène
1671,Cécilia
1672,Thérèse
1673,Mahélie
1674,Bénédicte
1675,Solène
1676,Frédérique
1677,Laurène
1678,Marie-françoise
1679,Simplifiés
1680,Kù
1681,Naéva
1682,Chloé
1683,Géraldine
1684,Loïs
1685,Maëlle
1686,Stéphanie
1687,Maïly
1688,Alizée
1689,Aimée
1690,Bérénice
1691,Méng
1692,Océane
1693,Ruò
1694,Léana
1695,Renée
1696,Andrée
1697,Françoise
1698,Laurène
1699,Rébecca
1700,Cécilia
1701,Inès
1702,Bérénice
1703,Fèi
1704,Océanne
1705,Adélie
1706,Estève
1707,Jú
1708,Solène
1709,Gérald
1710,Åke
1711,Ophélie
1712,Magdalène
1713,Gisèle
1714,Östen
1715,Håkan
1716,Cléopatre
1717,Gérald
1718,Eléa
1719,Maï
1720,Méng
1721,Camélia
1722,Valérie
1723,Aí
1724,Josée
1725,Anaëlle
1726,Mélinda
1727,Sélène
1728,Régine
1729,Mélia
1730,Méghane
1731,Mélys
1732,Annotée
1733,Desirée
1734,Lauréna
1735,Noëlla
1736,Camélia
1737,Pénélope
1738,Eloïse
1739,Annotée
1740,Marie-ève
1741,Séverine
1742,Judicaël
1743,Anaël
1744,Gaétane
1745,Marie-josée
1746,Gérald
1747,Eléa
1748,Märta
1749,Cléopatre
1750,Daphnée
1751,Andréa
1752,Eléonore
1753,Céline
1754,Tú
1755,Méline
1756,Chloé
1757,Eugénie
1758,Léane
1759,Anaël
1760,Noémie
1761,Esbjörn
1762,Lài
1763,Chloé
1764,Marlène
1765,Chloé
1766,Daphnée
1767,Thérèse
1768,Camélia
1769,Kuí
1770,Maëlann
1771,Gérald
1772,Léonore
1773,Léone
1774,Eugénie
1775,Hélèna
1776,Marylène
1777,Hélèna
1778,Cléopatre
1779,Célia
1780,Méryl
1781,Loïs
1782,Bérénice
1783,Eliès
1784,Marie-noël
1785,Solène
1786,Adèle
1787,Mélinda
1788,Néhémie
1789,Mårten
1790,Sélène
1791,Kù
1792,Célestine
1793,Anaïs
1794,Noëlla
1795,Publicité
1796,Zhì
1797,Lyséa
1798,Laurène
1799,Faîtes
1800,Eugénie
1801,Dà
1802,Táng
1803,Loïs
1804,Lucrèce
1805,Estée
1806,Yè
1807,Clémentine
1808,Mahélie
1809,Nélie
1810,Léana
1811,Kévina
1812,Gwenaëlle
1813,Tán
1814,Maëlle
1815,Célestine
1816,Maïté
1817,Styrbjörn
1818,Thérèse
1819,Börje
1820,Maïwenn
1821,Sélène
1822,Marylène
1823,Uò
1824,Cécile
1825,Clémentine
1826,Dà
1827,Erwéi
1828,Maëlla
1829,Laïla
1830,Maëlla
1831,Ruì
1832,Noémie
1833,Mylène
1834,Méthode
1835,Clémentine
1836,Célia
1837,Lyséa
1838,Pål
1839,Amélie
1840,Zoé
1841,Chloé
1842,Naéva
1843,Kévina
1844,Marie-françoise
1845,Dù
1846,Uò
1847,Camélia
1848,Céline
1849,Naéva
1850,Laïla
1851,Åke
1852,Maïwenn
1853,Sélène
1854,Françoise
1855,Cécilia
1856,Åsa
1857,Adélie
1858,Thérèsa
1859,Gisèle
1860,Gérald
1861,Bérénice
1862,Frédérique
1863,Miléna
1864,Cécile
1865,Daphnée
1866,Céline
1867,Marie-thérèse
1868,Kallisté
1869,Maéna
1870,Ophélie
1871,Anaël
1872,Mélia
1873,Maïly
1874,Eliès
1875,Cunégonde
1876,André
1877,Desirée
1878,Garçon
1879,Laïla
1880,Marlène
1881,Léana
1882,Estève
1883,Kévina
1884,Joséphine
1885,Céline
1886,Camélia
1887,Mélia
1888,Marie-ève
1889,Pò
1890,Östen
1891,Léone
1892,Gösta
1893,Solène
1894,Josée
1895,Publicité
1896,Dafnée
1897,Naéva
1898,Göran
1899,Lén
1900,Annotés
1901,Inès
1902,Uò
1903,Océanne
1904,Daphnée
1905,Miléna
1906,Yè
1907,Tú
1908,Edmée
1909,Judicaël
1910,Agnès
1911,Joséphine
1912,Méng
1913,Anaïs
1914,Mén
1915,Maïté
1916,Hélène
1917,Irène
1918,Maëlyss
1919,Eléonore
1920,Audréanne
1921,Océanne
1922,Eloïse
1923,Frédérique
1924,Daphnée
1925,Gaëlle
1926,Geneviève
1927,Uò
1928,Mårten
1929,Åke
1930,Océanne
1931,Méryl
1932,Cécilia
1933,Åke
1934,Maïly
1935,Tú
1936,Lèi
1937,Publicité
1938,Inès
1939,Néhémie
1940,Lài
1941,Kuí
1942,Fèi
1943,Béatrice
1944,Cécile
1945,Mårten
1946,Valérie
1947,Maïlys
1948,Nadège
1949,Göran
1950,Maëlys
1951,Méline
1952,Lén
1953,Annotée
1954,Nuó
1955,Michèle
1956,Rébecca
1957,Simplifiés
1958,Dafnée
1959,Marlène
1960,Océane
1961,Maëlys
1962,Bérénice
1963,Réjane
1964,Måns
1965,Marie-ève
1966,Dafnée
1967,Lorène
1968,Björn
1969,Irène
1970,Yáo
1971,Naéva
1972,Solène
1973,Kuí
1974,Athéna
1975,Rébecca
1976,Aí
1977,Régine
1978,Méline
1979,Faîtes
1980,Judicaël
1981,Valérie
1982,Anaël
1983,Maéna
1984,Thérèsa
1985,Laïla
1986,Mélodie
1987,Laurélie
1988,Agnès
1989,Gisèle
1990,Nadège
1991,Loïca
1992,Agnès
1993,André
1994,Marie-noël
1995,Célestine
1996,Bérengère
1997,Josée
1998,Mélodie
1999,Anaé
2000,Daphnée
2001,Beatrisa
2002,Ileane
2003,Dulcine
2004,Daffy
2005,Connie
2006,Hetty
2007,Melisenda
2008,Alissa
2009,Wini
2010,Cathee
2011,Norina
2012,Willie
2013,Karalee
2014,Stephana
2015,Maddi
2016,Kally
2017,Biddie
2018,Isabelle
2019,Kelsey
2020,Samantha
2021,Emilie
2022,Hali
2023,Clio
2024,Kimberlyn
2025,Renie
2026,Saba
2027,Alexi
2028,Nicki
2029,Guenna
2030,Pavla
2031,Ronny
2032,Emma
2033,Fanechka
2034,Frederique
2035,Roze
2036,Sile
2037,Malinda
2038,Bonita
2039,Barbee
2040,Cristina
2041,Anastasie
2042,Sybilla
2043,Willyt
2044,Pamela
2045,Myrtia
2046,Flore
2047,Candice
2048,Lilian
2049,Giacinta
2050,Veradis
2051,Isabeau
2052,Gabriell
2053,Ethelind
2054,Jacquelynn
2055,Charlena
2056,Vanessa
2057,Ardys
2058,Cindi
2059,Kayla
2060,Sonia
2061,Nelli
2062,Vilhelmina
2063,Binni
2064,Willetta
2065,Gretna
2066,Ealasaid
2067,Abigale
2068,Ellie
2069,Tallou
2070,Marj
2071,Melodie
2072,Honoria
2073,Loleta
2074,Riki
2075,Vitoria
2076,Jennee
2077,Nicole
2078,Ardenia
2079,Ryann
2080,Sidonnie
2081,Albina
2082,Ibbie
2083,Tracee
2084,Irma
2085,Eva
2086,Yevette
2087,Bethena
2088,Karil
2089,Michaela
2090,Correy
2091,Candi
2092,Gaylene
2093,Rochella
2094,Rosabella
2095,Julita
2096,Rachael
2097,Cristabel
2098,Bernete
2099,Steffie
2100,Zsa zsa
2101,Jewel
2102,Ysabel
2103,Juline
2104,Leda
2105,Gabrielle
2106,Faustine
2107,Genna
2108,Rosene
2109,Blinni
2110,Denna
2111,Robbin
2112,Shea
2113,Bette
2114,Kakalina
2115,Bette
2116,Corrinne
2117,Tasia
2118,Eugenie
2119,Dynah
2120,Nancee
2121,Wendy
2122,Danice
2123,Marley
2124,Claresta
2125,Erda
2126,Emelia
2127,Flora
2128,Nonna
2129,Ruperta
2130,Maurita
2131,Gabey
2132,Nadeen
2133,Roxie
2134,Drusy
2135,Rhody
2136,Ciel
2137,Cassondra
2138,Zilvia
2139,Maryellen
2140,Merridie
2141,Cosette
2142,Kellen
2143,Nadine
2144,Josie
2145,Zara
2146,Kirstin
2147,Caitlin
2148,Dodie
2149,Dory
2150,Etheline
2151,Korney
2152,Ailey
2153,Corette
2154,Dede
2155,Laura
2156,Dora
2157,Conchita
2158,Collen
2159,Idaline
2160,Korrie
2161,Patrizia
2162,Leilah
2163,Hermione
2164,Zora
2165,Anne
2166,Emmalynne
2167,Keri
2168,Dorine
2169,Brittani
2170,Orelee
2171,Christi
2172,Emilie
2173,Carole
2174,Pat
2175,Bessie
2176,Tansy
2177,Olia
2178,Melicent
2179,Ira
2180,Enriqueta
2181,Lia
2182,Storm
2183,Trula
2184,Enrichetta
2185,Rani
2186,Phyllys
2187,Babette
2188,Tiff
2189,Dennie
2190,Irene
2191,Benoite
2192,Ora
2193,Dyana
2194,Kerri
2195,Catharina
2196,Pamela
2197,Bab
2198,Tandie
2199,Klarrisa
2200,Andeee
2201,Catarina
2202,Elane
2203,Sheelah
2204,Rozalin
2205,Aigneis
2206,Tabbi
2207,Tamarah
2208,Mercedes
2209,Kittie
2210,Biddie
2211,Irina
2212,Con
2213,Ede
2214,Elianore
2215,Chloris
2216,Jenine
2217,Madelin
2218,Carmelina
2219,Etta
2220,Tuesday
2221,Cyndia
2222,Tilda
2223,Colleen
2224,Blakelee
2225,Loree
2226,Francyne
2227,Olenka
2228,Ashil
2229,Gabriellia
2230,Celestyn
2231,Trixi
2232,Sheba
2233,Tony
2234,Lela
2235,Donni
2236,Henrie
2237,Aridatha
2238,Francine
2239,Daile
2240,Rickie
2241,Susanne
2242,Kelley
2243,Sheba
2244,Doreen
2245,Kristel
2246,Ophelia
2247,Clem
2248,Tiphany
2249,Mirabelle
2250,Auroora
2251,Enrichetta
2252,Angelika
2253,Laurie
2254,Gabbey
2255,Amandie
2256,Gabbey
2257,Elinor
2258,Stepha
2259,Alvina
2260,Dionne
2261,Yoshiko
2262,Doralynne
2263,Edi
2264,Blanch
2265,Joscelin
2266,Joellyn
2267,Angelina
2268,Latashia
2269,Angela
2270,Mercie
2271,Therese
2272,Jobye
2273,Hedvig
2274,Colene
2275,Christean
2276,Christa
2277,Jaimie
2278,Talia
2279,Frankie
2280,Karlie
2281,Brigitte
2282,Celestina
2283,Clem
2284,Marjie
2285,Bobbi
2286,Merralee
2287,Cherish
2288,Marabel
2289,Mandi
2290,Arlina
2291,Codee
2292,Darb
2293,Emmye
2294,Whitney
2295,Marguerite
2296,Fey
2297,Darby
2298,Louella
2299,Carlee
2300,Daisy
2301,Lonee
2302,Jacquie
2303,Hallie
2304,Felicdad
2305,Codie
2306,Anetta
2307,Emeline
2308,Evvie
2309,Christa
2310,Constantia
2311,Shirleen
2312,Gael
2313,Emmy
2314,Janela
2315,Krystle
2316,Betty
2317,Vilhelmina
2318,Verena
2319,Cecile
2320,Jaymee
2321,Dorelle
2322,Anissa
2323,Madlin
2324,Danny
2325,Arluene
2326,Chris
2327,Willi
2328,Sharla
2329,Cathryn
2330,Debora
2331,Carmela
2332,Nelia
2333,Tiff
2334,Lottie
2335,Honey
2336,Emeline
2337,Catha
2338,Debra
2339,Jacinthe
2340,Judy
2341,Betti
2342,Magdalena
2343,Nessi
2344,Corly
2345,Murielle
2346,Eleanora
2347,Dorotea
2348,Evvy
2349,Sydney
2350,Patrica
2351,Bert
2352,Magdalen
2353,Jacynth
2354,Aryn
2355,Cindra
2356,Martha
2357,Anabal
2358,Sharla
2359,Norean
2360,Molli
2361,Samaria
2362,Beatrisa
2363,Roze
2364,Delcina
2365,Alfie
2366,Sheilakathryn
2367,Kare
2368,Kettie
2369,Mariette
2370,Vanda
2371,Beret
2372,Kerstin
2373,Lorinda
2374,Zondra
2375,Nicole
2376,Winnah
2377,Erminie
2378,Opal
2379,Karlotta
2380,Marcelle
2381,Robena
2382,Constanta
2383,Maible
2384,Appolonia
2385,Janenna
2386,Coleen
2387,Madel
2388,Yovonnda
2389,Erminia
2390,Beatrix
2391,Melloney
2392,Joelie
2393,Dion
2394,Jaime
2395,Noell
2396,Didi
2397,Tine
2398,Jordan
2399,Carri
2400,Becki
2401,Giulietta
2402,Lira
2403,Cherice
2404,Merl
2405,Melisande
2406,Ariel
2407,Isabella
2408,Sharai
2409,Adriana
2410,Lizzy
2411,Blondell
2412,Cori
2413,Marie-ann
2414,Dina
2415,Viva
2416,Rica
2417,Wandis
2418,Sara
2419,Ermentrude
2420,Vivia
2421,Glennie
2422,Lilith
2423,Georgena
2424,Alanah
2425,Zea
2426,Ursula
2427,Chandal
2428,Cathyleen
2429,Melanie
2430,Sarena
2431,Gwenette
2432,Elisha
2433,Janey
2434,Sherrie
2435,Jeana
2436,Hannah
2437,Rosy
2438,Cyndia
2439,Myrtice
2440,Helen-elizabeth
2441,Lillian
2442,Julienne
2443,Emelda
2444,Consuela
2445,Sybilla
2446,Stacee
2447,Delora
2448,Amberly
2449,Valida
2450,Charmian
2451,Cherida
2452,Mellisent
2453,Anne
2454,Lyndell
2455,Aretha
2456,Pepi
2457,Philomena
2458,Tracy
2459,Delcina
2460,Carey
2461,Viv
2462,Eilis
2463,Pippy
2464,Corena
2465,Kori
2466,Gigi
2467,Avis
2468,Alvina
2469,Carrissa
2470,Kerstin
2471,Felecia
2472,Shir
2473,Evangeline
2474,Ingrid
2475,Dasha
2476,Ema
2477,Eugine
2478,Felicia
2479,Eda
2480,Dulcinea
2481,Lenna
2482,Adrian
2483,Teresita
2484,Sonny
2485,Lulu
2486,Freida
2487,Kristy
2488,Mari
2489,Harley
2490,Viviyan
2491,Julia
2492,Mellie
2493,Constantina
2494,Konstance
2495,Eyde
2496,Evvie
2497,Lettie
2498,Jody
2499,Alica
2500,Rahel
2501,Tiphany
2502,Ethyl
2503,Leeanne
2504,Nadia
2505,Jeni
2506,Janella
2507,Sharai
2508,Bernetta
2509,Leta
2510,Louise
2511,Crissy
2512,Myrta
2513,Hesther
2514,Kalina
2515,Nerte
2516,Gwyn
2517,Candice
2518,Hester
2519,Kirsti
2520,Rozina
2521,Bianca
2522,Joana
2523,Astrid
2524,Colette
2525,Darlleen
2526,Ermina
2527,Tasia
2528,Lyssa
2529,Sharai
2530,Arlette
2531,Matelda
2532,Roanna
2533,Justinn
2534,Averil
2535,Talia
2536,Deane
2537,Vin
2538,Morgan
2539,Clotilda
2540,Jewel
2541,Caty
2542,Terrijo
2543,Fancie
2544,Roze
2545,Vida
2546,Yalonda
2547,Sabina
2548,Lara
2549,Lotty
2550,Katha
2551,Elaina
2552,Hilliary
2553,Annmarie
2554,Noella
2555,Mariette
2556,Tamara
2557,Malory
2558,Hatti
2559,Konstance
2560,Phaidra
2561,Joly
2562,Winnifred
2563,Belia
2564,Mariam
2565,Elayne
2566,Chanda
2567,Eloisa
2568,Fanchette
2569,Marne
2570,Janessa
2571,Eileen
2572,Bonita
2573,Fina
2574,Maude
2575,Delcine
2576,Olenka
2577,Celka
2578,Lanna
2579,Kirbie
2580,Christiane
2581,Malina
2582,Daloris
2583,Emmeline
2584,Mareah
2585,Darrelle
2586,Britte
2587,Chad
2588,Justina
2589,Joanne
2590,Kristin
2591,Luelle
2592,Merralee
2593,Cristionna
2594,Bonnee
2595,Dayna
2596,Carolan
2597,Lorianna
2598,Anastasia
2599,Thomasina
2600,Catlee
2601,Olva
2602,Gwendolen
2603,Avivah
2604,Deerdre
2605,Fredra
2606,Cayla
2607,Erda
2608,Hyacinthe
2609,Anallise
2610,Shelly
2611,Pat
2612,Fernanda
2613,Dianne
2614,Shelbi
2615,Cathyleen
2616,Shandie
2617,Joanna
2618,Gray
2619,Meggie
2620,Aime
2621,Sarene
2622,Rivalee
2623,Alanna
2624,Glynda
2625,Lorette
2626,Anissa
2627,La verne
2628,Kimbra
2629,Addy
2630,Kelcy
2631,Candice
2632,Ag
2633,Stevana
2634,Max
2635,Evangelia
2636,Quentin
2637,Avivah
2638,Olwen
2639,Phelia
2640,Yoko
2641,Rachele
2642,Ambur
2643,Rea
2644,Nikki
2645,Lisetta
2646,Roslyn
2647,Ethelyn
2648,Deva
2649,Wynne
2650,Tobey
2651,Brandea
2652,Zonda
2653,Dorry
2654,Whitney
2655,Devina
2656,Lolly
2657,Bendite
2658,Pierette
2659,Wileen
2660,Gussy
2661,Lorrie
2662,Halimeda
2663,Estele
2664,Jamima
2665,Monique
2666,Odella
2667,Helen-elizabeth
2668,Lela
2669,Rosmunda
2670,Candie
2671,Cherin
2672,April
2673,Winonah
2674,Dulcinea
2675,Doroteya
2676,Christie
2677,Joy
2678,Tomasina
2679,Martita
2680,Jeniece
2681,Marlee
2682,Britteny
2683,Valencia
2684,Tiffi
2685,Shelba
2686,Lexi
2687,Tamera
2688,Emilia
2689,Margot
2690,Andriana
2691,Sylvia
2692,Ebony
2693,Eadith
2694,Leila
2695,Lorna
2696,Linnea
2697,Marabel
2698,Lotta
2699,Carolynn
2700,Pavia
2701,Eve
2702,Sheree
2703,Mollee
2704,Torie
2705,Dorine
2706,Johnna
2707,Sabrina
2708,Addie
2709,Tuesday
2710,Illa
2711,Valene
2712,Claudetta
2713,Harriett
2714,Glynis
2715,Mindy
2716,Carmelia
2717,Tamqrah
2718,Katherina
2719,Tracee
2720,Brittan
2721,Courtenay
2722,Sammy
2723,Tiena
2724,Concordia
2725,Jerrine
2726,Aaren
2727,Paige
2728,Kellyann
2729,Cynthia
2730,Anjela
2731,Anne-corinne
2732,Sidonia
2733,Nerissa
2734,Lorena
2735,Pearla
2736,Judi
2737,Rodi
2738,Lula
2739,Ericha
2740,Cris
2741,Genia
2742,Deedee
2743,Kerstin
2744,Tresa
2745,Hatti
2746,Sydney
2747,Gabriellia
2748,Samara
2749,Candi
2750,Lolly
2751,Trescha
2752,Dannye
2753,Rafaelita
2754,Dierdre
2755,Tammy
2756,Marena
2757,Karlie
2758,Mirna
2759,Elyssa
2760,Shanda
2761,Melosa
2762,Tommi
2763,Ailyn
2764,Celle
2765,Demetra
2766,Maribel
2767,Raina
2768,Barrie
2769,Timothea
2770,Hilary
2771,Lyssa
2772,Audi
2773,Neda
2774,Alia
2775,Lesly
2776,Peri
2777,Annabal
2778,Enid
2779,Shandee
2780,Petunia
2781,Salli
2782,Lauren
2783,Meade
2784,Shanie
2785,Bambie
2786,Suzette
2787,Tabina
2788,Janene
2789,Octavia
2790,Deane
2791,Mala
2792,Diane-marie
2793,Hildegaard
2794,Lorianne
2795,Katinka
2796,Ema
2797,Bridgette
2798,Flossi
2799,Jody
2800,Dorry
2801,Barb
2802,Maggi
2803,Amberly
2804,Leonelle
2805,Doloritas
2806,Sib
2807,Damaris
2808,Berrie
2809,Daloris
2810,Annelise
2811,Merralee
2812,Calla
2813,Zandra
2814,Sheela
2815,Tomasine
2816,Coralie
2817,Davina
2818,Leah
2819,Hallie
2820,Micky
2821,Lora
2822,Winni
2823,Kayle
2824,Cthrine
2825,Consuela
2826,Miranda
2827,Adena
2828,Peg
2829,Remy
2830,Lorena
2831,Barb
2832,Karylin
2833,Petronella
2834,Cleo
2835,Kikelia
2836,Lina
2837,Aili
2838,Maryrose
2839,Cathyleen
2840,Lottie
2841,Angil
2842,Hendrika
2843,Gerhardine
2844,Andeee
2845,Becca
2846,Ortensia
2847,Nata
2848,Blinni
2849,Carmelina
2850,Jany
2851,Mel
2852,Auria
2853,Mirna
2854,Fifi
2855,Britney
2856,Lebbie
2857,Marrilee
2858,Jessie
2859,Yettie
2860,Elysee
2861,Marna
2862,Gabriel
2863,Deny
2864,Danyelle
2865,Nedda
2866,Jessalyn
2867,Meg
2868,Orel
2869,Gerti
2870,Frankie
2871,Kaitlyn
2872,Riane
2873,Lynne
2874,Ardath
2875,Donni
2876,Sher
2877,Melantha
2878,Legra
2879,Lola
2880,Ronnie
2881,Nollie
2882,Karrie
2883,Fionna
2884,Rochette
2885,Valina
2886,Constance
2887,Faustina
2888,Laureen
2889,Meg
2890,Pattie
2891,Rosalie
2892,Dory
2893,Blanch
2894,Dollie
2895,Vicki
2896,Jocelyn
2897,Krissy
2898,Cathy
2899,Matilde
2900,Candida
2901,Agata
2902,Dniren
2903,Billye
2904,Del
2905,Marlee
2906,Mathilde
2907,Krystal
2908,Wendi
2909,Lindie
2910,Ynes
2911,Corissa
2912,Ivie
2913,Donica
2914,Marcy
2915,Elyn
2916,Dalenna
2917,Inger
2918,Hildegaard
2919,Samaria
2920,Jackelyn
2921,Carolyne
2922,Leodora
2923,Rebecca
2924,Benedetta
2925,Crystal
2926,Pippy
2927,Umeko
2928,Dorette
2929,Celinka
2930,Aubry
2931,Elayne
2932,Zahara
2933,Mair
2934,Ammamaria
2935,Adriena
2936,Valina
2937,Jerrie
2938,Henrie
2939,Faith
2940,Sadella
2941,Darla
2942,Salli
2943,Lenee
2944,Kalindi
2945,Kacey
2946,Elizabeth
2947,Anastassia
2948,Marlena
2949,Benedicta
2950,Kristyn
2951,Oralia
2952,Poppy
2953,Floris
2954,Alysia
2955,Misty
2956,Margarette
2957,Anabal
2958,Angelique
2959,Maryjane
2960,Malia
2961,Francesca
2962,Carree
2963,Kynthia
2964,Beatriz
2965,Chelsea
2966,Enrichetta
2967,Joyous
2968,Julee
2969,Elle
2970,Leann
2971,Ibbie
2972,Dyanna
2973,Aleen
2974,Brena
2975,Bellanca
2976,Brenn
2977,Arabela
2978,Nannette
2979,Kaela
2980,Hedi
2981,Daria
2982,Debbi
2983,Camila
2984,Gertie
2985,Brianne
2986,Birgitta
2987,Idell
2988,Cissiee
2989,Gerhardine
2990,Jade
2991,Chantal
2992,Dore
2993,Conchita
2994,Scarlet
2995,Gizela
2996,Blakeley
2997,Orsa
2998,Adella
2999,Renae
3000,Grete
3001,Emlyn
3002,Slade
3003,Erskine
3004,Bradford
3005,West
3006,Stanwood
3007,Rooney
3008,Lonnard
3009,Augie
3010,Winn
3011,Jedd
3012,Maurie
3013,Ferd
3014,Emmott
3015,Ephrem
3016,Jeremie
3017,Parnell
3018,Alaric
3019,Iorgo
3020,Kasper
3021,Valdemar
3022,Johnathon
3023,Sheridan
3024,Claiborn
3025,Hadrian
3026,Huberto
3027,Werner
3028,Hallsy
3029,Gene
3030,Matteo
3031,Corney
3032,Rowland
3033,Nicolais
3034,Kalvin
3035,Raddie
3036,Leonerd
3037,Lezley
3038,Conroy
3039,Burke
3040,Glenden
3041,Bronnie
3042,Guillermo
3043,Yorgos
3044,Warden
3045,Lodovico
3046,Humbert
3047,Marcelo
3048,Conny
3049,Whitby
3050,Evan
3051,Emmanuel
3052,Steve
3053,Don
3054,Flint
3055,Delmar
3056,Lalo
3057,Lancelot
3058,Ryon
3059,Geno
3060,Gerek
3061,Gustave
3062,Godfree
3063,Ogden
3064,Barri
3065,Michale
3066,Brandtr
3067,Ellwood
3068,Rafaellle
3069,Beck
3070,Cristian
3071,Horace
3072,Jameson
3073,Bayard
3074,Benoit
3075,Lind
3076,Giff
3077,Orrin
3078,Town
3079,Ronald
3080,Aland
3081,Dirk
3082,Merrel
3083,Hanson
3084,Lorne
3085,Richmond
3086,Griff
3087,Obediah
3088,Giordano
3089,Manfred
3090,Nathanil
3091,Antonio
3092,Stephen
3093,Gerome
3094,Bentley
3095,Doy
3096,Gordie
3097,Sherwin
3098,Pietrek
3099,Phineas
3100,Ricoriki
3101,Theodor
3102,Hussein
3103,Ruttger
3104,Bryanty
3105,Hank
3106,Jayme
3107,Silvan
3108,Hyatt
3109,Dur
3110,Sigvard
3111,Waldo
3112,Chase
3113,Berky
3114,Ennis
3115,Barnabas
3116,Iago
3117,Dru
3118,Hans
3119,Cyril
3120,Sherwynd
3121,Tamas
3122,Palmer
3123,Gardiner
3124,Hermy
3125,Hewe
3126,Larry
3127,Clyve
3128,Link
3129,Alister
3130,Portie
3131,Gran
3132,Ximenes
3133,Erik
3134,Kalil
3135,Herc
3136,Dene
3137,Lorant
3138,Abelard
3139,Brander
3140,Francklyn
3141,Walden
3142,Claiborn
3143,Ansell
3144,Pyotr
3145,Chadwick
3146,Chic
3147,Stephen
3148,Casar
3149,Yance
3150,Antony
3151,Lorant
3152,Ber
3153,Zerk
3154,Abba
3155,Siffre
3156,Gregoor
3157,Pepillo
3158,Karim
3159,Neill
3160,Bastien
3161,Forrest
3162,Patricio
3163,Merwin
3164,Cort
3165,Clyve
3166,Brady
3167,Dallon
3168,Shannan
3169,Zared
3170,Janek
3171,Wallace
3172,Lorin
3173,Lindsay
3174,Germain
3175,Putnam
3176,Guillaume
3177,Scottie
3178,Moise
3179,Johnnie
3180,Thorin
3181,Spense
3182,Gustavo
3183,Lucais
3184,Weston
3185,Rodge
3186,Ode
3187,Cleon
3188,Somerset
3189,Husain
3190,Niven
3191,Spence
3192,Artie
3193,Curry
3194,Maurits
3195,Pincas
3196,Cirilo
3197,Parry
3198,Pattie
3199,Kippie
3200,Drugi
3201,Pacorro
3202,Gar
3203,Raddy
3204,Salomon
3205,Robby
3206,Kris
3207,Pierson
3208,Gill
3209,Bennie
3210,Boony
3211,Man
3212,Benedick
3213,Jeff
3214,Dun
3215,Kennedy
3216,Shalom
3217,Devlin
3218,Randal
3219,Shamus
3220,Ignatius
3221,Roberto
3222,Sampson
3223,Hort
3224,Beau
3225,Saunderson
3226,Leon
3227,Jarvis
3228,Dugald
3229,Giusto
3230,Pail
3231,Desmond
3232,Lamond
3233,Otis
3234,Simmonds
3235,Aksel
3236,Abbot
3237,Mohandis
3238,Dante
3239,Eduardo
3240,Ezri
3241,Worden
3242,Wernher
3243,Ron
3244,John
3245,Correy
3246,Irving
3247,Hieronymus
3248,Bartholomew
3249,Yves
3250,Skipp
3251,Emory
3252,Davidson
3253,Randell
3254,Lew
3255,Hanan
3256,Wendall
3257,Robbie
3258,Gasparo
3259,Tucky
3260,Aleksandr
3261,Dionysus
3262,Sherwin
3263,Whit
3264,Maje
3265,Carey
3266,Roddy
3267,Jerri
3268,Gaston
3269,Linn
3270,Dennet
3271,Kennedy
3272,Obie
3273,Ax
3274,Ragnar
3275,Tan
3276,Sven
3277,Goddard
3278,Denny
3279,Lemuel
3280,Ferd
3281,Victor
3282,Ker
3283,Torry
3284,Gauthier
3285,Pasquale
3286,Kalvin
3287,Cleavland
3288,Kerby
3289,Archaimbaud
3290,Nealon
3291,Coop
3292,Yorke
3293,Colas
3294,Gearalt
3295,Dene
3296,Arie
3297,Antin
3298,Duky
3299,Sawyer
3300,Barnaby
3301,Bobbie
3302,Yorke
3303,Ewell
3304,Harcourt
3305,Stearn
3306,Pascal
3307,Irvin
3308,Monty
3309,Alexis
3310,Lemar
3311,Lin
3312,Cleon
3313,Nicolas
3314,Kippar
3315,Gun
3316,Rodney
3317,Chauncey
3318,Ulises
3319,Morty
3320,Aldridge
3321,Erl
3322,Elvis
3323,Wayne
3324,Lou
3325,Foster
3326,Salvador
3327,Emile
3328,Neddie
3329,Onofredo
3330,Wilmar
3331,Itch
3332,Don
3333,Andros
3334,Kristofer
3335,Hendrick
3336,Patin
3337,Rochester
3338,Wallas
3339,Pasquale
3340,Flory
3341,Jarrod
3342,Shannan
3343,Westleigh
3344,Adolph
3345,Herman
3346,Der
3347,Reece
3348,Archie
3349,Jareb
3350,Hervey
3351,Malcolm
3352,Terrence
3353,Demetrius
3354,Jackie
3355,Gil
3356,Walther
3357,Shepperd
3358,Allin
3359,Englebert
3360,Thorny
3361,Oswell
3362,Jackie
3363,Dannie
3364,Ulric
3365,Sargent
3366,Hammad
3367,Tammie
3368,Quintus
3369,Jecho
3370,Basile
3371,Angie
3372,Berty
3373,Meir
3374,Gustaf
3375,Cash
3376,Berti
3377,Horten
3378,Aldis
3379,Meade
3380,Simon
3381,Cirstoforo
3382,Fields
3383,Sampson
3384,Tate
3385,Duke
3386,Valdemar
3387,Ernst
3388,Donaugh
3389,Mathe
3390,Rowney
3391,Leighton
3392,Rand
3393,Ogdan
3394,Billy
3395,Cordell
3396,Averil
3397,Nealson
3398,Antone
3399,Keith
3400,Buckie
3401,Ashby
3402,Alden
3403,Sven
3404,Townie
3405,Redford
3406,Logan
3407,Bennett
3408,Geoffry
3409,Jeromy
3410,Wiley
3411,Harris
3412,Warren
3413,Kile
3414,Moss
3415,Abbie
3416,Terencio
3417,Norman
3418,Dael
3419,Erskine
3420,Anders
3421,Justis
3422,Hagan
3423,Abbe
3424,Roth
3425,Nicholas
3426,Sydney
3427,Shellysheldon
3428,Griswold
3429,Gerik
3430,Jules
3431,Jerrie
3432,Urbain
3433,Peirce
3434,Mischa
3435,Saul
3436,Garik
3437,Dionysus
3438,Bale
3439,Davis
3440,Arlen
3441,Brnaba
3442,Pancho
3443,Geri
3444,Gerald
3445,Rancell
3446,Kele
3447,Syd
3448,Hogan
3449,Sayers
3450,Chuck
3451,Christos
3452,Clementius
3453,Urson
3454,Archy
3455,Russ
3456,Trevor
3457,Tristan
3458,Hamlen
3459,Padgett
3460,Ingmar
3461,Car
3462,Taite
3463,Foss
3464,Tristan
3465,Merwin
3466,Bealle
3467,Cirilo
3468,Nicolas
3469,Leroy
3470,Enoch
3471,Hagan
3472,Page
3473,Hube
3474,Ilaire
3475,Roy
3476,Rodrique
3477,Warde
3478,Gaven
3479,Pennie
3480,Myer
3481,Alyosha
3482,Iorgos
3483,Alfie
3484,Pattin
3485,Benson
3486,Micah
3487,Alonzo
3488,Staford
3489,Giacopo
3490,Ev
3491,Inger
3492,Skylar
3493,Douglas
3494,Arney
3495,Sutherland
3496,Gannon
3497,Abraham
3498,Reid
3499,Asa
3500,Byran
3501,Boony
3502,Duky
3503,Sandro
3504,Averill
3505,Grantham
3506,Ive
3507,Joachim
3508,Tony
3509,Marcello
3510,Emory
3511,Rocky
3512,Raynard
3513,Frederich
3514,Oliver
3515,Perry
3516,Morton
3517,Dominique
3518,Rawley
3519,Burnaby
3520,Iorgos
3521,Napoleon
3522,Yancey
3523,Howie
3524,Brion
3525,Cletus
3526,Rowney
3527,Karoly
3528,Dane
3529,Fielding
3530,Brad
3531,Kendall
3532,Colver
3533,Maje
3534,Hilton
3535,Taddeo
3536,Kennedy
3537,Kinnie
3538,Saxon
3539,Kristofer
3540,Lion
3541,Philip
3542,Nikolaus
3543,Averil
3544,Wolfie
3545,Shaughn
3546,Ermin
3547,Ellary
3548,Moise
3549,Rriocard
3550,Reinaldo
3551,Allen
3552,Garvin
3553,Ives
3554,Robinet
3555,Isa
3556,Francesco
3557,Rowland
3558,Jedediah
3559,Hazlett
3560,Raleigh
3561,Lambert
3562,Ricki
3563,Godart
3564,Rube
3565,Levy
3566,Durante
3567,Jaime
3568,Shae
3569,Artus
3570,Osbert
3571,Pate
3572,Duke
3573,Ron
3574,Isiahi
3575,Calv
3576,Forrest
3577,Urbanus
3578,Ryon
3579,Gaspard
3580,Hamilton
3581,Garfield
3582,Crichton
3583,Abe
3584,Llywellyn
3585,Orlan
3586,Alberik
3587,Cecilio
3588,Webb
3589,Drugi
3590,Niki
3591,Shaughn
3592,Antony
3593,Thorstein
3594,Marcellus
3595,Neils
3596,Ulberto
3597,Vergil
3598,Sully
3599,Ado
3600,Donny
3601,Chauncey
3602,Osbourn
3603,Cedric
3604,Gawain
3605,Spike
3606,Kory
3607,Berkeley
3608,Clywd
3609,Buckie
3610,D'arcy
3611,Cammy
3612,Basilio
3613,Marve
3614,Terrence
3615,Clyde
3616,Micah
3617,Adolphus
3618,Boycey
3619,Kain
3620,Archibald
3621,Rey
3622,Eal
3623,Val
3624,Chick
3625,Gail
3626,Ned
3627,Angelico
3628,Noak
3629,Kelby
3630,Pren
3631,Bard
3632,Darrell
3633,Fred
3634,Hewet
3635,Lutero
3636,Martin
3637,Griswold
3638,Cale
3639,Isaiah
3640,Waverly
3641,Noak
3642,Randi
3643,Ike
3644,Ulric
3645,Bryon
3646,Titus
3647,Brandyn
3648,Dermot
3649,Cullie
3650,Mickie
3651,Ewell
3652,Olav
3653,Paulo
3654,Stearn
3655,Neils
3656,Arturo
3657,Sumner
3658,Karoly
3659,Wildon
3660,Alec
3661,Norton
3662,Cobb
3663,Donavon
3664,Lonnie
3665,Rusty
3666,Orazio
3667,Alister
3668,Valentin
3669,Laurens
3670,Vaughn
3671,Reginald
3672,Trace
3673,Anatole
3674,Quintin
3675,Warner
3676,Eamon
3677,Read
3678,Irwin
3679,Ugo
3680,Cole
3681,Saunders
3682,Tad
3683,Kelsey
3684,Patsy
3685,Kaspar
3686,Syman
3687,Preston
3688,Kaiser
3689,Haslett
3690,Inigo
3691,Llewellyn
3692,Zeke
3693,Keven
3694,Gerome
3695,Alfred
3696,Tito
3697,Alley
3698,Trent
3699,Deane
3700,Dominique
3701,Matias
3702,Hilary
3703,Jeddy
3704,Zollie
3705,Harlen
3706,Dorey
3707,Gerald
3708,Leicester
3709,Curry
3710,Christoper
3711,Haze
3712,Parry
3713,Marven
3714,Tailor
3715,Pierson
3716,Fredric
3717,Keene
3718,Kirby
3719,Tammy
3720,Wallas
3721,Joe
3722,Sloan
3723,Julian
3724,Teador
3725,Austin
3726,Ryley
3727,Quintin
3728,Burk
3729,Keene
3730,Westbrooke
3731,Winslow
3732,Ogdan
3733,Archibold
3734,Orson
3735,Nickie
3736,Forbes
3737,Vick
3738,Abey
3739,Forester
3740,Mac
3741,Stevy
3742,Boothe
3743,Levon
3744,Conney
3745,Harwell
3746,Bernhard
3747,Orv
3748,Nehemiah
3749,Rhys
3750,Farris
3751,Moise
3752,Neale
3753,Francklyn
3754,Giles
3755,Stacee
3756,Osbourne
3757,Anthony
3758,Ira
3759,Brion
3760,Vincents
3761,Cesaro
3762,Early
3763,Guillermo
3764,Van
3765,Briggs
3766,Rriocard
3767,Eldridge
3768,Alister
3769,Herby
3770,Klaus
3771,Hasty
3772,Alister
3773,Roth
3774,Sibyl
3775,Eric
3776,Nikolas
3777,Marvin
3778,Gare
3779,Oliver
3780,Felice
3781,Antonino
3782,Stafford
3783,Granny
3784,Bobbie
3785,Brnaby
3786,Andre
3787,Bogey
3788,Raddie
3789,Giacopo
3790,Carolus
3791,Rudyard
3792,Iosep
3793,Rob
3794,Gabe
3795,Toiboid
3796,Menard
3797,Ruby
3798,Sim
3799,Russ
3800,Buddy
3801,Tomlin
3802,Thacher
3803,Linc
3804,Ben
3805,Gayle
3806,Paul
3807,Berti
3808,Adlai
3809,Bram
3810,Justen
3811,Devland
3812,Archaimbaud
3813,Fons
3814,Yorgos
3815,Rickie
3816,Isaac
3817,Haleigh
3818,Gregoor
3819,Barbabas
3820,Aristotle
3821,Gearalt
3822,My
3823,Ramsey
3824,Vladimir
3825,Adelbert
3826,Christy
3827,Dru
3828,Artemus
3829,Broddie
3830,Guillaume
3831,Giselbert
3832,Aube
3833,Fair
3834,Gordie
3835,Turner
3836,Artus
3837,Lewes
3838,Say
3839,Weidar
3840,Kristofor
3841,Ferdy
3842,Forbes
3843,Reese
3844,Raff
3845,Erny
3846,Merwin
3847,Mattias
3848,Renaldo
3849,Obie
3850,Reagan
3851,Parke
3852,Sayers
3853,Brandy
3854,Calhoun
3855,Cello
3856,Trent
3857,Currey
3858,Leland
3859,Cletis
3860,Don
3861,Randolf
3862,Anatol
3863,Lorens
3864,Davie
3865,Durant
3866,Rikki
3867,Rainer
3868,Andre
3869,Dud
3870,Ernst
3871,Padgett
3872,Lemmie
3873,Granny
3874,Ilario
3875,Lorne
3876,Clarence
3877,Berke
3878,Regen
3879,Steffen
3880,Jimmie
3881,Vaughn
3882,Dill
3883,Willie
3884,Wright
3885,Jackie
3886,Flin
3887,Frasco
3888,Bern
3889,Hasheem
3890,Berkeley
3891,Andris
3892,Nowell
3893,Jarred
3894,Manny
3895,Lion
3896,Nate
3897,Jimmie
3898,Gilberto
3899,Andros
3900,Paulie
3901,Lemuel
3902,Casper
3903,Boot
3904,Wait
3905,Alvie
3906,Igor
3907,Constantine
3908,Emelen
3909,Ichabod
3910,Broddy
3911,Sydney
3912,Rowland
3913,Normand
3914,Sayre
3915,Gardner
3916,Connor
3917,Padriac
3918,Roley
3919,Hermy
3920,Marten
3921,Chauncey
3922,Guy
3923,Shalom
3924,Conn
3925,Caleb
3926,Zacherie
3927,Guss
3928,Creigh
3929,Sawyer
3930,Fitzgerald
3931,Darrin
3932,Skipper
3933,Gan
3934,Ario
3935,Gerick
3936,Norbert
3937,Trent
3938,Sandro
3939,Mendie
3940,Ky
3941,Salomone
3942,Nowell
3943,Paddy
3944,Niel
3945,Torrence
3946,Dominic
3947,Hyman
3948,Logan
3949,Kalvin
3950,Donall
3951,Stearn
3952,Ernie
3953,Ty
3954,Colby
3955,Beniamino
3956,Zackariah
3957,Manuel
3958,Fleming
3959,Aylmar
3960,Rafaellle
3961,Hymie
3962,Enrico
3963,Jeremy
3964,Ferdie
3965,Darius
3966,Merwyn
3967,Brion
3968,Barnie
3969,Herold
3970,Dag
3971,Abram
3972,Sunny
3973,Shea
3974,Windham
3975,Munroe
3976,Eben
3977,Spense
3978,Halsey
3979,Lodovico
3980,Randal
3981,Andros
3982,Hadley
3983,Goran
3984,Fonz
3985,Gothart
3986,Hermy
3987,Onofredo
3988,Krishnah
3989,Jeffry
3990,Antonino
3991,Mickie
3992,Padraic
3993,Fielding
3994,Lucien
3995,Johnnie
3996,Guy
3997,Durante
3998,Lindy
3999,Jodie
4000,Zebulon
4001,Elva
4002,Arlina
4003,Fairfax
4004,Boris
4005,Hobart
4006,Chloette
4007,Ceciley
4008,Ruby
4009,Madalena
4010,Adria
4011,Alon
4012,Nichols
4013,Burlie
4014,Kinsley
4015,Blithe
4016,Sallyann
4017,Marinna
4018,Dale
4019,Teodoor
4020,Wendall
4021,Colan
4022,Joya
4023,North
4024,Isobel
4025,Sonya
4026,Rafi
4027,Fletch
4028,Celinka
4029,Claiborn
4030,Ab
4031,Aldus
4032,Brnaby
4033,Kendricks
4034,Janice
4035,Timoteo
4036,Amos
4037,Adam
4038,Bonnibelle
4039,Ynez
4040,Berna
4041,Junina
4042,Godfree
4043,Tammy
4044,Dom
4045,Dedie
4046,Anatol
4047,Herschel
4048,Brod
4049,Clemens
4050,Carlin
4051,Rois
4052,Quinlan
4053,Joshua
4054,Cybill
4055,Selena
4056,Fitzgerald
4057,Sascha
4058,Amabelle
4059,Ethelda
4060,Lark
4061,Austine
4062,Vivie
4063,Wyatan
4064,Gare
4065,Dane
4066,Heda
4067,Karon
4068,Johna
4069,Rocky
4070,Bradney
4071,Hale
4072,Veriee
4073,Jaquith
4074,Toby
4075,Arel
4076,Pearline
4077,Giovanna
4078,Essie
4079,Joel
4080,Ganny
4081,Kamillah
4082,Bobby
4083,Corbett
4084,Stepha
4085,Ignacio
4086,Dennie
4087,Marguerite
4088,Calv
4089,Tallou
4090,Benjy
4091,Lawton
4092,Feodor
4093,Leah
4094,Victoria
4095,Avigdor
4096,Eldredge
4097,Candida
4098,Whit
4099,Carmine
4100,Ollie
4101,Poul
4102,Lissie
4103,Adey
4104,Josey
4105,Farly
4106,Corbett
4107,Jackson
4108,Neda
4109,Aila
4110,Babita
4111,Kevon
4112,Pincas
4113,Ardelia
4114,Almeda
4115,Tulley
4116,Sashenka
4117,Joanne
4118,Uriel
4119,Calypso
4120,Natasha
4121,Abigail
4122,Cassi
4123,Kennie
4124,Valerie
4125,Eachelle
4126,Ly
4127,Crin
4128,Liana
4129,Yancey
4130,Sidonnie
4131,Alikee
4132,Kristoffer
4133,Robbie
4134,Micheline
4135,Aloysia
4136,Lothaire
4137,Alvan
4138,Mercie
4139,Aubrie
4140,Dylan
4141,Carita
4142,Jewel
4143,Bogey
4144,Agna
4145,Sela
4146,Samson
4147,Violet
4148,Sherline
4149,Rory
4150,Mirabelle
4151,Cosette
4152,Guglielmo
4153,Rici
4154,Angie
4155,Stillman
4156,Rayna
4157,Noah
4158,Lezley
4159,Elianora
4160,Jacynth
4161,Aubrie
4162,Edwina
4163,Juieta
4164,Margalo
4165,Cyrillus
4166,Alisun
4167,Coleen
4168,Katine
4169,Panchito
4170,Emery
4171,Damara
4172,Adelice
4173,Almeria
4174,Lanny
4175,Lilli
4176,Konstance
4177,Gabriell
4178,Paul
4179,Fair
4180,Vittorio
4181,Violetta
4182,Guthry
4183,Charleen
4184,Cristin
4185,Clevey
4186,Bendix
4187,Jerrie
4188,Shannon
4189,Malinda
4190,Zaccaria
4191,Alister
4192,Jo ann
4193,Norry
4194,Marilin
4195,Taber
4196,Britta
4197,Susanetta
4198,Evania
4199,Taryn
4200,Cecil
4201,Guillema
4202,Larina
4203,Nerissa
4204,Fairleigh
4205,Greggory
4206,Ansell
4207,Nanon
4208,Dell
4209,Maddie
4210,Mary
4211,Philippe
4212,Bevvy
4213,Tobye
4214,Spenser
4215,Roland
4216,Danette
4217,Kissee
4218,Base
4219,Kaila
4220,Kenneth
4221,Freida
4222,Wolfie
4223,Lyn
4224,Alane
4225,Loise
4226,Wallache
4227,Beryl
4228,Creigh
4229,Maudie
4230,Erin
4231,Sandie
4232,Demetris
4233,Karole
4234,Netti
4235,Bealle
4236,Stirling
4237,Aggie
4238,Leonhard
4239,Sterling
4240,Latrena
4241,Jolynn
4242,Ettore
4243,Denise
4244,Kipper
4245,Verge
4246,Anetta
4247,Louisa
4248,Torey
4249,Kennie
4250,Krispin
4251,Gwendolen
4252,Izzy
4253,Sid
4254,Shani
4255,Sanford
4256,Dulcea
4257,Jeremias
4258,Roley
4259,Rebekah
4260,Kippy
4261,Barbette
4262,Shadow
4263,Thornie
4264,Ruy
4265,Montague
4266,Hersh
4267,Linn
4268,Terencio
4269,Terrie
4270,Shayla
4271,Saundra
4272,Michal
4273,Coral
4274,Deanne
4275,Lotte
4276,Becky
4277,Adrian
4278,Bondie
4279,Garrard
4280,Gerrard
4281,Keane
4282,Yoshi
4283,Hendrika
4284,Waylan
4285,Alard
4286,Erica
4287,Logan
4288,Kellsie
4289,Arne
4290,Ibby
4291,Binny
4292,Jarrod
4293,Robinett
4294,Colene
4295,Jorge
4296,Murry
4297,Christye
4298,Dot
4299,Oralia
4300,Berna
4301,Phyllida
4302,Bronnie
4303,Gerrie
4304,Ive
4305,Alanna
4306,Chryste
4307,Winnie
4308,Wyatt
4309,Sidonia
4310,Rasia
4311,Thane
4312,Oralla
4313,Delcina
4314,Corbet
4315,Tersina
4316,Carly
4317,Nada
4318,Kendra
4319,Kaye
4320,Dael
4321,Esmaria
4322,Dolph
4323,Vina
4324,Rickie
4325,Giorgio
4326,Nil
4327,Dru
4328,Breena
4329,Valery
4330,Gerrie
4331,Kiley
4332,Jamie
4333,Sigrid
4334,Winfield
4335,Prince
4336,Clive
4337,Kareem
4338,Hanan
4339,Ruprecht
4340,Orelle
4341,Kattie
4342,Laraine
4343,Tyrone
4344,Elbert
4345,Bernadina
4346,Berne
4347,Sissy
4348,Pascale
4349,Thurstan
4350,Siffre
4351,Frank
4352,Pippo
4353,Charil
4354,Aurel
4355,Dall
4356,Kyrstin
4357,Sisely
4358,Dorthy
4359,Malissia
4360,Somerset
4361,Guthrey
4362,Mab
4363,Lillis
4364,Damian
4365,Ralina
4366,Merilee
4367,Vinson
4368,Konstantine
4369,Reggy
4370,Barty
4371,Moina
4372,Andrew
4373,Nero
4374,Revkah
4375,Bonnie
4376,Kizzee
4377,Gabriellia
4378,Rosy
4379,Farrah
4380,Rhea
4381,Aubert
4382,Daisy
4383,Halsey
4384,Coral
4385,Yurik
4386,Antoine
4387,Jacquie
4388,Edouard
4389,Zacharias
4390,Ignacius
4391,Amii
4392,Darnall
4393,Elisa
4394,Sinclare
4395,Aubert
4396,Analiese
4397,Roi
4398,Evonne
4399,Alanna
4400,Dave
4401,Natividad
4402,Dode
4403,Liuka
4404,Andria
4405,Sonny
4406,Cobby
4407,Gerome
4408,Darby
4409,Agnese
4410,Kristo
4411,Perry
4412,Jessamine
4413,Rustie
4414,Roman
4415,Karlens
4416,Liva
4417,Winfred
4418,Kale
4419,Terry
4420,Filberte
4421,Wally
4422,Zack
4423,Chet
4424,Orran
4425,Monroe
4426,Ranique
4427,Arleta
4428,Gypsy
4429,Mae
4430,Kermy
4431,Kerrin
4432,Ulrikaumeko
4433,Ellswerth
4434,Fin
4435,Veronique
4436,Rourke
4437,Devan
4438,Daveta
4439,Camile
4440,Sande
4441,Ruben
4442,Waring
4443,Liane
4444,Irma
4445,Roderic
4446,Chariot
4447,Jaime
4448,Brennan
4449,Hagen
4450,Elfrieda
4451,Rosco
4452,Jacobo
4453,Rosina
4454,Nickolas
4455,Hanson
4456,Merell
4457,Richy
4458,Alikee
4459,Jeana
4460,Erma
4461,Tim
4462,Wallace
4463,Barty
4464,Raynell
4465,Jami
4466,Jean
4467,Leanor
4468,Madonna
4469,Corene
4470,Ralina
4471,Carter
4472,Doti
4473,Martyn
4474,Cy
4475,Stevena
4476,Illa
4477,Anselma
4478,Gabriello
4479,Torry
4480,Manolo
4481,Dulce
4482,Hans
4483,Bradford
4484,Antonietta
4485,Conny
4486,Chrissie
4487,Vernen
4488,Helga
4489,Hermie
4490,Norina
4491,Emma
4492,Editha
4493,Charlena
4494,Portia
4495,Phaidra
4496,Heath
4497,Pieter
4498,Karim
4499,Trace
4500,Rosmunda
4501,Carolus
4502,Isaak
4503,Shirline
4504,Evin
4505,Lucie
4506,Johnny
4507,Mara
4508,Crystie
4509,Cassius
4510,Brewer
4511,Yorke
4512,Neil
4513,Lyn
4514,Isaac
4515,Bond
4516,Babbette
4517,Hall
4518,Arv
4519,Ailis
4520,Arv
4521,Lida
4522,Rebekah
4523,Cosette
4524,Curr
4525,Delinda
4526,Gisele
4527,Nathanael
4528,Waldon
4529,Rick
4530,Janette
4531,Misha
4532,Ailbert
4533,Arch
4534,Alvinia
4535,Ingrim
4536,Lind
4537,Philip
4538,Brok
4539,Frances
4540,Mei
4541,Roderick
4542,Lyon
4543,Amery
4544,Danita
4545,Wanids
4546,Thorin
4547,Kare
4548,Garrick
4549,Gillan
4550,Elna
4551,Natalya
4552,Hartwell
4553,Sebastian
4554,Isidora
4555,Yulma
4556,Chrissy
4557,Gabriell
4558,Karel
4559,Delbert
4560,Portia
4561,Casey
4562,Claybourne
4563,Sinclair
4564,Louis
4565,Milzie
4566,Reeba
4567,Burnard
4568,Domeniga
4569,Steve
4570,Agna
4571,Tersina
4572,Dillon
4573,Sebastiano
4574,Kinnie
4575,Alfy
4576,Kelley
4577,Sidonia
4578,Suellen
4579,Lindsay
4580,Caleb
4581,Greta
4582,Mignonne
4583,Dorree
4584,Tomasina
4585,Danny
4586,Aindrea
4587,Diena
4588,Dulcie
4589,Paulina
4590,Rowen
4591,Hedi
4592,Corbett
4593,Paola
4594,Konstanze
4595,Hart
4596,Rupert
4597,Gelya
4598,Denni
4599,Imojean
4600,Ricca
4601,Quentin
4602,Theodore
4603,Henryetta
4604,Bari
4605,Kirstyn
4606,Brunhilda
4607,Evvie
4608,Roselia
4609,Petrina
4610,Lisle
4611,Zak
4612,Phaidra
4613,Ann-marie
4614,Angela
4615,Antonie
4616,Uri
4617,Garvey
4618,Edin
4619,Elvera
4620,Kerri
4621,Hendrika
4622,Murray
4623,Wileen
4624,Daveen
4625,Lindon
4626,Elbertina
4627,Hatty
4628,Ellette
4629,Madonna
4630,Myrta
4631,Amandy
4632,Celestyna
4633,Jordan
4634,Neely
4635,Delmore
4636,Lilias
4637,Linnie
4638,Amalita
4639,Melvyn
4640,Durant
4641,Florry
4642,Leticia
4643,Dayle
4644,Philip
4645,Cleon
4646,Ines
4647,Bevon
4648,Britte
4649,Shurlock
4650,Debbie
4651,Zachary
4652,Mendel
4653,Reginauld
4654,Inessa
4655,Teddie
4656,Laird
4657,Ulrich
4658,Eleonora
4659,Ottilie
4660,Early
4661,Keeley
4662,Webster
4663,Dulcia
4664,Michaelina
4665,Cecilla
4666,Helaina
4667,Cherilyn
4668,Theressa
4669,Domingo
4670,Moe
4671,Quincey
4672,Dolf
4673,Catherin
4674,Verge
4675,Kalinda
4676,Raphael
4677,Cristi
4678,Bastian
4679,Ashia
4680,Tucky
4681,Shaun
4682,Theda
4683,Garold
4684,Marietta
4685,Erhart
4686,Licha
4687,Tiertza
4688,Saunders
4689,Tonie
4690,Myrna
4691,Sherrie
4692,Willie
4693,Margette
4694,Teodoor
4695,Abbott
4696,Minette
4697,Ramsey
4698,Gottfried
4699,Kev
4700,Rafaello
4701,Tyler
4702,Trumaine
4703,Travis
4704,Tandi
4705,Del
4706,Clementina
4707,Quintilla
4708,Angus
4709,Riannon
4710,Denys
4711,Floria
4712,Rodger
4713,Blair
4714,Tucker
4715,Michaela
4716,Thor
4717,Emmott
4718,Dominica
4719,Wendie
4720,Sadella
4721,Lotti
4722,Brooke
4723,Fowler
4724,Bendite
4725,Rusty
4726,Matteo
4727,Yuma
4728,Linoel
4729,Chantal
4730,Cyrill
4731,Noellyn
4732,Gibb
4733,Andre
4734,Giulio
4735,Filmore
4736,Mariana
4737,Jephthah
4738,Robyn
4739,Jessika
4740,Artus
4741,Cathe
4742,Vail
4743,Ezechiel
4744,Cheri
4745,Jaimie
4746,Kylie
4747,Amaleta
4748,Maible
4749,Rochester
4750,Ty
4751,Barnabe
4752,Yolanthe
4753,Emlen
4754,Tris
4755,Walker
4756,Cynthy
4757,Stella
4758,Kylynn
4759,Pete
4760,Sherie
4761,Tomaso
4762,Merralee
4763,Jamal
4764,Arvin
4765,Horatia
4766,Isiahi
4767,Obie
4768,Hagan
4769,Aubrette
4770,Lezley
4771,Micki
4772,Owen
4773,Francoise
4774,Honor
4775,Lorant
4776,Idalina
4777,Gale
4778,Ernie
4779,Mariejeanne
4780,Jewel
4781,Abramo
4782,Roley
4783,Laurette
4784,Liv
4785,Zebedee
4786,Rayna
4787,Tedi
4788,Rahal
4789,Laird
4790,Ashil
4791,Ceciley
4792,Bryan
4793,Claudia
4794,Dionis
4795,Betsy
4796,Catha
4797,Tabbitha
4798,Rodd
4799,Alvis
4800,Cassie
4801,Rosalynd
4802,Vanda
4803,Stacee
4804,Josselyn
4805,Oliviero
4806,Reece
4807,Mendy
4808,Dom
4809,Cameron
4810,Yurik
4811,Ailene
4812,Melva
4813,Berkeley
4814,Franz
4815,Sabine
4816,Brittani
4817,Tandie
4818,Mayne
4819,Janaye
4820,Jackie
4821,Nora
4822,Halie
4823,Hannie
4824,Juditha
4825,Dorelle
4826,Tami
4827,Von
4828,Euell
4829,Eugine
4830,Giordano
4831,Bud
4832,Windy
4833,Hillery
4834,Woodman
4835,Adelle
4836,Avie
4837,Tanney
4838,Loretta
4839,Renee
4840,Tallia
4841,Gordie
4842,Luci
4843,Doralynn
4844,Freemon
4845,Claire
4846,Guglielma
4847,Lorri
4848,Katherine
4849,Sherlocke
4850,Delcina
4851,Joell
4852,Amelina
4853,Berke
4854,Kippie
4855,Alex
4856,Austine
4857,Augy
4858,Maggee
4859,Darcey
4860,Del
4861,Zedekiah
4862,Stearn
4863,Nicoli
4864,Almira
4865,Doralynn
4866,Juline
4867,Hunter
4868,Corilla
4869,Iggie
4870,Lilli
4871,Onida
4872,Alayne
4873,Alvy
4874,Lorry
4875,Heloise
4876,Adan
4877,Kaia
4878,Marjorie
4879,Kelsi
4880,Catherin
4881,Raff
4882,Neale
4883,Adorne
4884,Ysabel
4885,Donavon
4886,Carolyn
4887,Nara
4888,Devondra
4889,Pauli
4890,Ivy
4891,Murvyn
4892,Drusy
4893,Benetta
4894,Bridget
4895,Patrica
4896,Piotr
4897,Andra
4898,Jonah
4899,Merle
4900,Brittan
4901,Pamella
4902,Gabriel
4903,Wally
4904,Hobart
4905,Dania
4906,Rubin
4907,Madella
4908,Gaspar
4909,Hector
4910,Jenine
4911,Peggie
4912,Flossie
4913,Wallie
4914,Raeann
4915,Dmitri
4916,Alisun
4917,Nathanil
4918,Jemimah
4919,Enoch
4920,Dora
4921,Velma
4922,Norah
4923,Evelyn
4924,Phillida
4925,Ody
4926,Hollyanne
4927,Augy
4928,Lionello
4929,Bernice
4930,Saxon
4931,Shelden
4932,Eb
4933,Pauline
4934,Gaye
4935,Halimeda
4936,Rubi
4937,Astra
4938,Rouvin
4939,Hermina
4940,Beatrix
4941,Cherida
4942,Carmelle
4943,Alejandrina
4944,Obie
4945,Valentijn
4946,Cheslie
4947,Coretta
4948,Ronald
4949,Emmey
4950,Jonell
4951,Carlo
4952,Benjie
4953,Roanna
4954,Bill
4955,Sibelle
4956,Lorry
4957,Port
4958,Arnie
4959,Shelden
4960,Leopold
4961,Paddie
4962,Crosby
4963,Rafaellle
4964,Nickey
4965,Teador
4966,Ema
4967,Robbert
4968,Ailbert
4969,Milo
4970,Noel
4971,Mozes
4972,Horacio
4973,Lawrence
4974,Kelly
4975,Lucinda
4976,Keen
4977,Candis
4978,Lilllie
4979,Lara
4980,Washington
4981,Benji
4982,Cherlyn
4983,Madeline
4984,Ignazio
4985,Winny
4986,Charmane
4987,Felecia
4988,Del
4989,Goldarina
4990,Carver
4991,Elsbeth
4992,Tildie
4993,Cynde
4994,Bron
4995,Calvin
4996,Alanson
4997,Idette
4998,Engracia
4999,Fredia
5000,Jarvis