1,McCrum
2,Goodwin
3,Vlach
4,Littledike
5,Janecek
6,Brignall
7,Heaney
8,Warburton
9,Edgley
10,Glencrash
11,Savaage
12,Anselm
13,Swateridge
14,Neames
15,Shenton
16,Sowersby
17,Lebourn
18,Jickles
19,Cory
20,Tonkinson
21,Antoniewski
22,Paoloni
23,Pues
24,Gleave
25,Coxall
26,Jackalin
27,Leare
28,Silburn
29,Carrigan
30,Croix
31,Denizet
32,Pratten
33,Ferson
34,Sturte
35,Brayshay
36,Alred
37,Mashro
38,Caustick
39,Windross
40,Vasyunichev
41,Roon
42,Masselin
43,Stoffel
44,Ruben
45,Abels
46,Welden
47,Downs
48,Nappin
49,Virgo
50,Ferrarini
51,Cawthorn
52,Deble
53,Lohmeyer
54,May
55,Lisciardelli
56,Chatelain
57,Doherty
58,Gabby
59,Spiers
60,Sturmey
61,Kikke
62,Lardeux
63,Garrett
64,Mackerel
65,Clulow
66,Barrett
67,Casin
68,Roistone
69,De Ortega
70,Gisburne
71,Ovill
72,Vasilchenko
73,Peltz
74,Kenvin
75,Evitt
76,Coombe
77,Lopes
78,Martyntsev
79,Garrod
80,Krolak
81,Hillyatt
82,Columbine
83,Gomersall
84,Norssister
85,Menaul
86,Cawt
87,Sidey
88,Bridgeland
89,Littell
90,Dehn
91,Hostan
92,Grayshan
93,Styles
94,Charlot
95,Duignan
96,Olfert
97,Rowlstone
98,Guyer
99,Harry
100,Cawcutt
101,Thorius
102,Abrami
103,Olphert
104,Krug
105,Baverstock
106,Swedeland
107,Kolin
108,Bottrill
109,Wyllcocks
110,Meddows
111,Thacker
112,Giffen
113,Hulk
114,Iwaszkiewicz
115,Srawley
116,Aitken
117,Roseveare
118,Larkings
119,Gooday
120,Twigge
121,Heare
122,Solesbury
123,Bocking
124,Fidge
125,Jennison
126,Skeldinge
127,Cuttelar
128,Oloshin
129,Fairholme
130,Cattow
131,Cleeton
132,Prandin
133,Crookshank
134,Rennicks
135,Lawtie
136,Brownsill
137,Coller
138,Staddom
139,Filyukov
140,Teasdale
141,Aldcorn
142,Doughill
143,Batham
144,Donisthorpe
145,Capnerhurst
146,Kyle
147,Stollhofer
148,Kermode
149,Bigham
150,Wickersham
151,Juliano
152,Hulkes
153,Kaufman
154,Kasbye
155,Phillipps
156,Jerschke
157,Gillott
158,Killwick
159,Piscot
160,Dalgarnowch
161,Yakobowitch
162,Cashin
163,Kasting
164,Gorick
165,Halwell
166,McCroft
167,O'Fihily
168,Ewestace
169,Gilford
170,Paice
171,Eubank
172,Krop
173,Braban
174,Petlyura
175,Hubback
176,Le Cornu
177,Goodall
178,Alenshev
179,Furbank
180,Laytham
181,Scrivinor
182,Brownsett
183,Wank
184,Couves
185,Gilmore
186,Acres
187,Burlingham
188,Heintsch
189,Palphramand
190,Sapshed
191,Fache
192,Massimi
193,Morshead
194,Mulvagh
195,Beadell
196,Matteucci
197,Dadds
198,Arnao
199,Rooper
200,Echelle
201,Moynham
202,Cassella
203,Style
204,Bendin
205,Pesticcio
206,Brellin
207,Bateman
208,Agg
209,Duplain
210,Ailward
211,Sherbourne
212,Bastian
213,Olman
214,Worrell
215,Hug
216,Redmond
217,Malt
218,Loftie
219,Delmage
220,Clohisey
221,Goodnow
222,Clapshaw
223,Beecker
224,Leadbeater
225,Ajsik
226,Maudling
227,Jiran
228,Polley
229,McGilroy
230,Gorrie
231,Cundey
232,Heater
233,Patis
234,Dunster
235,Mulmuray
236,Di Biagio
237,Scanlan
238,Proud
239,Coats
240,Stemp
241,Curgenven
242,Regis
243,Gouldthorp
244,Zuker
245,Mocquer
246,Lelliott
247,Bampfield
248,Kadwallider
249,Ledrun
250,Money
251,Puttan
252,Rivett
253,Gillhespy
254,McVrone
255,Caldicot
256,Ashling
257,Shewsmith
258,Hinkes
259,Cavilla
260,Sicely
261,Scorey
262,Skottle
263,Fancet
264,Jowling
265,Kilbee
266,Van der Brugge
267,Kille
268,Blaasch
269,Treffrey
270,Finkle
271,Biasioli
272,Rothwell
273,Meddemmen
274,Hardwicke
275,Dickey
276,Dowgill
277,Iacovolo
278,Patron
279,Rabat
280,Gianneschi
281,Manuele
282,Harly
283,Sappy
284,Ludye
285,Routh
286,Reford
287,Drogan
288,Ellingsworth
289,Schapero
290,Chadwyck
291,Costain
292,Paulo
293,Blench
294,Kief
295,Edmundson
296,Palleske
297,Gwyther
298,Reely
299,Shevels
300,Coyett
301,Lundbech
302,Larmouth
303,Bambrick
304,Methuen
305,Upchurch
306,Daybell
307,Wines
308,Nannetti
309,Kerry
310,McIlhatton
311,Gallego
312,Ackred
313,Fleisch
314,Punchard
315,Thorsby
316,Magnay
317,Sudell
318,Martinot
319,Prater
320,McLarens
321,Bauchop
322,Littley
323,Gravatt
324,Abazi
325,Silcox
326,Whitefoot
327,Derrington
328,Symes
329,Sharrard
330,Morl
331,Stockley
332,Sacchetti
333,Ovid
334,MacKettrick
335,Dumphreys
336,MacCarter
337,Dobbie
338,Romain
339,Cunrado
340,Braundt
341,Belli
342,Gosford
343,Colbertson
344,Larimer
345,Large
346,Bletsoe
347,Peverell
348,Ezzle
349,Ditzel
350,Kirton
351,Libbe
352,Poacher
353,Livzey
354,Arnley
355,Center
356,Reed
357,Courtier
358,Edmonson
359,Dolan
360,Oakenford
361,Glencrash
362,Assante
363,Conkay
364,Heinicke
365,Hinge
366,Tollett
367,Loosemore
368,Puttan
369,Chark
370,Mallall
371,Manchett
372,Golsthorp
373,Perceval
374,Cottee
375,Bischop
376,Cuardall
377,Jados
378,Petrowsky
379,Coggill
380,Brauninger
381,O'Sherin
382,Hubbart
383,Hallock
384,Clemendet
385,Carnaman
386,Oakly
387,Barense
388,GiacobbiniJacob
389,Ivett
390,Sollime
391,Skoughman
392,Sellors
393,Arboine
394,Lampl
395,Worsnop
396,Coxen
397,Hurdedge
398,Ninnoli
399,Beckers
400,Scramage
401,Peggrem
402,Carnson
403,Antonioni
404,Faulconbridge
405,Tilley
406,Benoit
407,Bier
408,Veschambre
409,Nornable
410,Kowalski
411,Brane
412,Deniseau
413,Raynton
414,Skidmore
415,Tallow
416,Lye
417,Laverick
418,Baptist
419,De Atta
420,Longmead
421,Kitcher
422,Sollner
423,Robinett
424,Headland
425,Cossans
426,Brodnecke
427,Sheavills
428,Gheorghescu
429,Espie
430,Caras
431,Dinis
432,Flohard
433,Boughey
434,Powles
435,Skase
436,Jane
437,Gentric
438,Cotgrave
439,Cejka
440,Muffin
441,Worrall
442,McKilroe
443,Clamo
444,Dmisek
445,Beynke
446,Sotham
447,Mcwhinnie
448,Sadlier
449,Kidstoun
450,Bygrave
451,Feehery
452,Monnery
453,Waistall
454,Waddingham
455,Addey
456,Rraundl
457,Miner
458,Gilbanks
459,Summerson
460,Spinney
461,Dugald
462,Coggell
463,Rimington
464,Martinetto
465,Inskipp
466,Packer
467,MacLese
468,de Voiels
469,Purtell
470,Petranek
471,Innwood
472,Klimt
473,Sands
474,Aldham
475,Towell
476,Minors
477,Le Provest
478,Goatcher
479,Assandri
480,Oury
481,Ballefant
482,Treharne
483,Farlham
484,Hearn
485,Wykey
486,Hordle
487,Simecek
488,Teanby
489,Bradnocke
490,Zanini
491,M'Quharge
492,Haldene
493,Sawnwy
494,Cleave
495,Honniebal
496,Betancourt
497,Schwandermann
498,Suscens
499,Vokes
500,Neumann
501,Roglieri
502,Sture
503,McDell
504,Watmough
505,Witz
506,Eisikowitch
507,Hymer
508,Silber
509,Dobinson
510,Batterbee
511,Livingstone
512,Birrane
513,Delacourt
514,Tattersdill
515,Dyche
516,Wightman
517,Haile
518,Kelbie
519,Stanier
520,Meharry
521,Dewdney
522,Adriaan
523,Coke
524,Sparey
525,Gilbank
526,Laugheran
527,Gladtbach
528,Mil
529,Coldwell
530,Epp
531,Gainforth
532,Ambrozik
533,Comford
534,Doveston
535,Jans
536,Barz
537,Bestwick
538,Sancho
539,Soff
540,Hardeman
541,Nicklen
542,Cunnane
543,Garrals
544,Tivers
545,Crowe
546,Corbert
547,Bullant
548,Phidgin
549,Munford
550,Alday
551,Winsper
552,Abrahamsen
553,Cubberley
554,Peers
555,Lingard
556,Elldred
557,Clarey
558,Geydon
559,Guyon
560,Hassell
561,Skelhorn
562,Boeck
563,Franzonello
564,Butte
565,Biford
566,Navan
567,Bouts
568,Neller
569,Bynold
570,Spere
571,Terney
572,Liverock
573,Smiths
574,Stobo
575,McLellan
576,Maud
577,Eckly
578,Kilius
579,Hargraves
580,Cufflin
581,Danielli
582,Lourens
583,Bottleson
584,Reinert
585,Pressland
586,McBeth
587,Lanon
588,Spellsworth
589,Diviney
590,Andreopolos
591,Simmance
592,Birtley
593,Lusted
594,Aspling
595,MattiCCI
596,Gardener
597,O'Regan
598,Rapaport
599,Muckian
600,Lugard
601,Matthensen
602,Chucks
603,Coleson
604,Voss
605,Bazoge
606,Buie
607,Tour
608,Swyre
609,Jindrich
610,Beardall
611,Wadman
612,Gosse
613,Seabon
614,Sergean
615,Simonutti
616,Matanin
617,Pentin
618,Fyers
619,Witsey
620,Ennals
621,Hinchcliffe
622,MacLise
623,Llewellen
624,Firpi
625,Langthorne
626,De Beauchemp
627,Griffoen
628,Mecco
629,Deeney
630,Jouaneton
631,Metzig
632,Joy
633,Doche
634,Brittles
635,Krishtopaittis
636,Halfhyde
637,Amesbury
638,Marxsen
639,Palia
640,Edes
641,Gabe
642,Lambrechts
643,Filimore
644,Beardall
645,Janauschek
646,Philpotts
647,Paoloni
648,Cosgrove
649,Skace
650,Firmage
651,Tine
652,Cavalier
653,Full
654,Doerling
655,Borel
656,Hryniewicz
657,Seager
658,Lynskey
659,Plaice
660,Dalzell
661,Howlin
662,Titchen
663,Briddock
664,Lammert
665,Helleckas
666,Snuggs
667,Ailsbury
668,Shillito
669,Rollin
670,Buse
671,Opfer
672,Trotman
673,Blincow
674,Callear
675,Langeley
676,Tembey
677,Eisenberg
678,Balmer
679,Pennazzi
680,Darque
681,Chasemoore
682,Weston
683,Eastway
684,Berrecloth
685,Prier
686,Jahan
687,Myhill
688,Comley
689,Dubery
690,Kedslie
691,Bartolomieu
692,Cheshir
693,Lakey
694,Inggall
695,Lidbetter
696,Diano
697,Plowright
698,Langwade
699,Armall
700,Winn
701,Craigmyle
702,Gyford
703,Barthram
704,Semark
705,Alliban
706,Delacourt
707,Laffling
708,Clynter
709,Korb
710,Mogra
711,Hamnet
712,Petrovsky
713,Kean
714,Senn
715,Belasco
716,Birkwood
717,Doget
718,Ronan
719,Hannabuss
720,Blaksland
721,Hultberg
722,Munby
723,Bywater
724,Mccaull
725,Solland
726,Hardistry
727,Collyear
728,Stoffer
729,Wrightham
730,Radmer
731,Conman
732,Ralph
733,Heffy
734,Feirn
735,Morter
736,Rameau
737,Larderot
738,Hopkynson
739,Emanuelov
740,Knowling
741,Leirmonth
742,Swallwell
743,Tixier
744,McCritichie
745,Ridding
746,Gilston
747,Woolerton
748,Niven
749,Mulvihill
750,Fairbourn
751,Prest
752,Heinreich
753,Guppey
754,Drezzer
755,Ransome
756,Stollen
757,Stutard
758,Kunc
759,Berntssen
760,Pennycock
761,Wheeldon
762,Kisbey
763,Sarll
764,Marchington
765,Baldacchino
766,Kuhle
767,Rosiello
768,Tubble
769,Coneley
770,Wilkinson
771,Verzey
772,Fields
773,Clitsome
774,Guilleton
775,Jordine
776,Rilton
777,Hadeke
778,Dalyiel
779,Shervil
780,Outlaw
781,Mapledorum
782,Kondratowicz
783,Ivankovic
784,Bertolin
785,Tyres
786,Trueman
787,Colvin
788,Isherwood
789,Lyes
790,Murdoch
791,Hadwin
792,Glasscoe
793,Sottell
794,Borzone
795,Abthorpe
796,Element
797,Normavill
798,Springell
799,Kellogg
800,Howat
801,Sandever
802,Burthom
803,Clewarth
804,Frayn
805,Jerrems
806,Lavelle
807,Lofting
808,Isakovic
809,Keedwell
810,Jeannet
811,Fairall
812,O'Doireidh
813,Safont
814,Burnham
815,Netti
816,Dargavel
817,Bourdas
818,Ivanchov
819,Learmonth
820,Palia
821,Kinnerley
822,Ruff
823,Whibley
824,Burchfield
825,Van Leeuwen
826,Eberts
827,Lemmens
828,Marsy
829,Alexandersson
830,Betje
831,Lackie
832,Elldred
833,Snoxell
834,Vodden
835,Onthank
836,Maith
837,Zanetello
838,Lethley
839,Liversley
840,Hitschke
841,Hewkin
842,Rainbow
843,oldey
844,Wilcocke
845,Ciciotti
846,Ciottoi
847,Guerro
848,Arniz
849,Rosensaft
850,D'Onise
851,Crookes
852,Pariss
853,Ianizzi
854,Greenside
855,Kuschel
856,Swindlehurst
857,Spelsbury
858,Gladtbach
859,Maving
860,Wennington
861,Fronks
862,Reidshaw
863,Abrahamson
864,Bonaire
865,Penney
866,Philip
867,Marley
868,Loughlan
869,Hazeltine
870,McGready
871,Venour
872,Kenforth
873,Vanderson
874,Ruffey
875,Compford
876,Apedaile
877,Jewett
878,Shovelton
879,Mell
880,Wemm
881,Mecchi
882,Dorn
883,Watting
884,Grishechkin
885,Ubsdall
886,Brownsall
887,Delacour
888,Castaner
889,Eastcourt
890,Ibberson
891,Egan
892,Monini
893,Songist
894,Daal
895,Todman
896,Keenlyside
897,Stoddart
898,Margerison
899,Kayser
900,Simonsen
901,Bogart
902,Oleshunin
903,Hartop
904,Fourman
905,Wyche
906,Lardier
907,Longforth
908,Hatherill
909,Dursley
910,Marguerite
911,Birkwood
912,Clemes
913,Dumelow
914,MacMearty
915,Given
916,Madge
917,Leworthy
918,Hegden
919,Plose
920,Hengoed
921,Sterman
922,Reidie
923,MacDowall
924,Polet
925,Jorden
926,Stockman
927,Mangenot
928,Wurz
929,Lundy
930,Shirrell
931,Fattorini
932,Barhims
933,Pumphreys
934,Nertney
935,Clench
936,Kynman
937,Phipard-Shears
938,Jurries
939,Kirley
940,Hylton
941,Esche
942,Battelle
943,Towe
944,Mountlow
945,Badini
946,Grzegorek
947,Creasy
948,MacVay
949,Woolcocks
950,Crenage
951,Hurling
952,D'Arrigo
953,Filipic
954,Jaouen
955,Geraldo
956,Parkyn
957,Gabb
958,Bakes
959,Morratt
960,Patkin
961,Ridd
962,Baum
963,Golding
964,Panchen
965,Vasyukov
966,Huske
967,Vittet
968,Ellwell
969,Cuffley
970,Rookeby
971,Reven
972,Mingardo
973,Ewence
974,Tommei
975,Auguste
976,Patton
977,Cutridge
978,Iffe
979,Melendez
980,Dowderswell
981,Cage
982,Swyre
983,Blewis
984,Happer
985,Chaffer
986,Robardley
987,Gretton
988,Brettle
989,Faudrie
990,Mahedy
991,Smallwood
992,Baddeley
993,Cains
994,Dach
995,Wadeling
996,Ibbitson
997,Tildesley
998,Pacher
999,Moorman
1000,Flinn
1001,Janaszewski
1002,Laise
1003,Pinnegar
1004,Cattrall
1005,Mackro
1006,Bezarra
1007,Nerval
1008,Tyrie
1009,McAlpin
1010,Najera
1011,Tole
1012,Dei
1013,MacLaverty
1014,Foort
1015,Delcastel
1016,Mintrim
1017,Beldham
1018,Fells
1019,Lant
1020,Reiling
1021,Tarrier
1022,Garrity
1023,Cometson
1024,Geraudel
1025,Bougen
1026,Yoakley
1027,Maryin
1028,Southworth
1029,Hudson
1030,Haggar
1031,Garatty
1032,Dengel
1033,Pitts
1034,Lancley
1035,Comusso
1036,Dows
1037,Eastment
1038,Mokes
1039,Grodden
1040,Humes
1041,Hanney
1042,Flatt
1043,Bowle
1044,Ivanishev
1045,Vest
1046,Lankford
1047,Lissimore
1048,Knowlson
1049,Bilovus
1050,Macguire
1051,O'Gaven
1052,Menichelli
1053,Davidek
1054,Wakeford
1055,Giffon
1056,Ingledow
1057,Matityahu
1058,Sheirlaw
1059,Surr
1060,Geator
1061,Rawsen
1062,Lagen
1063,Fosken
1064,Bungey
1065,Tirrell
1066,Absolem
1067,Beadnall
1068,Bythway
1069,Mylan
1070,McGahy
1071,McCoole
1072,Feige
1073,Dorsey
1074,Riddall
1075,Moyse
1076,Lefever
1077,Reynold
1078,Gemlett
1079,Wrotchford
1080,Beach
1081,Bytheway
1082,Blaker
1083,Sherebrook
1084,Andrea
1085,Van Dale
1086,Kentish
1087,Fitzpayn
1088,Cough
1089,Farthin
1090,Ogden
1091,Merman
1092,Blamphin
1093,De Anesy
1094,Dracksford
1095,Trubshaw
1096,Benettolo
1097,Lawday
1098,Shelmerdine
1099,Rastrick
1100,Lapish
1101,Addlestone
1102,Riba
1103,Hawking
1104,Pady
1105,Alves
1106,Bawden
1107,Clissold
1108,Eliasen
1109,Cyples
1110,Fourmy
1111,Spain
1112,Shellibeer
1113,Fish
1114,Havelin
1115,Ossenna
1116,Felce
1117,Brett
1118,Libbis
1119,Cassam
1120,Millom
1121,Wingeatt
1122,Rutter
1123,Halvorsen
1124,Tunney
1125,Bourthouloume
1126,Kingstne
1127,Shear
1128,Hollindale
1129,Ostrich
1130,Georgievski
1131,Devlin
1132,Wasbrough
1133,Brockett
1134,Rubinsky
1135,Lovegrove
1136,Frift
1137,Riddles
1138,Lodeke
1139,Gourlay
1140,Twine
1141,McEwan
1142,Carrane
1143,Cubbino
1144,Cansfield
1145,Thowes
1146,Stote
1147,Shwalbe
1148,Dobbings
1149,Swyn
1150,Parncutt
1151,Bortoloni
1152,Leahy
1153,Abell
1154,Heake
1155,Stuckley
1156,Dearnaley
1157,Matresse
1158,Inkster
1159,Carthy
1160,Chantrell
1161,Cassely
1162,Labin
1163,Cars
1164,Branch
1165,Cicculini
1166,Laboune
1167,Dennison
1168,Maseyk
1169,Friett
1170,Littlepage
1171,Waples
1172,Conti
1173,Pooke
1174,Dobing
1175,Bickardike
1176,De Antoni
1177,Sprowles
1178,Netherclift
1179,Lauret
1180,Da Costa
1181,Gierth
1182,Beels
1183,Mattei
1184,Cromleholme
1185,Beedell
1186,Keming
1187,Longstreet
1188,Capineer
1189,Ganing
1190,Gerber
1191,Cubley
1192,McCombe
1193,Steade
1194,Naisbet
1195,Hehnke
1196,Tremellier
1197,Briddock
1198,Wigg
1199,Shoreson
1200,Lorenzetti
1201,Mac Giolla Pheadair
1202,Smylie
1203,Aaron
1204,Elderton
1205,Zannotelli
1206,Aitchinson
1207,Arnau
1208,McPeake
1209,Godspeede
1210,Batchan
1211,Gookes
1212,Eadmeades
1213,Pannaman
1214,Doog
1215,Crush
1216,Ebhardt
1217,McSporrin
1218,Penrice
1219,Staples
1220,Longrigg
1221,Vardon
1222,Santer
1223,Lound
1224,Greenstock
1225,Ivanaev
1226,Lottrington
1227,Goodhall
1228,Gepson
1229,Mollen
1230,Cow
1231,Reyes
1232,Edwardes
1233,Merrin
1234,Simunek
1235,Keefe
1236,Sackur
1237,Kardos
1238,Foxhall
1239,St. Ledger
1240,McCathy
1241,Bullimore
1242,Reidie
1243,Screas
1244,Heggs
1245,Biernacki
1246,Enos
1247,Mariolle
1248,Swancott
1249,Tennock
1250,Gofforth
1251,Bulle
1252,Tubble
1253,Brookes
1254,Whittington
1255,Self
1256,Crookes
1257,Morsey
1258,Litt
1259,Skells
1260,Jiles
1261,Westpfel
1262,Coldridge
1263,Malt
1264,Petroulis
1265,Swayland
1266,Evitt
1267,Karran
1268,Blount
1269,Perle
1270,Dallan
1271,Fancet
1272,Lasseter
1273,Burgoine
1274,Harston
1275,Lujan
1276,Comi
1277,Sexon
1278,Townson
1279,Gosford
1280,Guirau
1281,Ilyasov
1282,Greenhouse
1283,Lewerenz
1284,Larkkem
1285,Nelhams
1286,Dreng
1287,McBrearty
1288,Ixer
1289,Goering
1290,Coppins
1291,Leacy
1292,Siggee
1293,Bellin
1294,Caston
1295,Annes
1296,Burbridge
1297,Confait
1298,Howard
1299,Gentery
1300,Reddihough
1301,Schwand
1302,Glavias
1303,Aukland
1304,Wyne
1305,Kepe
1306,Oki
1307,Chillingworth
1308,Diss
1309,Favill
1310,Kroon
1311,Sallery
1312,Consterdine
1313,Grimwade
1314,Baulcombe
1315,Giraudel
1316,Josselsohn
1317,Kittow
1318,Aberkirder
1319,Chubb
1320,Stuckford
1321,Sherebrook
1322,Paszak
1323,Grewar
1324,Fothergill
1325,Golbourn
1326,Merriday
1327,Sparrowhawk
1328,Huggon
1329,Risbridger
1330,Keeler
1331,Carlens
1332,Massow
1333,Sant
1334,Battlestone
1335,Dilon
1336,Shallcross
1337,Downe
1338,Giannazzi
1339,Gohier
1340,Keighly
1341,Peaseman
1342,Giles
1343,Flay
1344,Karys
1345,MacDearmaid
1346,Erdes
1347,Romans
1348,Oehm
1349,Broadbear
1350,Sumnall
1351,Brimner
1352,Fowkes
1353,Tilburn
1354,Spry
1355,Gard
1356,Gladwell
1357,Bratcher
1358,Coper
1359,Ditchburn
1360,Dekeyser
1361,Clingoe
1362,Gioan
1363,Rusted
1364,Kunert
1365,Tink
1366,Harrema
1367,Childerley
1368,Harlett
1369,Kingscott
1370,Clewes
1371,Jendricke
1372,Pryor
1373,Jeremiah
1374,Tees
1375,Shouler
1376,Summerscales
1377,Middlehurst
1378,Softley
1379,Lezemere
1380,Trotman
1381,Meldrum
1382,Mouton
1383,Neylon
1384,Chenery
1385,Northway
1386,Gammell
1387,Britch
1388,Roullier
1389,Eplett
1390,Wicken
1391,Savil
1392,Wignall
1393,Nowell
1394,Bellson
1395,Cawt
1396,Husset
1397,Heintz
1398,Roblou
1399,Webling
1400,Oehme
1401,Hanley
1402,Hapke
1403,Langwade
1404,Devinn
1405,Riggert
1406,Berardt
1407,Wingham
1408,Pryde
1409,Cayford
1410,Currey
1411,Adamik
1412,Wallworth
1413,Lambert
1414,Trundle
1415,Hinsche
1416,Raden
1417,Stuchburie
1418,Heugel
1419,Barnsley
1420,Mc Cahey
1421,Foxon
1422,Stodhart
1423,Donne
1424,Hughland
1425,Depka
1426,Orro
1427,Giggie
1428,Kenealy
1429,Evesque
1430,Gyer
1431,Lewens
1432,Ralestone
1433,Stuart
1434,Rubroe
1435,Cleal
1436,Swains
1437,Beaumont
1438,Boc
1439,Havile
1440,Whall
1441,Gillatt
1442,Pollock
1443,Philliphs
1444,Trenbey
1445,Ricson
1446,Kernell
1447,Seel
1448,Giddins
1449,Detoile
1450,Sloane
1451,Imesen
1452,Caldero
1453,Law
1454,Martineau
1455,Pfeuffer
1456,Eddison
1457,Kersting
1458,Stitson
1459,Sowden
1460,MacConnell
1461,Asche
1462,Whistlecraft
1463,Ryott
1464,Ehlerding
1465,Bowen
1466,Gowrich
1467,Kunze
1468,Poulsen
1469,Strangwood
1470,McKaile
1471,Shafe
1472,Olekhov
1473,Daleman
1474,Buntine
1475,Daborne
1476,Siccombe
1477,Espinoza
1478,Glenister
1479,Burbridge
1480,Brakespear
1481,Storck
1482,Seedman
1483,Keslake
1484,Horwell
1485,Gunthorp
1486,Gaunson
1487,Brunicke
1488,Madgett
1489,Cranney
1490,Howard - Gater
1491,Claringbold
1492,Gallamore
1493,Castellani
1494,Crickmoor
1495,Rubinowitz
1496,Sedworth
1497,Egentan
1498,Sturzaker
1499,Arsmith
1500,Hornbuckle
1501,Bingle
1502,Scorrer
1503,Stickford
1504,Brooks
1505,Pennigar
1506,Moulson
1507,O' Timony
1508,Towe
1509,Bernhardt
1510,Salman
1511,de Werk
1512,Akroyd
1513,Tear
1514,Georgius
1515,Marlon
1516,Laurentino
1517,Oki
1518,Kliesl
1519,Farrier
1520,Wevell
1521,McAulay
1522,Thunders
1523,Ohms
1524,Stringman
1525,McElhinney
1526,Ham
1527,Fetters
1528,Librey
1529,McCafferky
1530,Davidescu
1531,Bunstone
1532,Pau
1533,Incogna
1534,Wolfinger
1535,Hengoed
1536,Brown
1537,Mattersley
1538,Hurler
1539,Woodyatt
1540,Papps
1541,Saltmarshe
1542,Mathewson
1543,Tween
1544,Maylard
1545,Vaudin
1546,Houtbie
1547,Redwall
1548,Siss
1549,Sutehall
1550,Wiffill
1551,Corbin
1552,Voak
1553,Rany
1554,Gruby
1555,Benard
1556,Blaymires
1557,Leathlay
1558,Andric
1559,Donnachie
1560,Knock
1561,Ruddock
1562,Dyble
1563,Fateley
1564,Cullimore
1565,Dyment
1566,Bims
1567,Giacopello
1568,Lineker
1569,Lieber
1570,Hardy-Piggin
1571,Badland
1572,Node
1573,Seary
1574,Tomaselli
1575,Yellowlees
1576,Sharp
1577,Allanson
1578,Chatters
1579,Srutton
1580,Oke
1581,Bottell
1582,Honywill
1583,Heiss
1584,Tocknell
1585,Greystoke
1586,Bottomley
1587,Kittiman
1588,Everly
1589,Mullett
1590,Straughan
1591,Dominey
1592,Creaven
1593,O'Doran
1594,Davenhall
1595,Carlino
1596,Arnott
1597,Neicho
1598,Finley
1599,Kingscote
1600,Jackson
1601,Fetherston
1602,Etchell
1603,Stillwell
1604,De Bruyn
1605,Busfield
1606,Ends
1607,Balcombe
1608,Brimham
1609,Mc Carrick
1610,Wadwell
1611,Drought
1612,Cuddihy
1613,Hallyburton
1614,Sibary
1615,Arniz
1616,Darrigrand
1617,Linforth
1618,Siret
1619,Mackleden
1620,Fenemore
1621,Dawtrey
1622,Ives
1623,Maydway
1624,Speaks
1625,Leeuwerink
1626,Nunan
1627,Pink
1628,Youd
1629,Ricciardiello
1630,Dixon
1631,Hearle
1632,Covendon
1633,Ledward
1634,Gepson
1635,Scinelli
1636,Matasov
1637,Decroix
1638,Lovart
1639,Emor
1640,Ludlow
1641,Cicchillo
1642,Davidwitz
1643,Lownie
1644,Maylour
1645,Itskovitz
1646,Bridgman
1647,Daingerfield
1648,Cardon
1649,Spering
1650,Aberdalgy
1651,Strangeways
1652,Grunson
1653,Linfield
1654,Pantone
1655,Moland
1656,Artharg
1657,Heakins
1658,McQuade
1659,Thorwarth
1660,Lamps
1661,Cleave
1662,Daybell
1663,Fairham
1664,Barford
1665,Dorkins
1666,Panks
1667,Salway
1668,Moryson
1669,Fairlie
1670,Shone
1671,Argabrite
1672,Fosher
1673,Tatterton
1674,MacCart
1675,Thody
1676,Berrill
1677,Maillard
1678,Glancy
1679,Brayne
1680,O'Toole
1681,Baggally
1682,Pykerman
1683,Ech
1684,Casazza
1685,Meugens
1686,Fishe
1687,Inott
1688,Simner
1689,Kleinstub
1690,Diack
1691,Hatcher
1692,Hammant
1693,Binnion
1694,Boldra
1695,Corden
1696,Birth
1697,Medley
1698,Loram
1699,Kilgallon
1700,Parzis
1701,Malamore
1702,Le Marquand
1703,Woolward
1704,Sugarman
1705,Faichnie
1706,Catenot
1707,Gerrans
1708,Carrodus
1709,Bigby
1710,Daville
1711,Woodes
1712,Moulsdall
1713,Devinn
1714,Rising
1715,O'Spillane
1716,Dainty
1717,Djordjevic
1718,Depke
1719,Gecke
1720,Kestin
1721,Graddell
1722,Ballendine
1723,Cypler
1724,Whitland
1725,Carnow
1726,Vasiljevic
1727,Shelvey
1728,Devlin
1729,Berard
1730,Mellings
1731,Pantone
1732,Grimbleby
1733,Ruecastle
1734,Didball
1735,Roylance
1736,Ree
1737,Yurchenko
1738,Cobbing
1739,Murrigans
1740,McEntagart
1741,Leatherborrow
1742,Bentley
1743,Aizikov
1744,Engley
1745,Wegener
1746,De Carlo
1747,Sarton
1748,McKennan
1749,Shatliff
1750,Beet
1751,Mouland
1752,Davidescu
1753,Pablos
1754,Garrit
1755,Rubra
1756,Jedrys
1757,Capehorn
1758,Szymaniak
1759,Pease
1760,Tolefree
1761,Featonby
1762,Auger
1763,Odgaard
1764,Thing
1765,Daltry
1766,Alelsandrovich
1767,Swinnerton
1768,Sibbe
1769,Hilbourne
1770,Shrive
1771,Seiler
1772,MacLaren
1773,Daldry
1774,Epperson
1775,Rosie
1776,Peak
1777,Ashborne
1778,Deaconson
1779,Farlam
1780,Arnaudin
1781,Di Franceshci
1782,Eastment
1783,Whitticks
1784,Grimolbie
1785,Woodes
1786,Alvey
1787,Beaglehole
1788,Pohlak
1789,Gommowe
1790,Breagan
1791,Cowey
1792,Goard
1793,Brick
1794,Osorio
1795,Pender
1796,Renard
1797,Dolphin
1798,Hards
1799,Antoni
1800,Bosden
1801,Buntin
1802,Downage
1803,Gianilli
1804,Tuck
1805,Brotherick
1806,Neenan
1807,Cashin
1808,Burkill
1809,Orneblow
1810,Siebert
1811,Rodolfi
1812,Jennery
1813,Cayet
1814,Auletta
1815,Sigward
1816,Brockett
1817,MacAulay
1818,Cargen
1819,Guyan
1820,Eslemont
1821,Watmough
1822,Partkya
1823,Sangster
1824,Elan
1825,Tunmore
1826,Cannell
1827,Enevoldsen
1828,Domenichini
1829,Sywell
1830,Brockelsby
1831,Higgen
1832,Dziwisz
1833,Wookey
1834,Symones
1835,Wilmot
1836,Degenhardt
1837,Fone
1838,Penniell
1839,Hanes
1840,Machel
1841,Gerring
1842,Creboe
1843,Kinnerley
1844,Catmull
1845,Adshede
1846,Treadgall
1847,Percy
1848,Janc
1849,Liddiard
1850,Guidera
1851,Lawn
1852,Stanyland
1853,Glew
1854,Wetherill
1855,Mandal
1856,Macklin
1857,Duesberry
1858,Cyples
1859,Syddall
1860,Robertacci
1861,Copnall
1862,Chippendale
1863,Arnaudet
1864,Tharme
1865,Harrod
1866,Elliss
1867,Fosdyke
1868,Gunning
1869,Roussel
1870,Rappa
1871,Jaulme
1872,Dunmuir
1873,Wycliffe
1874,Sheldrake
1875,Borthwick
1876,Belfelt
1877,Pauli
1878,Gresswood
1879,Gammett
1880,Babington
1881,Yushankin
1882,Frandsen
1883,Gheorghescu
1884,Golsworthy
1885,Tolwood
1886,Hay
1887,Cawdell
1888,Carnegy
1889,Lupton
1890,Rushbrooke
1891,Weond
1892,Tooke
1893,Swainger
1894,Rumsby
1895,Freezer
1896,Creddon
1897,Blenkharn
1898,Ambrosi
1899,de Mendoza
1900,Brosenius
1901,Riceards
1902,Yonge
1903,Macewan
1904,Maccrae
1905,Georghiou
1906,Beckey
1907,Dinsdale
1908,Antrack
1909,Tremmil
1910,Eede
1911,Peacock
1912,Berfoot
1913,Guierre
1914,Bazely
1915,Dougher
1916,Coyte
1917,Borthe
1918,Crowley
1919,Sketchley
1920,Ede
1921,Troughton
1922,Deerness
1923,Nother
1924,Zebedee
1925,Marzello
1926,Syres
1927,Doogood
1928,Kynnd
1929,Fossick
1930,Hunnawill
1931,Durbridge
1932,Vicent
1933,Strahan
1934,Nelane
1935,Lackner
1936,Deeble
1937,Dangl
1938,Luckhurst
1939,Strase
1940,Greedier
1941,Di Roberto
1942,Iczokvitz
1943,Coger
1944,Martinyuk
1945,Sherred
1946,Benneton
1947,Denver
1948,Peepall
1949,Pretty
1950,Qusklay
1951,Mulchrone
1952,Wozencraft
1953,Careswell
1954,Sobtka
1955,Matyushkin
1956,Aspray
1957,Osichev
1958,Banane
1959,Haestier
1960,Cawse
1961,Hempel
1962,Forestel
1963,Larver
1964,Everley
1965,Bambra
1966,Dredge
1967,McGrah
1968,Larciere
1969,McGloin
1970,Kohnemann
1971,Miko
1972,Tantrum
1973,Sangwine
1974,Khomich
1975,Figurski
1976,Cassedy
1977,Josephi
1978,Roselli
1979,Cristea
1980,Seer
1981,Warboy
1982,Rontsch
1983,Rennebeck
1984,Riediger
1985,Targe
1986,Ashment
1987,Sudlow
1988,O' Scallan
1989,McGuire
1990,Fishburn
1991,Eberle
1992,Gazzard
1993,Folling
1994,Adaway
1995,Bulbrook
1996,Drugan
1997,Rizzardi
1998,Swede
1999,Leynton
2000,O'Connolly
2001,Rupel
2002,Bilbery
2003,Holstein
2004,Wyse
2005,Kenninghan
2006,Tesdale
2007,Silverson
2008,Marquez
2009,Meir
2010,Killoran
2011,Tuck
2012,Pheasant
2013,Natte
2014,Ord
2015,Defau
2016,Pittoli
2017,Ather
2018,Needs
2019,Roll
2020,Ruggieri
2021,Kirvin
2022,Essery
2023,Fallens
2024,Wilber
2025,Roggers
2026,Hakking
2027,Beevors
2028,Kainz
2029,Quinell
2030,Dosdale
2031,Massimi
2032,Nicholls
2033,Rosbottom
2034,Hubbis
2035,Pennoni
2036,Dannohl
2037,Murrey
2038,Pagelsen
2039,Lent
2040,Pennells
2041,Mingame
2042,Rafferty
2043,Erdis
2044,Lenihan
2045,Leynton
2046,Gillison
2047,Louder
2048,Draye
2049,MacEntee
2050,Castanos
2051,Pedrocco
2052,Giddens
2053,Gosker
2054,Fuggle
2055,McGlone
2056,Leaton
2057,Smethurst
2058,MacDonald
2059,McGilbon
2060,Moxstead
2061,Casterton
2062,Sager
2063,Gurney
2064,Himsworth
2065,Buxey
2066,Scoggan
2067,Limeburn
2068,MacKim
2069,Grosvenor
2070,Birwhistle
2071,Carcass
2072,Piletic
2073,Hazell
2074,Iowarch
2075,Humberston
2076,Hull
2077,Canizares
2078,Dabnor
2079,Brisard
2080,Currin
2081,Caddens
2082,O'Doohaine
2083,Joice
2084,Swettenham
2085,Darnody
2086,Roggero
2087,Krzyzaniak
2088,Gerold
2089,Broadis
2090,Twinborne
2091,Bebis
2092,Digger
2093,Duer
2094,Thurbon
2095,Darnody
2096,Pouck
2097,Kensitt
2098,Gillam
2099,Madigan
2100,Philbin
2101,Patinkin
2102,McTeague
2103,Crottagh
2104,Dollen
2105,Burgher
2106,Deighan
2107,Liquorish
2108,Hasson
2109,Trehearne
2110,Moyle
2111,Grouvel
2112,Adao
2113,Kennicott
2114,Rattery
2115,Keig
2116,Dellenbrok
2117,Samples
2118,Demko
2119,Tench
2120,Duckerin
2121,Mauro
2122,Dunn
2123,Tuther
2124,Ickovicz
2125,Cuncarr
2126,Hutcheon
2127,Mattersey
2128,Taylot
2129,Geffcock
2130,Gwillim
2131,Moreby
2132,Saines
2133,Dupree
2134,Goodburn
2135,Bulmer
2136,Statter
2137,Ouldcott
2138,Damiata
2139,Onele
2140,Jefferd
2141,Ateggart
2142,Crann
2143,Colicot
2144,Craigmyle
2145,Brommage
2146,Fairholme
2147,Bortolomei
2148,Frew
2149,Sheed
2150,Houldey
2151,Amy
2152,Splevins
2153,Dunsford
2154,Brims
2155,Lanning
2156,Aisthorpe
2157,Salleir
2158,Giannazzi
2159,Rollinshaw
2160,Morgan
2161,Slorance
2162,Chasles
2163,Rossant
2164,Greystoke
2165,Lengthorn
2166,Delph
2167,Gresswood
2168,Giacopelo
2169,Caltun
2170,Felder
2171,Vooght
2172,Grane
2173,Witard
2174,Alesi
2175,Kimmitt
2176,O'Scannill
2177,Clench
2178,Bridgewater
2179,Beatson
2180,Barwick
2181,Klink
2182,Antonoczyk
2183,Bedenham
2184,Trengrove
2185,Piniur
2186,Giffin
2187,Sprionghall
2188,Newtown
2189,Ratter
2190,Suermeiers
2191,Tramel
2192,Rosini
2193,Northfield
2194,Donke
2195,Mantram
2196,Crookshanks
2197,McNulty
2198,Flinn
2199,Nafziger
2200,Evans
2201,McEwan
2202,Gaskoin
2203,Radloff
2204,Raggles
2205,Leheude
2206,Elgie
2207,Beaves
2208,Leggott
2209,Bennington
2210,Janku
2211,St Quenin
2212,Pock
2213,Albery
2214,Oxburgh
2215,Keenlyside
2216,Mainland
2217,Broseke
2218,Spratling
2219,Minshull
2220,Sprulls
2221,MacVicar
2222,Janecki
2223,Imlin
2224,Bewfield
2225,Pionter
2226,Laweles
2227,Silveston
2228,Blaszkiewicz
2229,Leyre
2230,McPhilemy
2231,Stratton
2232,Hegarty
2233,Phelp
2234,Bellino
2235,Sandal
2236,Heinig
2237,MacTrustam
2238,Castel
2239,McTurk
2240,Solway
2241,Bowhay
2242,Farrens
2243,Corn
2244,Reilingen
2245,Fletcher
2246,MacClay
2247,Creelman
2248,Mumbeson
2249,Seeds
2250,Stockford
2251,Keggins
2252,Hynde
2253,Beggini
2254,McNabb
2255,Cudworth
2256,Gladwin
2257,Trobridge
2258,Breitling
2259,Tenniswood
2260,Doole
2261,Sanpher
2262,Brothers
2263,Friman
2264,Sarfatti
2265,Hunsworth
2266,Smuth
2267,Christley
2268,Cracknell
2269,Castelow
2270,Hutable
2271,Littell
2272,Doorly
2273,Bridgeland
2274,Dury
2275,Maypes
2276,Francais
2277,Rendell
2278,Saffe
2279,O'Neary
2280,Mallebone
2281,McGuggy
2282,Graith
2283,McGaugan
2284,Jelliman
2285,Wiley
2286,Hardan
2287,Alderton
2288,Fellowes
2289,Fansy
2290,Farnworth
2291,Unger
2292,Atwill
2293,McTiernan
2294,Kolakowski
2295,Diplock
2296,Stoffels
2297,Chauvey
2298,Breddy
2299,Spowart
2300,Issakov
2301,Curtain
2302,Tabourin
2303,Sanbroke
2304,Marvelley
2305,Rothschild
2306,Tolomei
2307,Lummasana
2308,Vignaux
2309,Stonehewer
2310,Feathers
2311,Jaouen
2312,Dibley
2313,Mulberry
2314,Frewer
2315,Glassard
2316,oldey
2317,Bromell
2318,Backhurst
2319,Kneller
2320,Wakelin
2321,Matiewe
2322,Huggill
2323,Comber
2324,Marc
2325,Painten
2326,Lissenden
2327,Formie
2328,Hundell
2329,Roughley
2330,Mc Mechan
2331,Ferrotti
2332,Patnelli
2333,De Luna
2334,Grinval
2335,Ibert
2336,Tenman
2337,Crack
2338,Antonacci
2339,Riordan
2340,Battell
2341,Barense
2342,Paolino
2343,Jeavons
2344,Normanvill
2345,Keinrat
2346,Minghi
2347,Carse
2348,McCaughren
2349,Tomsa
2350,Baxendale
2351,Covendon
2352,Philpault
2353,Perocci
2354,Greendale
2355,Ruslinge
2356,McIndrew
2357,Heaps
2358,Hubberstey
2359,Callan
2360,Narramor
2361,Benediktovich
2362,Doyley
2363,Hothersall
2364,Font
2365,Saye
2366,Itzkovitch
2367,Noads
2368,Embery
2369,Ambridge
2370,Downham
2371,Horsewood
2372,Saylor
2373,Berriman
2374,Berceros
2375,Grishanin
2376,Johnikin
2377,Streatfeild
2378,Dummigan
2379,Nuton
2380,Laba
2381,Lacky
2382,Ely
2383,Clackers
2384,Ronchetti
2385,Kield
2386,Fant
2387,Simm
2388,Junkison
2389,Witnall
2390,Goldine
2391,Poat
2392,Mation
2393,Openshaw
2394,Tudor
2395,Edney
2396,Goldberg
2397,Peidro
2398,Corwin
2399,Suttill
2400,Tuckwood
2401,Rist
2402,Archdeckne
2403,Burgon
2404,Reaper
2405,Broderick
2406,Hexham
2407,Rodwell
2408,Gadman
2409,Gronno
2410,McMonnies
2411,Vinck
2412,Brettle
2413,Christoffels
2414,Escoffier
2415,Taill
2416,Bleibaum
2417,Leonarde
2418,Turney
2419,Fromant
2420,Sumers
2421,Hurton
2422,Peffer
2423,MacBain
2424,Tiptaft
2425,Dwelly
2426,Gebby
2427,McKennan
2428,Emberson
2429,Tabart
2430,Johananov
2431,Meale
2432,McCahill
2433,Swansbury
2434,Trott
2435,Leftley
2436,Insall
2437,Caswell
2438,Seaborn
2439,Sowersby
2440,Matuszewski
2441,Fillingham
2442,Flaverty
2443,Cavet
2444,McTrustram
2445,Stygall
2446,Woolward
2447,Rounsefull
2448,Haime
2449,Novotne
2450,Sines
2451,Di Napoli
2452,Petrolli
2453,Hourigan
2454,Gainsburgh
2455,Riddell
2456,Kynforth
2457,Rayson
2458,Mardee
2459,Mowbury
2460,Ferryman
2461,Elcum
2462,Asche
2463,Soughton
2464,McGerr
2465,Cloute
2466,Lapenna
2467,Hosburn
2468,Harring
2469,Dunmore
2470,Shattock
2471,Selvey
2472,Peacher
2473,Blankhorn
2474,Davitti
2475,Elliman
2476,Shea
2477,Gasnoll
2478,Spellworth
2479,Dello
2480,Sandham
2481,Baggaley
2482,Yglesias
2483,Stirgess
2484,Recher
2485,Heminsley
2486,Bubear
2487,Cleeves
2488,McRitchie
2489,Jakov
2490,Sturges
2491,Andriolli
2492,Gauch
2493,Whitehall
2494,Hubbold
2495,Sonner
2496,Pien
2497,Leiden
2498,Andras
2499,Buyers
2500,Bolderson
2501,Mowles
2502,Latus
2503,Aiken
2504,Pitkeathley
2505,Tiffany
2506,Djokic
2507,Wheldon
2508,Steaning
2509,Bardwell
2510,Bolwell
2511,Luckcock
2512,Benkin
2513,Joanic
2514,Rauprich
2515,Shearston
2516,Havercroft
2517,Swatton
2518,Tindle
2519,Leband
2520,Riolfo
2521,Lumsden
2522,Rodmell
2523,Beirne
2524,Driffield
2525,Simoes
2526,Vant
2527,Snalom
2528,Vellender
2529,Jossum
2530,Garrick
2531,Vaudin
2532,MacCaughan
2533,Adair
2534,Eversley
2535,Kleiser
2536,Porte
2537,Cicetti
2538,Ferriday
2539,Wickey
2540,Vernau
2541,Tongue
2542,Pinke
2543,Colliver
2544,Bramstom
2545,Hayes
2546,Elliston
2547,Monard
2548,Drewery
2549,Pitceathly
2550,Pryce
2551,Shrubshall
2552,Rikard
2553,Swate
2554,MacIan
2555,Lanfare
2556,Veldens
2557,Parkhouse
2558,Jarville
2559,Pittle
2560,Brassington
2561,Tough
2562,Mayoral
2563,Jarvis
2564,Catling
2565,Cowoppe
2566,Rickasse
2567,Mahomet
2568,Whisby
2569,Skacel
2570,Tessyman
2571,Patry
2572,Regnard
2573,Darko
2574,Spindler
2575,Aberchirder
2576,Stennard
2577,MacMeekan
2578,Youthead
2579,Rubinsohn
2580,MacCorkell
2581,Meakin
2582,Brazil
2583,Franzolini
2584,Francomb
2585,Valentim
2586,Swancott
2587,Delmonti
2588,Kubiczek
2589,Eddison
2590,Culpen
2591,Lopes
2592,Bidgood
2593,Kaplin
2594,Bridewell
2595,Corben
2596,Dykins
2597,Gomby
2598,Meanwell
2599,Law
2600,Keyho
2601,Aldington
2602,Nanni
2603,Berecloth
2604,Hearty
2605,Patullo
2606,Lampl
2607,Cursons
2608,Verdey
2609,Harler
2610,Firmin
2611,Lounds
2612,L' Anglois
2613,Burriss
2614,Baines
2615,Maginn
2616,MacAskie
2617,Gerwood
2618,Khotler
2619,Gotts
2620,Kornacki
2621,Hecks
2622,Secretan
2623,Leirmonth
2624,Silversmid
2625,Burburough
2626,Turnell
2627,Janouch
2628,Bernardeschi
2629,Dog
2630,Plewman
2631,McGee
2632,Haugeh
2633,Shave
2634,Backes
2635,Currin
2636,Gillyatt
2637,Allflatt
2638,Marieton
2639,Pickburn
2640,Tommaseo
2641,Kern
2642,Potebury
2643,Deane
2644,Fulun
2645,Bartle
2646,Aveson
2647,Kenewel
2648,Baumadier
2649,Deary
2650,Karpman
2651,Moorton
2652,Goman
2653,Artis
2654,Escalera
2655,Moakes
2656,Fuzzey
2657,Timson
2658,Burrells
2659,Oakenford
2660,Jurewicz
2661,Lippiatt
2662,Algore
2663,Steuart
2664,Brace
2665,Clee
2666,Streatley
2667,Hess
2668,Howley
2669,Battrum
2670,MacCaffrey
2671,Yanov
2672,Lage
2673,Denyukhin
2674,Bhatia
2675,Cosby
2676,Lindblom
2677,Tunuy
2678,Maro
2679,MacGaffey
2680,Lydden
2681,Spriggen
2682,Fredson
2683,Greenan
2684,Batey
2685,Fuzzey
2686,Crumb
2687,Warhurst
2688,Kingsford
2689,Gwinnell
2690,Eneas
2691,Sex
2692,Renouf
2693,De Caroli
2694,Stanbrooke
2695,Loft
2696,Blunsden
2697,O'Hickee
2698,Righy
2699,Onge
2700,Macey
2701,Hooke
2702,Oolahan
2703,Barrington
2704,Cheese
2705,Pritty
2706,Jecock
2707,Tribe
2708,Jiri
2709,Guyton
2710,Stowgill
2711,Garbett
2712,Gaythwaite
2713,Colegrove
2714,Pioli
2715,Shipman
2716,Foard
2717,Alenin
2718,Trynor
2719,Rebbeck
2720,Gladding
2721,Gammon
2722,Masse
2723,Korneichik
2724,Drabble
2725,Peirazzi
2726,Patis
2727,Hafner
2728,Kirton
2729,Feitosa
2730,Blything
2731,Corneille
2732,Quincey
2733,Tasseler
2734,Rosenberger
2735,Dicke
2736,Vallens
2737,Hinkes
2738,Balfre
2739,Minear
2740,Andryushin
2741,Quarton
2742,Gallemore
2743,Easton
2744,Tomley
2745,Balazs
2746,Pearce
2747,Drinan
2748,Carbin
2749,McLachlan
2750,Jellico
2751,Jedrzejewski
2752,Frodsham
2753,Prettejohns
2754,Cominoli
2755,Mourbey
2756,Fritche
2757,Schlag
2758,McGonigle
2759,Endicott
2760,Boldt
2761,Easthope
2762,Snarr
2763,Dombrell
2764,Crewther
2765,Coomes
2766,Bordes
2767,McKeaveney
2768,Ollett
2769,Shakle
2770,Tammadge
2771,Applewhite
2772,Harry
2773,Elam
2774,Lukasik
2775,Howen
2776,Assiter
2777,Gutridge
2778,Dell Casa
2779,Danslow
2780,Clackers
2781,Stoodley
2782,Mapson
2783,Haslen
2784,Alner
2785,Platts
2786,Lashley
2787,Strangeways
2788,Goolden
2789,Kaasmann
2790,Plank
2791,Broadey
2792,Million
2793,McMorran
2794,Skone
2795,Pitkins
2796,Andersen
2797,Bassett
2798,McGorley
2799,Styan
2800,Longfellow
2801,Wemm
2802,Leverage
2803,Harriot
2804,Mattiazzi
2805,Rodliff
2806,Claessens
2807,Blackwood
2808,Lardier
2809,Riding
2810,Elie
2811,Dzenisenka
2812,Pitcher
2813,Ashbrook
2814,Mallinson
2815,Loveday
2816,Dearle-Palser
2817,Bettenson
2818,Lusher
2819,Aberchirder
2820,Trengrouse
2821,Borkin
2822,Dimanche
2823,Poveleye
2824,Tudhope
2825,Hudel
2826,Asken
2827,Wherrit
2828,Astbery
2829,Martugin
2830,Macvain
2831,Scalera
2832,Cragell
2833,Longmaid
2834,Carabine
2835,Vinas
2836,Hallas
2837,West
2838,Robinson
2839,Stanlock
2840,Lovat
2841,Goodship
2842,Domanski
2843,I'anson
2844,Varfolomeev
2845,Dizlie
2846,Tomich
2847,Feldstern
2848,McNay
2849,Moatt
2850,Poschel
2851,Seton
2852,Dinnies
2853,Maddams
2854,Cran
2855,Lovett
2856,Ossulton
2857,Heathcoat
2858,Younglove
2859,Galbreth
2860,Frill
2861,Plott
2862,Valsler
2863,Sivior
2864,Jorry
2865,MacFie
2866,Ratnege
2867,Trematick
2868,Guidoni
2869,Huerta
2870,Penhall
2871,Bratley
2872,Corris
2873,Maffei
2874,Whettleton
2875,Leil
2876,Sykora
2877,Elphinstone
2878,Ambrois
2879,Dahle
2880,Mussilli
2881,Goldby
2882,Redolfi
2883,Alldridge
2884,Korous
2885,Skehens
2886,Olivello
2887,Harroway
2888,Kennford
2889,Willeson
2890,Fallis
2891,Devitt
2892,Dorracott
2893,Dullard
2894,Hendren
2895,Matejic
2896,Boness
2897,Bernade
2898,Scallan
2899,Fenn
2900,Ferenc
2901,Whanstall
2902,Brewin
2903,Batie
2904,Leijs
2905,Baraja
2906,Le Grys
2907,Roxbee
2908,Gainor
2909,Yarrington
2910,Lemasney
2911,Lochead
2912,Clendening
2913,Renault
2914,Petrosian
2915,Haswell
2916,Speller
2917,Meffan
2918,Baysting
2919,Sparry
2920,Smye
2921,Father
2922,Woodland
2923,Spurgin
2924,Hildred
2925,Comoletti
2926,Lemery
2927,McMakin
2928,Catherall
2929,Kellard
2930,Dionisio
2931,Waren
2932,Dumberell
2933,Bowley
2934,Izatson
2935,Ridgedell
2936,Barringer
2937,Lucus
2938,Merrick
2939,MacTeague
2940,Ollcott
2941,Muzzillo
2942,Mannooch
2943,Lunam
2944,Riceards
2945,Cromwell
2946,Colerick
2947,Jeaneau
2948,Pietzner
2949,Rodders
2950,Fylan
2951,Barnett
2952,Tofpik
2953,Ellum
2954,Bracher
2955,Ewart
2956,Owlner
2957,Dabel
2958,Cassley
2959,Stedman
2960,Bewshaw
2961,Claringbold
2962,Boarder
2963,Darington
2964,Kubacki
2965,Huxstep
2966,Samme
2967,Gregory
2968,Filyashin
2969,Ridgway
2970,Bront
2971,Trevino
2972,Reisk
2973,Gannon
2974,Lofty
2975,McIllroy
2976,Pareman
2977,Fordyce
2978,Bartolommeo
2979,Fleckness
2980,Acland
2981,Everingham
2982,Churchward
2983,Jimmison
2984,Elfitt
2985,Ockleshaw
2986,Wilce
2987,Lear
2988,De Domenici
2989,Cobbledick
2990,Benbow
2991,Maymand
2992,Polino
2993,Jurgenson
2994,Hook
2995,Libbis
2996,Plaister
2997,Arnholz
2998,Poli
2999,Muffitt
3000,Van der Beken
3001,Lowers
3002,Pauley
3003,Adderson
3004,Shieldon
3005,Concannon
3006,Buckney
3007,Gaitley
3008,Innocent
3009,MacCafferky
3010,Espley
3011,Bulluck
3012,Jirak
3013,Bollum
3014,Gladbach
3015,Kleszinski
3016,Gatward
3017,Gwalter
3018,Ellen
3019,Staggs
3020,Cancutt
3021,Nanninini
3022,Mary
3023,Rops
3024,Dubock
3025,Goold
3026,Brisset
3027,Seebert
3028,Martynov
3029,Benito
3030,Chisman
3031,MacTeggart
3032,Stannas
3033,Smurfit
3034,Inde
3035,Yarrington
3036,Vernay
3037,Gerler
3038,McIllrick
3039,Lewing
3040,Preskett
3041,Skough
3042,Thurstan
3043,Jouen
3044,Matussow
3045,Churm
3046,Case
3047,Lukes
3048,Millhill
3049,Leed
3050,Passman
3051,Roark
3052,Saffrin
3053,Gooden
3054,Rorke
3055,Turfin
3056,Gopsill
3057,Scarf
3058,Szabo
3059,Erswell
3060,Bennedsen
3061,Rizzini
3062,Leipold
3063,Tolworth
3064,Rambaut
3065,Bogeys
3066,Peiro
3067,Surgood
3068,Barnsdall
3069,Surgener
3070,Pirelli
3071,Mattityahou
3072,Bowhay
3073,Paulisch
3074,Bandt
3075,McNiff
3076,Maciak
3077,Bodycomb
3078,Zeplin
3079,McDougal
3080,Duthy
3081,Arguile
3082,Dawltrey
3083,Suatt
3084,Rollins
3085,Gooble
3086,Kenion
3087,Bloxsome
3088,Serris
3089,Lehr
3090,Bogace
3091,Kelbie
3092,Doust
3093,Ormshaw
3094,Robotham
3095,Mitton
3096,Rosenbusch
3097,Swayne
3098,Tyers
3099,Fairlamb
3100,Bonicelli
3101,Connolly
3102,Olsen
3103,Ilyasov
3104,Basketfield
3105,Castagneto
3106,Gowler
3107,MacFarland
3108,MacConchie
3109,Diben
3110,Dearnley
3111,Brettle
3112,Lockey
3113,Sturton
3114,Ayris
3115,Khomishin
3116,Robbings
3117,Petrelluzzi
3118,Blabber
3119,Guinan
3120,Canellas
3121,Leaves
3122,Gillson
3123,Bensusan
3124,Girhard
3125,Maund
3126,Albin
3127,Jaine
3128,Bucktrout
3129,Cosford
3130,Manby
3131,Purcer
3132,Sutterfield
3133,Leasor
3134,Ewington
3135,Hovenden
3136,McGurgan
3137,Kleinzweig
3138,Dagleas
3139,Chrippes
3140,Whitehair
3141,Meegan
3142,Freake
3143,Vasic
3144,Simoes
3145,Renon
3146,Davenhill
3147,Tomney
3148,Dankersley
3149,Christene
3150,Regitz
3151,Quartly
3152,Feasey
3153,Imrie
3154,Hancorn
3155,Doy
3156,Haquin
3157,Hewkin
3158,Tanton
3159,Dallosso
3160,Buscher
3161,Barca
3162,Odger
3163,Kleinzweig
3164,Wroughton
3165,Creigan
3166,Casarino
3167,McIlhatton
3168,Giovannilli
3169,Glede
3170,Mitchinson
3171,Mocquer
3172,Brevitt
3173,Barefoot
3174,Ors
3175,Eronie
3176,Granham
3177,Jahner
3178,Bullman
3179,Baggelley
3180,Cherrison
3181,Arnall
3182,Polding
3183,Itzkovich
3184,Farden
3185,Antuoni
3186,Pieracci
3187,Boole
3188,Albers
3189,Scamadine
3190,Brelsford
3191,Cars
3192,Rozalski
3193,Hallad
3194,Snoddy
3195,Points
3196,Goodey
3197,Lidierth
3198,Pitkins
3199,Sibbe
3200,Langelaan
3201,Gude
3202,Skupinski
3203,Dyet
3204,Allston
3205,Drance
3206,Lillistone
3207,Lorroway
3208,Franken
3209,Goter
3210,Antognazzi
3211,Cokely
3212,Maffi
3213,Erett
3214,Bineham
3215,Wisdish
3216,Gossage
3217,Hayne
3218,Lax
3219,Izkoveski
3220,Corroyer
3221,McGowan
3222,Moakler
3223,Crehan
3224,Pods
3225,Whates
3226,MacAiline
3227,Gerardeaux
3228,Witchalls
3229,Keer
3230,Bucknall
3231,Julian
3232,Waddicor
3233,Clemoes
3234,Hunston
3235,Stean
3236,Geare
3237,Jellico
3238,Ingraham
3239,Jurries
3240,Whewell
3241,Maccari
3242,Manders
3243,Newcomen
3244,Triggel
3245,Sherborne
3246,Cheke
3247,Isaksson
3248,Mathews
3249,Killoran
3250,Pagon
3251,Binton
3252,Cool
3253,Maryin
3254,Runchman
3255,Kennaird
3256,Pennycuick
3257,Biddwell
3258,Lill
3259,Milby
3260,Reynard
3261,Nairy
3262,Mulran
3263,Schermick
3264,Weaver
3265,Gregorin
3266,Yelding
3267,Mosedall
3268,Wadsworth
3269,Liddiard
3270,Lepope
3271,Hearne
3272,Ruddom
3273,Agutter
3274,Grodden
3275,Matherson
3276,Alu
3277,Odegaard
3278,Pine
3279,Stoile
3280,Itzchaky
3281,Waslin
3282,Kenealy
3283,Maxfield
3284,Sidnell
3285,Davoren
3286,Haylett
3287,Vost
3288,Boyne
3289,Rewcassell
3290,Allone
3291,Banfield
3292,Donn
3293,Sweeney
3294,Surridge
3295,Edlin
3296,Handforth
3297,Cobson
3298,Sjostrom
3299,Ruzic
3300,Fargie
3301,Ramsay
3302,Goodanew
3303,Ramplee
3304,Dymoke
3305,Maile
3306,Barensen
3307,Yu
3308,McErlaine
3309,Weson
3310,Smiths
3311,Allender
3312,Mewburn
3313,Gerrets
3314,Bold
3315,Drinan
3316,Lamas
3317,Boreland
3318,Castiglioni
3319,Glaisner
3320,Scambler
3321,Flaxman
3322,Wilkison
3323,Lile
3324,Swetenham
3325,Torald
3326,Pinchback
3327,Goodridge
3328,Halifax
3329,Boydle
3330,Wilbud
3331,Derl
3332,Labet
3333,Fabri
3334,McDuffie
3335,Florez
3336,Giovanetti
3337,Houdmont
3338,Hiers
3339,Ramirez
3340,Poupard
3341,Tankin
3342,Sellars
3343,Kesteven
3344,Saunders
3345,Huffadine
3346,De Cleyne
3347,Carus
3348,Crickett
3349,Ridgewell
3350,Kiraly
3351,Raubenheim
3352,Sieb
3353,Snedden
3354,Utridge
3355,Woloschin
3356,Mapham
3357,Mealing
3358,Bonds
3359,Zoephel
3360,Antoniou
3361,Jope
3362,Sherrell
3363,Cricket
3364,Wilcot
3365,Houlworth
3366,Cranshaw
3367,Habbema
3368,Dorgan
3369,Souten
3370,Etherson
3371,Dowsey
3372,Meeny
3373,Goodey
3374,Hoyle
3375,Reeders
3376,Karolowski
3377,Faltskog
3378,Cowderay
3379,De Ruggero
3380,Rops
3381,Harlowe
3382,Voisey
3383,Arndtsen
3384,McLleese
3385,Culshaw
3386,Albert
3387,McLemon
3388,Baseggio
3389,Haverson
3390,Covotto
3391,Seyffert
3392,Passler
3393,Catherall
3394,Dominighi
3395,Woolgar
3396,Spinke
3397,Scarsbrick
3398,Nussgen
3399,Bergen
3400,Bellee
3401,Mc Ilory
3402,Crauford
3403,Debell
3404,Cisec
3405,Spataro
3406,Ells
3407,Blincoe
3408,Verissimo
3409,McLorinan
3410,Foro
3411,Tofanini
3412,Akenhead
3413,Stiling
3414,Hoodless
3415,Micah
3416,Cattlemull
3417,Honsch
3418,Sandyford
3419,Corkel
3420,Reddish
3421,Broyd
3422,Reading
3423,Stanley
3424,Halfacre
3425,Cordie
3426,Johnsey
3427,Debow
3428,Panons
3429,Pringour
3430,Lidster
3431,Jeffree
3432,Vasilchenko
3433,Danzey
3434,Foukx
3435,Vel
3436,Sedgmond
3437,Pidcock
3438,Greiswood
3439,Dimmick
3440,Turmell
3441,Langston
3442,Hunnicutt
3443,Miko
3444,Chumley
3445,Jancey
3446,Beggs
3447,Clemmitt
3448,Gardener
3449,Lymer
3450,Venneur
3451,MacKnockiter
3452,Jellyman
3453,Juszczyk
3454,Maccrae
3455,Sorsby
3456,Mariette
3457,Sevier
3458,Schwier
3459,Trood
3460,Bilbrooke
3461,Melloy
3462,MacCaughan
3463,Cumberpatch
3464,Wallworke
3465,Denekamp
3466,Gallahue
3467,Gerretsen
3468,Birdwhistell
3469,Albon
3470,Brothers
3471,Padwick
3472,Penton
3473,Linke
3474,Cullnean
3475,Marlowe
3476,Gascar
3477,Gosart
3478,Patrickson
3479,Glaysher
3480,Purle
3481,Filippozzi
3482,Kilgour
3483,Gery
3484,Caldes
3485,Hibbart
3486,Brechin
3487,Simond
3488,Misk
3489,Oakenfull
3490,Strut
3491,Glandon
3492,Hawksley
3493,Carcass
3494,MacCoughen
3495,Garretson
3496,MacNeish
3497,Balfre
3498,Yurkevich
3499,Ruffli
3500,McIlwreath
3501,Grave
3502,Hackelton
3503,Lygo
3504,Pipping
3505,Steven
3506,Duley
3507,Doughton
3508,Beales
3509,Glass
3510,Hellwig
3511,Orum
3512,Halliday
3513,Gylle
3514,Joliffe
3515,O'Growgane
3516,Jersh
3517,Dantesia
3518,Thomassin
3519,Connaughton
3520,Oda
3521,Anlay
3522,Bilbrey
3523,Halm
3524,Aiskrigg
3525,Dilke
3526,Scragg
3527,McGawn
3528,Thaxton
3529,Ruston
3530,Arnould
3531,Teresa
3532,Farebrother
3533,Simakov
3534,Simkiss
3535,Richardot
3536,Zupone
3537,Stovold
3538,Dudleston
3539,Caulcutt
3540,Loughnan
3541,Schubbert
3542,Harbinson
3543,Brymner
3544,Twiggins
3545,Beetles
3546,Meneghi
3547,Cumber
3548,Peschet
3549,Bischof
3550,Duplain
3551,Oxby
3552,Simenel
3553,MacClinton
3554,Chetter
3555,Lanphier
3556,Pennicard
3557,McKleod
3558,Gate
3559,Pechacek
3560,Dolling
3561,Bigglestone
3562,Boulding
3563,Dillicate
3564,Vela
3565,Cunniffe
3566,Launchbury
3567,Doret
3568,Bredgeland
3569,Romayn
3570,Fer
3571,Elvish
3572,Stennings
3573,Rutgers
3574,Rigmond
3575,Erie
3576,McLagain
3577,Braven
3578,Dossit
3579,Skough
3580,Burdge
3581,Windeatt
3582,Boyan
3583,Wanklyn
3584,Beccles
3585,Cogan
3586,Ord
3587,Robel
3588,Finden
3589,Dragonette
3590,Twomey
3591,Best
3592,Houltham
3593,George
3594,Mangham
3595,Thaw
3596,Pledger
3597,Walisiak
3598,Liquorish
3599,Gunstone
3600,Heyward
3601,Sandry
3602,Muzzini
3603,Cuolahan
3604,Masser
3605,Bunclark
3606,Treagus
3607,O'Reagan
3608,Ollivier
3609,Attkins
3610,Dodge
3611,Josephy
3612,Truett
3613,Le Count
3614,Dosdill
3615,Broadbent
3616,Sergeant
3617,Innerstone
3618,Winterburn
3619,Bateman
3620,Wheadon
3621,Gerssam
3622,Askem
3623,O'Heneghan
3624,Pawley
3625,Osban
3626,Bosdet
3627,Waddell
3628,Shire
3629,Bratchell
3630,Chavey
3631,Larner
3632,Willbraham
3633,Dalgetty
3634,Schlag
3635,Liptrod
3636,Garret
3637,Shenton
3638,Punshon
3639,Kirkness
3640,Milland
3641,Klimushev
3642,Aland
3643,Bothams
3644,Adanet
3645,Peverell
3646,Dighton
3647,Willishire
3648,Keeton
3649,Kinchin
3650,Barrim
3651,Welds
3652,Reader
3653,Fromant
3654,Bettaney
3655,Boomes
3656,Karlowicz
3657,Dines
3658,Bothen
3659,Angerstein
3660,Zaniolo
3661,Gwyllt
3662,Launder
3663,Pinnion
3664,Killimister
3665,Yeabsley
3666,Tourne
3667,Petruk
3668,Mildmott
3669,Elfleet
3670,Flisher
3671,Demanche
3672,Villa
3673,Valerio
3674,Dive
3675,Boardman
3676,Pawellek
3677,Jagiello
3678,Tolfrey
3679,Waddington
3680,Ottee
3681,Andreopolos
3682,Paddell
3683,Blowes
3684,Durden
3685,Chick
3686,Edmondson
3687,MacConnulty
3688,Rakestraw
3689,Sherlock
3690,Dix
3691,Simpson
3692,Trethowan
3693,Marshman
3694,Bremner
3695,Stairmond
3696,Elmhirst
3697,Reynolds
3698,Pizzie
3699,Lindmark
3700,Minci
3701,Drache
3702,Yeldon
3703,Iskower
3704,Dougal
3705,Dreamer
3706,Burtwhistle
3707,Tabord
3708,Kuhn
3709,Matyas
3710,Bearns
3711,Cattermoul
3712,Dray
3713,Franzolini
3714,Zylberdik
3715,Challiner
3716,Loughnan
3717,Jacson
3718,Larmour
3719,Maliphant
3720,Bonnor
3721,Ohrtmann
3722,Hucquart
3723,McFaul
3724,Stratley
3725,Clemson
3726,Fouldes
3727,Haswell
3728,Lainton
3729,Hoggetts
3730,Mattock
3731,Poundsford
3732,Schrir
3733,Stickford
3734,Grandison
3735,Raynard
3736,Moring
3737,Weeke
3738,Shambrook
3739,Riep
3740,Sobczak
3741,Merriment
3742,Tinline
3743,Feldon
3744,Gogarty
3745,Dabnot
3746,Kemmett
3747,Chipps
3748,Hein
3749,Gwyllt
3750,Connechie
3751,Wippermann
3752,Kleinsinger
3753,Thombleson
3754,Caldecott
3755,Penbarthy
3756,McLese
3757,Haggarty
3758,Leap
3759,Mantrip
3760,Learmonth
3761,Wandtke
3762,Kellart
3763,O'Towey
3764,Roddick
3765,Borland
3766,Schulke
3767,Reyna
3768,Moubray
3769,Buncher
3770,Dellow
3771,Suart
3772,Goring
3773,de Copeman
3774,Batterson
3775,Howgego
3776,Zarb
3777,Keasey
3778,Gatehouse
3779,Jakubczyk
3780,Baudrey
3781,Cargill
3782,Charsley
3783,Pocock
3784,Petty
3785,Gladhill
3786,Housby
3787,Eliyahu
3788,Kilkenny
3789,Isacq
3790,Venour
3791,Chalcroft
3792,Vela
3793,Presnell
3794,Gynni
3795,Glewe
3796,Lindman
3797,Fiske
3798,MacCook
3799,Kingsford
3800,L'argent
3801,Websdale
3802,Lippitt
3803,Stebbings
3804,Garthland
3805,Guilloton
3806,McEttigen
3807,Samuel
3808,Lockwood
3809,Beszant
3810,de Keep
3811,Wyld
3812,Matzen
3813,Woollaston
3814,MacAless
3815,Kleanthous
3816,Ivantsov
3817,Oxherd
3818,Cumming
3819,Labro
3820,Easson
3821,Farlane
3822,Beekman
3823,Screwton
3824,Farnworth
3825,Beller
3826,Koppens
3827,Richardon
3828,Wilne
3829,Perree
3830,Rodman
3831,Dobkin
3832,Chaikovski
3833,Camelli
3834,McDougall
3835,Ranking
3836,Casillis
3837,Weth
3838,Ropert
3839,Brenard
3840,Northeast
3841,Pentycost
3842,Ridolfo
3843,Eates
3844,Woolgar
3845,Wigsell
3846,Ledbetter
3847,Keoghane
3848,Vankeev
3849,Wallege
3850,Leaton
3851,Emanueli
3852,Mayler
3853,Hindshaw
3854,Sanper
3855,Littlejohn
3856,Radmore
3857,Wimp
3858,Gauntley
3859,Annatt
3860,Drewet
3861,Abele
3862,Cross
3863,Gascar
3864,Rollinshaw
3865,Champe
3866,Dreinan
3867,Tarpey
3868,Willmore
3869,Nornasell
3870,Romayn
3871,Milstead
3872,Muggach
3873,Nolda
3874,Crosston
3875,Turk
3876,Levene
3877,Bazek
3878,Rewcassell
3879,Spragg
3880,Monketon
3881,Chrstine
3882,Leverett
3883,Oxbe
3884,Ganniclifft
3885,Smaleman
3886,Filmer
3887,Ashbe
3888,Antram
3889,Stockport
3890,Amburgy
3891,Ballston
3892,Smyley
3893,Macken
3894,Sifleet
3895,Goodwins
3896,Kissick
3897,Lawranson
3898,Dearl
3899,Fice
3900,Atcherley
3901,Duffitt
3902,Antic
3903,Cadreman
3904,Vanetti
3905,Leddie
3906,Eilert
3907,Klawi
3908,Basey
3909,Bushen
3910,Spong
3911,Rockwill
3912,Yurin
3913,Quartly
3914,Dike
3915,Kloss
3916,Bardwall
3917,Worman
3918,McEwan
3919,Ells
3920,Tooby
3921,Hamber
3922,Mitham
3923,Husher
3924,Mounch
3925,Hawket
3926,Taylor
3927,Petrillo
3928,Mahony
3929,Lampitt
3930,Holcroft
3931,Abatelli
3932,Jeannenet
3933,Fucher
3934,Doddemeade
3935,Gilderoy
3936,MacIlory
3937,Saddleton
3938,Prangley
3939,Culbert
3940,Grogor
3941,Chimes
3942,Dutt
3943,Cudiff
3944,Naisby
3945,Willarton
3946,Dubbin
3947,Sisland
3948,Jewitt
3949,Landrean
3950,Moncrefe
3951,Hambleton
3952,Turfes
3953,Rivallant
3954,MacNalley
3955,Sheekey
3956,Larderot
3957,Baddoe
3958,Beames
3959,Aymes
3960,Pigram
3961,Cavozzi
3962,Boulde
3963,Finlayson
3964,Risen
3965,Mandry
3966,Ventham
3967,Conklin
3968,Boyington
3969,Perkinson
3970,Burder
3971,Rhymer
3972,Blythe
3973,Crease
3974,Smith
3975,Oneile
3976,Oattes
3977,Hutsby
3978,Kilbourne
3979,Bocke
3980,Mitchelmore
3981,Barrand
3982,Southam
3983,Wraxall
3984,Crossfeld
3985,Carlos
3986,McSperron
3987,McClaren
3988,Kindleysides
3989,Brandt
3990,Sebborn
3991,O'Hallihane
3992,Joddins
3993,Heddy
3994,Padfield
3995,Warrier
3996,Gibberd
3997,Dewing
3998,Gershom
3999,Fairy
4000,Lanchbury
4001,Stot
4002,Lemarie
4003,Grafhom
4004,Racine
4005,Whitcombe
4006,Besse
4007,Elphinston
4008,Desesquelle
4009,Gummery
4010,Grigore
4011,Lanchester
4012,Depke
4013,Diviney
4014,Charrette
4015,Mauser
4016,Ventham
4017,Ravelus
4018,Supple
4019,Haukey
4020,Eayres
4021,Habard
4022,Shemmans
4023,Clamo
4024,Cadogan
4025,Feldon
4026,Drinkall
4027,McKew
4028,Lobbe
4029,Reditt
4030,Garwood
4031,Ivanchov
4032,Turmell
4033,Polly
4034,Boat
4035,Etherington
4036,Meni
4037,Ionnisian
4038,Crighton
4039,Rapelli
4040,Antonognoli
4041,Traice
4042,Grinley
4043,Overnell
4044,Tandy
4045,Frammingham
4046,Keunemann
4047,Nashe
4048,Ottewell
4049,Bril
4050,Whitland
4051,Absalom
4052,Goodbur
4053,Drewet
4054,Slark
4055,Sansome
4056,Maddyson
4057,Casin
4058,Torra
4059,Mourge
4060,Reichartz
4061,Elner
4062,Gregan
4063,Goodinson
4064,Pulham
4065,Farmery
4066,Jest
4067,Frounks
4068,Souter
4069,Hinchon
4070,Cottle
4071,Franseco
4072,Bere
4073,Facher
4074,Esposita
4075,Rossander
4076,Currington
4077,Burchmore
4078,Alfonso
4079,Tonkin
4080,Ewings
4081,Bloggett
4082,Coffelt
4083,Eldon
4084,Ends
4085,Bugg
4086,Kiendl
4087,Weeds
4088,Mc Giffin
4089,Nutman
4090,Haskayne
4091,Kiddey
4092,Mulbry
4093,Feye
4094,Cowser
4095,Kuna
4096,Scamel
4097,Ruslinge
4098,Turone
4099,Berrey
4100,Dagwell
4101,Beardwood
4102,Piolli
4103,Wilkowski
4104,Malcolmson
4105,Leindecker
4106,Dymick
4107,Lacrouts
4108,Philbin
4109,Reddell
4110,Blakeden
4111,Loy
4112,Mulderrig
4113,Merrien
4114,Toseland
4115,Ebbens
4116,Corzor
4117,McAnulty
4118,O'Carmody
4119,Deeny
4120,Posen
4121,Sadd
4122,Atton
4123,Lemar
4124,Galland
4125,Gonsalvo
4126,Metcalf
4127,Jerg
4128,Cockshot
4129,Rableau
4130,Guerner
4131,Kennham
4132,Barstock
4133,Archdeckne
4134,Gors
4135,Danilov
4136,Harrild
4137,Goly
4138,Whiteford
4139,Coldbathe
4140,Loache
4141,Quartley
4142,Geard
4143,McAuslene
4144,Shephard
4145,Casterton
4146,Fernant
4147,Labbet
4148,Wadlow
4149,Siderfin
4150,Pilmore
4151,Malcher
4152,Wooddisse
4153,Sidebottom
4154,Joutapaitis
4155,Slipper
4156,Parcall
4157,Gainseford
4158,Artingstall
4159,Keyson
4160,Frostdick
4161,Craze
4162,Anespie
4163,Bredee
4164,Wholesworth
4165,Hurles
4166,Crowden
4167,Blamires
4168,Pallin
4169,Towsie
4170,Rumble
4171,Payle
4172,Slocum
4173,Trewhela
4174,Benz
4175,Wellman
4176,Eggle
4177,Girvin
4178,Barroux
4179,Bolte
4180,Braddock
4181,Vanetti
4182,Rosa
4183,Lippiello
4184,Houlison
4185,Dibson
4186,Kubasek
4187,Gilhool
4188,Ingledow
4189,Liddiard
4190,Northedge
4191,Oxenford
4192,Pook
4193,Matokhnin
4194,Wimpeney
4195,Corbould
4196,Britee
4197,Allmann
4198,Van den Broek
4199,Biskup
4200,Ankers
4201,Voase
4202,Reisenberg
4203,Sails
4204,Rimour
4205,Gligoraci
4206,Rudderham
4207,Felmingham
4208,Muckian
4209,Deam
4210,Dimbylow
4211,Wratten
4212,Labat
4213,Jouanny
4214,Bulfit
4215,Kempton
4216,Tureville
4217,Hansmann
4218,Darton
4219,Devey
4220,Werrett
4221,Elsworth
4222,Laydel
4223,Tanswell
4224,Spataro
4225,Abrahams
4226,Boom
4227,Claesens
4228,Sitlington
4229,Wailes
4230,Piggrem
4231,Teager
4232,Billingham
4233,Aberchirder
4234,Collin
4235,Carter
4236,McEnery
4237,Shilstone
4238,Figurski
4239,MacPaike
4240,Lomen
4241,Craig
4242,Downing
4243,Febvre
4244,Deshorts
4245,Fluger
4246,Chesher
4247,Seacombe
4248,Blincowe
4249,Ferrao
4250,Bevir
4251,Habershaw
4252,Ferroli
4253,Ballsdon
4254,Plumer
4255,Eales
4256,Cordet
4257,Blacktin
4258,Ipwell
4259,Matessian
4260,Shegog
4261,Minchella
4262,Lound
4263,Agus
4264,Byrcher
4265,Steabler
4266,Lourenco
4267,Gumley
4268,Gyurko
4269,Avard
4270,Marnes
4271,Nice
4272,Garton
4273,Champ
4274,Coviello
4275,Rudiger
4276,Cowland
4277,Benfell
4278,McLaughlan
4279,Heaps
4280,Nelhams
4281,Rouch
4282,Demkowicz
4283,Laing
4284,Flindall
4285,Ninnis
4286,Flicker
4287,Heaford
4288,Churchouse
4289,Gabey
4290,Klaes
4291,Scroyton
4292,Momery
4293,Breitling
4294,Tremelling
4295,Walkling
4296,Kinchlea
4297,Tolchard
4298,Di Bartolomeo
4299,Dewar
4300,Broinlich
4301,Newport
4302,Mebs
4303,Swinnerton
4304,Panner
4305,Michelmore
4306,Essex
4307,MacNamara
4308,Buten
4309,O'Hare
4310,D'Hooge
4311,Mewett
4312,Whyborn
4313,Rodder
4314,Cotilard
4315,Masarrat
4316,Klaes
4317,Oxherd
4318,Clace
4319,Crielly
4320,Chesshyre
4321,Trussman
4322,Do
4323,Burcher
4324,Bowart
4325,Spavins
4326,Bowlesworth
4327,Donizeau
4328,Steinor
4329,Thornton
4330,Mainz
4331,Attow
4332,Sharvell
4333,Stannett
4334,Gallear
4335,McCloid
4336,Burdas
4337,Duff
4338,Pietraszek
4339,Sabati
4340,Boullin
4341,Sprulls
4342,Jeanon
4343,Saffon
4344,Waltho
4345,Ingleby
4346,Brambell
4347,Birchenough
4348,Bunner
4349,Rolance
4350,Doull
4351,Kemball
4352,Trahmel
4353,Gallally
4354,Tustin
4355,Given
4356,Dewitt
4357,Sayton
4358,MacCoveney
4359,Duchart
4360,Risdall
4361,Bramsen
4362,Boome
4363,Hill
4364,Dering
4365,Levins
4366,O'Haire
4367,Grigoli
4368,Bane
4369,Luggar
4370,Verbeke
4371,Dimond
4372,Pfeffer
4373,Crisell
4374,Griffin
4375,Ramsier
4376,Cholomin
4377,Wishart
4378,Brookwell
4379,Dingwall
4380,Goodered
4381,Longland
4382,Guisot
4383,Mobberley
4384,Spellecy
4385,Bothe
4386,Camell
4387,Tippin
4388,Stolz
4389,Ciccottini
4390,Beagles
4391,Jotham
4392,Fetherby
4393,Emerson
4394,Burnsall
4395,Benito
4396,Togher
4397,Le Page
4398,Larham
4399,Gilardone
4400,Lupson
4401,Giraudy
4402,Purvess
4403,Frango
4404,Brazer
4405,Halbard
4406,Stonehouse
4407,Lodford
4408,Amaya
4409,Crissil
4410,Matzaitis
4411,Feldbau
4412,Insull
4413,Forrestill
4414,Sanger
4415,Blaxland
4416,Wilacot
4417,Brenton
4418,Flewett
4419,McGettrick
4420,MacKeller
4421,Cheasman
4422,Oiller
4423,Gregoretti
4424,Whiteley
4425,Buttfield
4426,Pledger
4427,Donegan
4428,Glascott
4429,Newsome
4430,Schops
4431,Humburton
4432,Gronous
4433,Garman
4434,Gladwish
4435,Girhard
4436,Cogar
4437,Shepley
4438,Orbine
4439,McLewd
4440,Gerger
4441,Chaloner
4442,Jahnig
4443,Nare
4444,Slemmonds
4445,Broderick
4446,Lowy
4447,Gott
4448,Kike
4449,Brailey
4450,Pauleit
4451,Sings
4452,Froome
4453,Giacubo
4454,Weatherhogg
4455,Enoksson
4456,Ashlee
4457,Haggath
4458,Splevin
4459,Callan
4460,O'Driscole
4461,Daulton
4462,Barnish
4463,Bougen
4464,Else
4465,Butterwick
4466,Vicker
4467,Rosenboim
4468,Poole
4469,Tingly
4470,Soot
4471,Gostling
4472,Carthew
4473,Comber
4474,Eadington
4475,Simmonett
4476,Ellingworth
4477,Braim
4478,Gambrell
4479,Ironmonger
4480,Issacson
4481,Patry
4482,De Mattei
4483,Riehm
4484,Ivashkin
4485,Mauchline
4486,Millership
4487,Vautre
4488,Finlater
4489,Titlow
4490,Duxbury
4491,de Guise
4492,Bigglestone
4493,Porcas
4494,Tabner
4495,Sallans
4496,Deshorts
4497,Gillio
4498,Briddock
4499,Rosenfelder
4500,Gomme
4501,Falco
4502,Farndell
4503,Rubie
4504,Labon
4505,Stritton
4506,Barczynski
4507,Barnet
4508,Killick
4509,Scrymgeour
4510,Trevan
4511,Corriea
4512,Keuning
4513,Newvill
4514,Tuckwell
4515,Dring
4516,Fuentes
4517,Allsworth
4518,Duran
4519,Pulver
4520,Cuncarr
4521,Sleney
4522,Miskimmon
4523,Gronow
4524,Hullock
4525,Detoc
4526,Casine
4527,Gotobed
4528,Trehearne
4529,Trevain
4530,Paschek
4531,Wixey
4532,Raspel
4533,Highwood
4534,Beckitt
4535,Catcherside
4536,Beevers
4537,Jina
4538,Anshell
4539,Atthow
4540,Ellacott
4541,Etheridge
4542,Wase
4543,Spurrett
4544,Scrinage
4545,Tumioto
4546,Alcalde
4547,Thresher
4548,Delos
4549,Zouch
4550,Beagley
4551,Yushmanov
4552,Vear
4553,Harewood
4554,Ibbetson
4555,Penni
4556,Chasier
4557,Vinker
4558,Scarratt
4559,Gainforth
4560,Symcock
4561,Muncey
4562,Daborne
4563,Wilmott
4564,Harber
4565,Vevers
4566,Kingswold
4567,Exeter
4568,Condit
4569,Bunclark
4570,Luna
4571,Lorek
4572,Goning
4573,Trent
4574,Fegan
4575,Argrave
4576,Kippax
4577,Copins
4578,Herries
4579,Palombi
4580,Pozzi
4581,Corden
4582,Forcer
4583,Cosgrive
4584,Gratrex
4585,Longlands
4586,Rogeron
4587,Damerell
4588,Sowerbutts
4589,Normadell
4590,Curneen
4591,Romaines
4592,Welbelove
4593,Ambrosetti
4594,Winterton
4595,McGonigle
4596,Gabriel
4597,Paddefield
4598,Lighterness
4599,McCree
4600,Pavlasek
4601,Coda
4602,Jakoviljevic
4603,Rain
4604,Chalcroft
4605,Quilligan
4606,Clelland
4607,Koopman
4608,Bee
4609,Joynson
4610,Cornewell
4611,Burleton
4612,Matteotti
4613,Kulver
4614,Harrod
4615,Carren
4616,Ankers
4617,Lind
4618,Spancock
4619,Menezes
4620,MacCawley
4621,Crittal
4622,Ingree
4623,Etridge
4624,Pentony
4625,Privett
4626,Tine
4627,Huckel
4628,Rathborne
4629,Aylesbury
4630,Kintish
4631,Hayland
4632,Freschini
4633,Landa
4634,Ely
4635,Skilling
4636,Rudolf
4637,Lanfranchi
4638,Playfoot
4639,Gerrett
4640,Rubinfajn
4641,Kaas
4642,Bradtke
4643,Songhurst
4644,Giraldo
4645,Klemmt
4646,Huxster
4647,Guesford
4648,Cops
4649,Leadbetter
4650,Creak
4651,Cobain
4652,Wroe
4653,Cecely
4654,Mathen
4655,Stoacley
4656,Ellwell
4657,Tolle
4658,Wroe
4659,Yannikov
4660,Ramalho
4661,Waleran
4662,Toope
4663,Yegorkov
4664,Favela
4665,Dagwell
4666,Scard
4667,Mebes
4668,Surgey
4669,Sharram
4670,Gounel
4671,Aggiss
4672,Yarr
4673,Minchinton
4674,Binnie
4675,Kollatsch
4676,Lucia
4677,Pinck
4678,Stoffel
4679,Asmus
4680,McOnie
4681,Everill
4682,Ranyelld
4683,Boyfield
4684,Kirsch
4685,Clayborn
4686,Symon
4687,Pencot
4688,MacIllrick
4689,Roads
4690,Duley
4691,Josephi
4692,Hegges
4693,Moriarty
4694,Gotecliffe
4695,Greenland
4696,Carden
4697,Lyman
4698,Kopps
4699,Gossington
4700,Westlake
4701,O'Corhane
4702,Loney
4703,Baudino
4704,Ducham
4705,Guy
4706,Skews
4707,Rosier
4708,Skowcraft
4709,Stuckes
4710,Maymond
4711,Macguire
4712,Lewzey
4713,Bowbrick
4714,Ilchenko
4715,Winstone
4716,Townsend
4717,Mattiussi
4718,Audus
4719,Scamwell
4720,Klarzynski
4721,Rubenchik
4722,Brinsden
4723,Mundwell
4724,Gloyens
4725,Bartelli
4726,Holwell
4727,Reinisch
4728,Goldthorpe
4729,Balshen
4730,Pratt
4731,Cork
4732,Tuttiett
4733,Bevan
4734,Speller
4735,Fontaine
4736,Suckling
4737,Neames
4738,Klemenz
4739,Rainford
4740,Stallybrass
4741,Killough
4742,Poulett
4743,Balazin
4744,Huckster
4745,Kinnock
4746,Dei
4747,Garratt
4748,Morten
4749,Higginbottam
4750,Eadington
4751,McCroary
4752,Tainton
4753,Monday
4754,Yarnold
4755,Lamperd
4756,Epdell
4757,Payler
4758,Pleaden
4759,Alstead
4760,Sheerin
4761,MacDearmont
4762,Doghartie
4763,Wolvey
4764,Frankcombe
4765,Parramore
4766,Robertucci
4767,Glassborow
4768,Stagge
4769,Windham
4770,Caplin
4771,Vauter
4772,Braidford
4773,O'Mohun
4774,Barrington
4775,Kuhnt
4776,Leetham
4777,Fergie
4778,O' Donohoe
4779,Mawtus
4780,Tripett
4781,Mattys
4782,Caldecutt
4783,Hamerton
4784,Podd
4785,O'Caherny
4786,Snalum
4787,Gerrelts
4788,MacInherney
4789,Castlake
4790,Laffling
4791,Kibby
4792,Lanceter
4793,Adanet
4794,Chretien
4795,Clendinning
4796,Fearick
4797,Uglow
4798,Valerius
4799,Swenson
4800,Akester
4801,Firpo
4802,Guinn
4803,Pellew
4804,Richley
4805,Gilkison
4806,Waight
4807,McNutt
4808,Clark
4809,Curee
4810,Mildmott
4811,Kayes
4812,Malby
4813,Bruford
4814,Grodden
4815,Tebald
4816,Skein
4817,Sockell
4818,Ravenscroft
4819,Bumpass
4820,Testo
4821,Ceillier
4822,Campana
4823,Jorcke
4824,Nisard
4825,Myner
4826,MacKenney
4827,Rigglesford
4828,Cohan
4829,Gallahue
4830,Kelso
4831,Lile
4832,Cousans
4833,Martensen
4834,Story
4835,Ayris
4836,Coskerry
4837,Hordle
4838,Selley
4839,Chaplin
4840,Arpin
4841,Yarmouth
4842,Sibthorp
4843,Ramel
4844,Lobb
4845,Moyes
4846,Burlingham
4847,Billanie
4848,Lechmere
4849,Love
4850,Rizzi
4851,Dallaway
4852,Ledger
4853,Edds
4854,Shillam
4855,Meddows
4856,Sancias
4857,Parncutt
4858,Roddam
4859,Fretson
4860,Oganian
4861,Gohn
4862,Bennoe
4863,Endle
4864,Beckensall
4865,Goford
4866,China
4867,Spurnier
4868,Hector
4869,Boord
4870,Blandamere
4871,Schoenleiter
4872,Satterley
4873,Yellop
4874,Boarleyson
4875,Josebury
4876,Giffen
4877,Broadbent
4878,Woolrich
4879,Boatswain
4880,Keable
4881,Guierre
4882,Coulston
4883,Josefowicz
4884,Hyrons
4885,Chsteney
4886,Burbage
4887,MacInherney
4888,Bartholomaus
4889,Raven
4890,Insley
4891,Speake
4892,Botfield
4893,Gatecliff
4894,Fedynski
4895,Marland
4896,Egginson
4897,Lesek
4898,Melin
4899,Wagerfield
4900,Piggott
4901,March
4902,Lilleman
4903,Tudbald
4904,Thorington
4905,Bohin
4906,Lindop
4907,Mechi
4908,Donwell
4909,Haugg
4910,Pattesall
4911,MacQueen
4912,Riddles
4913,Carletto
4914,Giacobilio
4915,Imore
4916,Langstone
4917,Henighan
4918,Lehrian
4919,Houldin
4920,Grono
4921,Girth
4922,Wollen
4923,Sisse
4924,Pinchbeck
4925,Phillpot
4926,Gianolo
4927,Bamblett
4928,Gillan
4929,Scotchbrook
4930,Cunney
4931,Scaddon
4932,Lithgow
4933,Caughey
4934,Tarpey
4935,Baudic
4936,McOrkil
4937,Bielfeldt
4938,Chinnock
4939,Newis
4940,Dik
4941,Nansom
4942,Tocqueville
4943,Sharville
4944,Sullens
4945,Wozencraft
4946,Mullenger
4947,Blade
4948,Shevels
4949,Suermeiers
4950,Sare
4951,Hurdman
4952,Partlett
4953,Purches
4954,Duckerin
4955,Brecon
4956,Wyburn
4957,McKeand
4958,Eat
4959,Darrell
4960,Legonidec
4961,Gon
4962,Fellow
4963,Bonds
4964,Ummfrey
4965,Rochewell
4966,Stile
4967,Goroni
4968,Besse
4969,Treleaven
4970,Fourmy
4971,Reckus
4972,McRobert
4973,Queyos
4974,Kenny
4975,Whatford
4976,Pittway
4977,De Matteis
4978,Cathro
4979,Cousans
4980,Peirpoint
4981,Campion
4982,Blodgett
4983,Yglesia
4984,Merrall
4985,Stopforth
4986,Mattson
4987,Stanes
4988,Shoppee
4989,Rusling
4990,Fruchter
4991,Keeting
4992,Daffey
4993,Jerwood
4994,Andrus
4995,Spittall
4996,Eusden
4997,Apedaile
4998,Cullrford
4999,Belhomme
5000,Broughton