1,Jenifer
2,Golf Course
3,Lillian
4,Lakewood
5,Schiller
6,Grayhawk
7,David
8,Fulton
9,Dayton
10,Sheridan
11,Stephen
12,Northfield
13,Prairie Rose
14,Golden Leaf
15,Golf
16,Dottie
17,Nobel
18,Alpine
19,Old Shore
20,Mcbride
21,Mesta
22,Dunning
23,Thompson
24,Upham
25,East
26,Pleasure
27,Talmadge
28,Sundown
29,Rutledge
30,1st
31,Southridge
32,Westport
33,Sachs
34,Schmedeman
35,Division
36,Boyd
37,Prairieview
38,3rd
39,Trailsway
40,American
41,Atwood
42,Grover
43,Corben
44,Redwing
45,Rockefeller
46,Donald
47,Ilene
48,Gerald
49,Stoughton
50,Longview
51,Butterfield
52,Autumn Leaf
53,Upham
54,Fuller
55,Magdeline
56,Mesta
57,Mcguire
58,North
59,Lakeland
60,Columbus
61,Sugar
62,Reinke
63,Brickson Park
64,Little Fleur
65,Toban
66,Portage
67,Colorado
68,Fisk
69,Dovetail
70,Schlimgen
71,Waubesa
72,Cottonwood
73,Lunder
74,Ridge Oak
75,Waubesa
76,Springs
77,Melrose
78,Gina
79,Spohn
80,Pond
81,Larry
82,Hintze
83,Melrose
84,Summerview
85,Kings
86,Starling
87,Mendota
88,Oak
89,Briar Crest
90,Shelley
91,Troy
92,Maryland
93,Buhler
94,Continental
95,Raven
96,Kedzie
97,Loomis
98,Sundown
99,Kinsman
100,Vahlen
101,Bluestem
102,Beilfuss
103,Schiller
104,Northridge
105,Bartillon
106,Lotheville
107,Lakewood
108,Kinsman
109,Red Cloud
110,Milwaukee
111,Valley Edge
112,Sherman
113,Burning Wood
114,Kedzie
115,Claremont
116,Lake View
117,Doe Crossing
118,Claremont
119,Dunning
120,Orin
121,Truax
122,Pleasure
123,Grayhawk
124,Delaware
125,Jackson
126,Waxwing
127,Macpherson
128,Westerfield
129,Shasta
130,Golf
131,Hazelcrest
132,Tennessee
133,Saint Paul
134,Warbler
135,Fordem
136,Fuller
137,Dryden
138,Spenser
139,Delladonna
140,Dottie
141,Morning
142,Debs
143,Larry
144,Forster
145,Jana
146,Doe Crossing
147,Gulseth
148,North
149,Donald
150,Hollow Ridge
151,Mayfield
152,Walton
153,Merchant
154,Vernon
155,Melby
156,Kenwood
157,Raven
158,Cottonwood
159,Crescent Oaks
160,Harper
161,Toban
162,Farmco
163,Glendale
164,Mallory
165,Boyd
166,Lien
167,Service
168,Buhler
169,Scoville
170,Rieder
171,Ryan
172,American
173,Debs
174,Calypso
175,Magdeline
176,Eliot
177,Shopko
178,Surrey
179,Brentwood
180,Transport
181,Monterey
182,Helena
183,Miller
184,Almo
185,Atwood
186,Old Gate
187,Blackbird
188,Warner
189,Chive
190,Amoth
191,Bunker Hill
192,5th
193,Forest
194,Lyons
195,Beilfuss
196,Judy
197,Arizona
198,Dunning
199,Moose
200,Corben
201,Sunfield
202,Montana
203,Waubesa
204,Old Gate
205,Westport
206,Fair Oaks
207,Corscot
208,Helena
209,Burrows
210,Hooker
211,Grim
212,Vera
213,Chinook
214,Golf Course
215,Vahlen
216,Holmberg
217,Logan
218,Meadow Ridge
219,Huxley
220,Loeprich
221,Elka
222,West
223,Coolidge
224,Morrow
225,Dottie
226,Melvin
227,Buhler
228,Vernon
229,Melody
230,Service
231,Butternut
232,Clarendon
233,Scoville
234,Esker
235,Towne
236,Orin
237,Portage
238,David
239,Vera
240,Arizona
241,Packers
242,Briar Crest
243,Cordelia
244,David
245,Sunnyside
246,Memorial
247,Anderson
248,Caliangt
249,Almo
250,Melby
251,Northridge
252,Roth
253,Huxley
254,Vera
255,Esker
256,Arrowood
257,Morningstar
258,Havey
259,Thompson
260,Red Cloud
261,Basil
262,Comanche
263,Sunbrook
264,Artisan
265,Donald
266,Superior
267,Blaine
268,Lake View
269,Rusk
270,Manley
271,Carberry
272,Dakota
273,Summit
274,Ruskin
275,Dawn
276,Mallard
277,Welch
278,Dunning
279,Hanson
280,Crowley
281,Nevada
282,Gale
283,Messerschmidt
284,Fairview
285,4th
286,Esch
287,Memorial
288,Ramsey
289,Maple
290,Nobel
291,Myrtle
292,Bluejay
293,Mcguire
294,Butternut
295,Lunder
296,Melby
297,Cambridge
298,Farmco
299,Lukken
300,Lindbergh
301,Superior
302,Carpenter
303,Parkside
304,Crest Line
305,Warner
306,American
307,Eastlawn
308,Cherokee
309,Starling
310,Jay
311,Park Meadow
312,Warbler
313,Ryan
314,Longview
315,Sunnyside
316,Caliangt
317,Eagle Crest
318,Myrtle
319,Stoughton
320,Daystar
321,Lake View
322,Declaration
323,Iowa
324,Burning Wood
325,Pleasure
326,Sutherland
327,Hanover
328,Columbus
329,Green Ridge
330,Chive
331,Mallory
332,Hagan
333,Alpine
334,Brentwood
335,Stone Corner
336,Elgar
337,Aberg
338,Glendale
339,Summerview
340,Straubel
341,Ronald Regan
342,Declaration
343,Logan
344,Del Sol
345,Dorton
346,Holy Cross
347,Twin Pines
348,Old Gate
349,Carberry
350,Vernon
351,Columbus
352,Loftsgordon
353,Pawling
354,Mayer
355,Canary
356,Jenifer
357,Nancy
358,Arkansas
359,Hudson
360,Mitchell
361,Stone Corner
362,Meadow Vale
363,Farragut
364,Northport
365,Forster
366,Lawn
367,Coleman
368,Morrow
369,Memorial
370,Esker
371,Sheridan
372,Talmadge
373,Redwing
374,Surrey
375,Huxley
376,Dexter
377,Bartillon
378,Village
379,Sage
380,Northport
381,Melvin
382,Sullivan
383,Lillian
384,Stang
385,Meadow Valley
386,Ridgeview
387,Meadow Vale
388,Aberg
389,Jana
390,Rigney
391,Hoepker
392,Division
393,Melby
394,Aberg
395,Summer Ridge
396,2nd
397,Sauthoff
398,Carberry
399,Clove
400,5th
401,Marcy
402,Sachtjen
403,Mallory
404,Fisk
405,Old Shore
406,Armistice
407,Monica
408,Birchwood
409,Oneill
410,Banding
411,Blue Bill Park
412,Merrick
413,Swallow
414,Lake View
415,Almo
416,Mesta
417,Butterfield
418,Judy
419,Dunning
420,Meadow Ridge
421,Rigney
422,Brown
423,Eggendart
424,Sunnyside
425,Golf View
426,Ramsey
427,Ryan
428,New Castle
429,Summit
430,Corscot
431,Merrick
432,East
433,Carioca
434,Hansons
435,Bashford
436,Brentwood
437,Melrose
438,Waubesa
439,Annamark
440,Westerfield
441,Forest
442,Fallview
443,Toban
444,Basil
445,Basil
446,Mcbride
447,Buell
448,New Castle
449,Nevada
450,Vahlen
451,Graedel
452,Butterfield
453,Mallory
454,John Wall
455,Jenifer
456,Delaware
457,Del Sol
458,Jenna
459,Golf Course
460,5th
461,Kipling
462,Forest Run
463,Di Loreto
464,Mallory
465,Loomis
466,Elmside
467,Sutherland
468,Hooker
469,Melvin
470,Dahle
471,Goodland
472,1st
473,Mcguire
474,Debs
475,Lake View
476,South
477,Jackson
478,Quincy
479,Lyons
480,Evergreen
481,Manitowish
482,Sage
483,Northridge
484,Manitowish
485,Mariners Cove
486,Scott
487,Harper
488,Hooker
489,Atwood
490,Nevada
491,Scoville
492,Springs
493,Di Loreto
494,Mcbride
495,Darwin
496,Tomscot
497,International
498,Harper
499,Rigney
500,Talisman
501,Green Ridge
502,Dexter
503,American Ash
504,Fordem
505,Bashford
506,Spaight
507,Helena
508,Miller
509,Randy
510,Spaight
511,Ridge Oak
512,Cardinal
513,Commercial
514,Granby
515,Hollow Ridge
516,Lawn
517,Sheridan
518,Southridge
519,Kensington
520,Dorton
521,Fair Oaks
522,Sommers
523,Saint Paul
524,Melvin
525,Reindahl
526,Pawling
527,Gateway
528,Pearson
529,Kropf
530,Riverside
531,Hooker
532,Magdeline
533,Southridge
534,Crowley
535,Glendale
536,Walton
537,Onsgard
538,Sachs
539,Miller
540,Northfield
541,Wayridge
542,Ohio
543,Boyd
544,Jana
545,Alpine
546,Dapin
547,Brown
548,Lakewood
549,Mccormick
550,Stephen
551,Fallview
552,Michigan
553,5th
554,Stone Corner
555,Meadow Ridge
556,Sunnyside
557,Barnett
558,Roxbury
559,Rowland
560,Jana
561,Clarendon
562,Twin Pines
563,Di Loreto
564,Bunting
565,Schmedeman
566,Crownhardt
567,Grasskamp
568,Waywood
569,Pine View
570,Erie
571,Toban
572,Ohio
573,Waywood
574,Loeprich
575,Sage
576,Beilfuss
577,Porter
578,Artisan
579,Montana
580,Morning
581,Gulseth
582,Rutledge
583,Sundown
584,Tennessee
585,Hanover
586,Meadow Vale
587,Toban
588,Goodland
589,Laurel
590,Burning Wood
591,Delladonna
592,Hoard
593,Fairfield
594,Sachs
595,Meadow Vale
596,Troy
597,Vermont
598,Scofield
599,Acker
600,Fair Oaks
601,6th
602,Farmco
603,Carberry
604,Cottonwood
605,Paget
606,Texas
607,Rusk
608,Tomscot
609,Hoepker
610,Eggendart
611,Eagan
612,Sutteridge
613,Rowland
614,Tony
615,Manitowish
616,Walton
617,New Castle
618,Glendale
619,Northwestern
620,Dottie
621,John Wall
622,Graedel
623,Eggendart
624,Scofield
625,Nevada
626,Arkansas
627,Fuller
628,Bluejay
629,Jana
630,Oxford
631,Londonderry
632,Meadow Ridge
633,Hagan
634,Fuller
635,Warner
636,Dakota
637,Oxford
638,Towne
639,Starling
640,Melvin
641,Bunker Hill
642,Kipling
643,Canary
644,Ramsey
645,Del Sol
646,Hayes
647,Tomscot
648,Graceland
649,Homewood
650,Pleasure
651,Jenifer
652,Roth
653,Shasta
654,Eggendart
655,Tony
656,4th
657,Warner
658,Annamark
659,Grayhawk
660,Pond
661,Lakewood Gardens
662,Esch
663,Kingsford
664,Scoville
665,Mcguire
666,Lyons
667,Lake View
668,Briar Crest
669,Tony
670,Hansons
671,Hermina
672,Gateway
673,Kenwood
674,Tennyson
675,Amoth
676,Chive
677,Milwaukee
678,Autumn Leaf
679,Heffernan
680,Lotheville
681,Magdeline
682,Goodland
683,Homewood
684,Talisman
685,Cambridge
686,Paget
687,Melrose
688,Grover
689,Sachs
690,Lyons
691,Kinsman
692,Roxbury
693,Lyons
694,Dapin
695,Ryan
696,Jana
697,Everett
698,Dottie
699,Towne
700,Spenser
701,Rieder
702,Clarendon
703,Oneill
704,Dawn
705,Orin
706,Eggendart
707,Ryan
708,Declaration
709,Maple
710,Riverside
711,Ridgeview
712,Lukken
713,Havey
714,Mifflin
715,Fulton
716,Mccormick
717,Hagan
718,Forest Run
719,Hudson
720,Vera
721,Waywood
722,7th
723,Fairview
724,Butterfield
725,Texas
726,Lakeland
727,Coolidge
728,Schmedeman
729,Talisman
730,Norway Maple
731,Emmet
732,West
733,Sullivan
734,Clove
735,Elgar
736,Southridge
737,Moland
738,Homewood
739,Burning Wood
740,Washington
741,Glacier Hill
742,Texas
743,Melby
744,Utah
745,Sheridan
746,Spenser
747,Schurz
748,8th
749,Tony
750,Cottonwood
751,Steensland
752,Caliangt
753,Kedzie
754,Florence
755,Sugar
756,American
757,Carpenter
758,Union
759,Reinke
760,Randy
761,Merchant
762,Paget
763,Oneill
764,Schmedeman
765,Northport
766,Del Mar
767,Melody
768,Northwestern
769,Grayhawk
770,Union
771,Muir
772,American
773,Macpherson
774,Monument
775,Green Ridge
776,Springs
777,Brickson Park
778,Dottie
779,Village Green
780,Dovetail
781,Brentwood
782,Farmco
783,Hooker
784,Vidon
785,Mcbride
786,Thierer
787,Sheridan
788,David
789,Valley Edge
790,Warbler
791,Kedzie
792,Goodland
793,Carey
794,Little Fleur
795,Hagan
796,Tomscot
797,Jenna
798,Forest
799,Morningstar
800,Farwell
801,Gulseth
802,Mosinee
803,Dovetail
804,Kedzie
805,Browning
806,Onsgard
807,Butterfield
808,Macpherson
809,Hoard
810,Warbler
811,Trailsway
812,Crowley
813,Monica
814,Karstens
815,Granby
816,Grim
817,Shasta
818,Pine View
819,4th
820,Service
821,Lukken
822,Farmco
823,Miller
824,Autumn Leaf
825,Service
826,Daystar
827,Prairieview
828,Riverside
829,Doe Crossing
830,Coleman
831,Sutteridge
832,Maple
833,Moulton
834,Hoepker
835,Derek
836,Jackson
837,Daystar
838,Bluestem
839,Lawn
840,Ridgeview
841,Porter
842,Homewood
843,Stang
844,Manley
845,Maple Wood
846,Eastlawn
847,Eliot
848,Caliangt
849,Loftsgordon
850,Meadow Ridge
851,Rowland
852,Fieldstone
853,Pearson
854,Commercial
855,Forest
856,Norway Maple
857,Hayes
858,Pearson
859,Old Gate
860,Riverside
861,Hooker
862,Tennyson
863,Jay
864,Sullivan
865,Vera
866,Red Cloud
867,Crowley
868,Shopko
869,Hallows
870,Forest
871,Brown
872,Banding
873,Lakeland
874,Waubesa
875,Kedzie
876,Lakeland
877,Valley Edge
878,Redwing
879,Briar Crest
880,Larry
881,Sauthoff
882,Eagan
883,Warrior
884,Grayhawk
885,4th
886,Meadow Valley
887,Mesta
888,Manley
889,Lakeland
890,Portage
891,Milwaukee
892,Kenwood
893,Browning
894,Hazelcrest
895,Mariners Cove
896,Manley
897,Little Fleur
898,Mayfield
899,Nevada
900,Melby
901,Bunker Hill
902,Hoepker
903,Schiller
904,Laurel
905,Elgar
906,Blaine
907,Arkansas
908,Magdeline
909,Jay
910,Sachtjen
911,Melvin
912,Linden
913,Westport
914,Jay
915,Nevada
916,Prairieview
917,Lawn
918,Crest Line
919,Rigney
920,Oxford
921,Sycamore
922,Chive
923,Barnett
924,Crownhardt
925,Norway Maple
926,Red Cloud
927,Elmside
928,Melvin
929,Lakewood
930,Golden Leaf
931,Algoma
932,Mayer
933,Waxwing
934,Heffernan
935,Golden Leaf
936,Magdeline
937,Dryden
938,Straubel
939,Clyde Gallagher
940,Johnson
941,Farwell
942,American
943,Nova
944,Doe Crossing
945,Fisk
946,Corben
947,Del Sol
948,Carberry
949,Straubel
950,Dakota
951,Mariners Cove
952,Pine View
953,Bay
954,Bunting
955,Tennyson
956,Prentice
957,Westend
958,Vera
959,Old Gate
960,Straubel
961,Bashford
962,Mariners Cove
963,Fordem
964,Mcbride
965,Jay
966,Banding
967,Packers
968,Hovde
969,Lyons
970,Grasskamp
971,Blue Bill Park
972,Fallview
973,Meadow Vale
974,Barby
975,Ilene
976,Mallard
977,Riverside
978,Ridgeview
979,Kennedy
980,Farmco
981,Crownhardt
982,Village Green
983,Bashford
984,Del Sol
985,Eagle Crest
986,Eastlawn
987,Portage
988,Canary
989,Dixon
990,Moulton
991,Brentwood
992,Sullivan
993,Westerfield
994,Monument
995,Maywood
996,Beilfuss
997,Rowland
998,Monterey
999,Amoth
1000,Hansons
1001,Meadow Valley
1002,Harbort
1003,Jay
1004,Sunfield
1005,Thackeray
1006,Linden
1007,Talmadge
1008,New Castle
1009,Kensington
1010,Meadow Ridge
1011,7th
1012,Green Ridge
1013,Russell
1014,Huxley
1015,Moland
1016,Victoria
1017,Hallows
1018,Lillian
1019,Truax
1020,Hooker
1021,Coleman
1022,Hayes
1023,Killdeer
1024,Marquette
1025,Ridgeview
1026,Raven
1027,Oakridge
1028,Mitchell
1029,Golf Course
1030,Gerald
1031,Oxford
1032,Jackson
1033,Pierstorff
1034,Springview
1035,Northport
1036,Scoville
1037,Bluejay
1038,Scofield
1039,Vermont
1040,Waywood
1041,Washington
1042,Bonner
1043,Eliot
1044,5th
1045,Spenser
1046,Chinook
1047,Rowland
1048,Corry
1049,Oak Valley
1050,Bobwhite
1051,John Wall
1052,8th
1053,Cardinal
1054,Schiller
1055,Mesta
1056,Forest
1057,Tennyson
1058,Gale
1059,Johnson
1060,Heffernan
1061,Green Ridge
1062,Hagan
1063,Barnett
1064,Merchant
1065,Buell
1066,Roxbury
1067,Grover
1068,Heath
1069,Di Loreto
1070,Cardinal
1071,Donald
1072,Holy Cross
1073,Carioca
1074,Westport
1075,Mandrake
1076,North
1077,Saint Paul
1078,Hoffman
1079,Namekagon
1080,Monument
1081,Nova
1082,Green
1083,Browning
1084,Arkansas
1085,Donald
1086,Vera
1087,Westport
1088,Ramsey
1089,Delaware
1090,Doe Crossing
1091,Hintze
1092,Glacier Hill
1093,Fuller
1094,Vahlen
1095,Utah
1096,Melrose
1097,Cascade
1098,North
1099,Mccormick
1100,Dakota
1101,Oakridge
1102,Farwell
1103,Hansons
1104,Ryan
1105,Killdeer
1106,Jackson
1107,Melby
1108,Del Sol
1109,Schlimgen
1110,Oxford
1111,Goodland
1112,Paget
1113,Manitowish
1114,Twin Pines
1115,School
1116,Truax
1117,Stephen
1118,6th
1119,Armistice
1120,Milwaukee
1121,Meadow Vale
1122,Dryden
1123,Bonner
1124,Caliangt
1125,Mitchell
1126,Lighthouse Bay
1127,Hoffman
1128,Kennedy
1129,Gerald
1130,Stuart
1131,Kings
1132,Canary
1133,Clyde Gallagher
1134,International
1135,Park Meadow
1136,Superior
1137,Sundown
1138,Utah
1139,Magdeline
1140,Hoffman
1141,Schiller
1142,Fulton
1143,Nevada
1144,Charing Cross
1145,Monterey
1146,Fallview
1147,Atwood
1148,Westend
1149,Iowa
1150,Elgar
1151,Declaration
1152,Maryland
1153,Almo
1154,Ridge Oak
1155,Bunker Hill
1156,Westend
1157,Scott
1158,Weeping Birch
1159,Old Shore
1160,Nobel
1161,Caliangt
1162,Lerdahl
1163,Southridge
1164,Moulton
1165,Haas
1166,Debs
1167,Straubel
1168,Larry
1169,Moulton
1170,Riverside
1171,Huxley
1172,Meadow Valley
1173,Saint Paul
1174,Bluejay
1175,Surrey
1176,Ryan
1177,Kim
1178,Gateway
1179,Kedzie
1180,Ramsey
1181,Washington
1182,Dawn
1183,Scofield
1184,Eastwood
1185,Porter
1186,Dennis
1187,Saint Paul
1188,Surrey
1189,Hanson
1190,Memorial
1191,Doe Crossing
1192,Rowland
1193,Mendota
1194,Onsgard
1195,Dayton
1196,Susan
1197,Old Shore
1198,Troy
1199,Amoth
1200,Bowman
1201,Artisan
1202,Schlimgen
1203,Bellgrove
1204,Melby
1205,Florence
1206,Village
1207,Schlimgen
1208,Talmadge
1209,Gerald
1210,Karstens
1211,Manitowish
1212,Rusk
1213,Garrison
1214,Kings
1215,Ohio
1216,Drewry
1217,Sullivan
1218,Bartelt
1219,Meadow Vale
1220,Hooker
1221,International
1222,Norway Maple
1223,Saint Paul
1224,Melvin
1225,Center
1226,Maryland
1227,Algoma
1228,Reinke
1229,Morningstar
1230,Bartelt
1231,Mcbride
1232,Bonner
1233,Caliangt
1234,Ridgeview
1235,Daystar
1236,Fisk
1237,Judy
1238,Riverside
1239,Kim
1240,Hansons
1241,Cascade
1242,Stone Corner
1243,Merry
1244,Stone Corner
1245,Pleasure
1246,Larry
1247,Di Loreto
1248,Atwood
1249,Union
1250,Prairieview
1251,Esch
1252,Annamark
1253,Blaine
1254,Novick
1255,Portage
1256,Lawn
1257,Mayer
1258,Saint Paul
1259,Tennessee
1260,Onsgard
1261,Graceland
1262,Mosinee
1263,Kinsman
1264,Blackbird
1265,Sunfield
1266,Washington
1267,Daystar
1268,Golf
1269,Thierer
1270,Chive
1271,Evergreen
1272,Green Ridge
1273,Vernon
1274,Marcy
1275,Sutherland
1276,Welch
1277,Westerfield
1278,3rd
1279,Commercial
1280,Sutherland
1281,Clyde Gallagher
1282,Declaration
1283,Arkansas
1284,Merry
1285,Fallview
1286,Lunder
1287,Aberg
1288,Springs
1289,Sommers
1290,Cottonwood
1291,Bay
1292,New Castle
1293,Blaine
1294,Mosinee
1295,Twin Pines
1296,Nobel
1297,Banding
1298,Sheridan
1299,Petterle
1300,Continental
1301,Lukken
1302,Schmedeman
1303,Florence
1304,Red Cloud
1305,Ronald Regan
1306,Delladonna
1307,Redwing
1308,Corry
1309,Dahle
1310,Garrison
1311,Fallview
1312,Longview
1313,Namekagon
1314,La Follette
1315,Dapin
1316,Golf Course
1317,Kinsman
1318,Claremont
1319,Russell
1320,Rowland
1321,Swallow
1322,Calypso
1323,Melby
1324,Bluejay
1325,Scoville
1326,Anzinger
1327,Gina
1328,Summerview
1329,Amoth
1330,Westend
1331,Warner
1332,Ryan
1333,Kinsman
1334,Gale
1335,Mariners Cove
1336,Sachs
1337,Logan
1338,Calypso
1339,Ridgeway
1340,Division
1341,Spohn
1342,Pearson
1343,Stuart
1344,Bunker Hill
1345,Montana
1346,Debs
1347,Shasta
1348,Green Ridge
1349,Armistice
1350,Blackbird
1351,Dunning
1352,Summit
1353,Dovetail
1354,Fuller
1355,Garrison
1356,Helena
1357,Rigney
1358,Autumn Leaf
1359,Luster
1360,Melvin
1361,La Follette
1362,Tomscot
1363,Nova
1364,Starling
1365,Caliangt
1366,Manitowish
1367,Calypso
1368,Sugar
1369,Red Cloud
1370,Reindahl
1371,Sage
1372,Oakridge
1373,Corben
1374,Dakota
1375,Novick
1376,Clove
1377,Schmedeman
1378,Heath
1379,Onsgard
1380,Acker
1381,Schlimgen
1382,Sheridan
1383,Arizona
1384,Jenna
1385,Swallow
1386,Cordelia
1387,Hermina
1388,Village
1389,Veith
1390,Eastwood
1391,Bunting
1392,Marquette
1393,Cordelia
1394,Kipling
1395,Sugar
1396,Lien
1397,Tomscot
1398,Clyde Gallagher
1399,Bluejay
1400,Sheridan
1401,Nobel
1402,Continental
1403,Melrose
1404,Old Gate
1405,Reinke
1406,Garrison
1407,Namekagon
1408,Graedel
1409,Eggendart
1410,Johnson
1411,Calypso
1412,Briar Crest
1413,Hovde
1414,Lindbergh
1415,Karstens
1416,Almo
1417,Dapin
1418,Granby
1419,Mcbride
1420,Bashford
1421,Armistice
1422,Homewood
1423,Esker
1424,Clemons
1425,Jackson
1426,Lukken
1427,Hoard
1428,Namekagon
1429,Corry
1430,Merry
1431,Declaration
1432,Shoshone
1433,Milwaukee
1434,Bay
1435,David
1436,6th
1437,Lien
1438,Hanson
1439,Green Ridge
1440,Onsgard
1441,Elka
1442,Stoughton
1443,Granby
1444,Lighthouse Bay
1445,Linden
1446,Dorton
1447,Ryan
1448,Melrose
1449,Loftsgordon
1450,Anthes
1451,Surrey
1452,Homewood
1453,Victoria
1454,Truax
1455,David
1456,Hanover
1457,Fordem
1458,Pierstorff
1459,Bowman
1460,7th
1461,Independence
1462,Bowman
1463,Corscot
1464,Jana
1465,Morningstar
1466,Ridge Oak
1467,Buena Vista
1468,Sachtjen
1469,Fordem
1470,Sutteridge
1471,Toban
1472,Derek
1473,Ramsey
1474,Warner
1475,Hoepker
1476,Acker
1477,Prentice
1478,Scofield
1479,Pierstorff
1480,Bowman
1481,Rutledge
1482,Almo
1483,Chive
1484,Mitchell
1485,Brickson Park
1486,Hagan
1487,Stephen
1488,Goodland
1489,Chive
1490,Mosinee
1491,Mandrake
1492,Debra
1493,La Follette
1494,Susan
1495,Cambridge
1496,Logan
1497,American
1498,Oriole
1499,Scott
1500,Bonner
1501,Amoth
1502,Talisman
1503,Schlimgen
1504,Summer Ridge
1505,North
1506,Union
1507,Larry
1508,Blaine
1509,Marquette
1510,Florence
1511,Chinook
1512,Bluejay
1513,West
1514,Forster
1515,Petterle
1516,Roxbury
1517,Green
1518,Anzinger
1519,Norway Maple
1520,Iowa
1521,Ohio
1522,Dixon
1523,Morrow
1524,Express
1525,Gale
1526,Becker
1527,Del Mar
1528,Portage
1529,Vermont
1530,Village Green
1531,Prairieview
1532,Bayside
1533,Autumn Leaf
1534,Surrey
1535,Lake View
1536,Calypso
1537,Onsgard
1538,Melody
1539,Merrick
1540,Nobel
1541,Scoville
1542,Holmberg
1543,Dunning
1544,Cordelia
1545,Scofield
1546,Ridge Oak
1547,Karstens
1548,Meadow Valley
1549,Bellgrove
1550,Merrick
1551,Arizona
1552,Melody
1553,Stone Corner
1554,Parkside
1555,Riverside
1556,Little Fleur
1557,Blue Bill Park
1558,Center
1559,Jana
1560,Fair Oaks
1561,Sachs
1562,Iowa
1563,Becker
1564,Nobel
1565,Portage
1566,Hudson
1567,Melody
1568,Scofield
1569,Anhalt
1570,Union
1571,East
1572,Mayer
1573,Michigan
1574,Summit
1575,Wayridge
1576,Boyd
1577,Swallow
1578,Shopko
1579,Grim
1580,Pawling
1581,Butternut
1582,Marquette
1583,Elka
1584,Meadow Vale
1585,7th
1586,Oneill
1587,Becker
1588,Annamark
1589,Swallow
1590,Comanche
1591,Westend
1592,Goodland
1593,Riverside
1594,Algoma
1595,Stone Corner
1596,Morningstar
1597,Springview
1598,Veith
1599,Merrick
1600,Green Ridge
1601,Sachtjen
1602,Shoshone
1603,Cardinal
1604,Oak
1605,Northland
1606,Spenser
1607,Crest Line
1608,La Follette
1609,Coolidge
1610,Gina
1611,Union
1612,Portage
1613,Hudson
1614,Bartelt
1615,Corry
1616,Nova
1617,Summit
1618,Del Mar
1619,Rutledge
1620,Goodland
1621,Mccormick
1622,High Crossing
1623,Northridge
1624,Quincy
1625,Fair Oaks
1626,Dennis
1627,Sycamore
1628,Washington
1629,Monterey
1630,Anzinger
1631,Crest Line
1632,Park Meadow
1633,Shelley
1634,Blackbird
1635,Longview
1636,Mifflin
1637,Kim
1638,Grim
1639,Mendota
1640,Debs
1641,Gerald
1642,Manufacturers
1643,Macpherson
1644,Cardinal
1645,West
1646,Anniversary
1647,Emmet
1648,Hazelcrest
1649,Upham
1650,Hooker
1651,International
1652,Fuller
1653,Trailsway
1654,Kings
1655,Clove
1656,Schlimgen
1657,Anderson
1658,Rigney
1659,Del Sol
1660,Waubesa
1661,Artisan
1662,Corscot
1663,Algoma
1664,Lukken
1665,Summer Ridge
1666,Delaware
1667,Farragut
1668,Mitchell
1669,Clyde Gallagher
1670,Eliot
1671,Homewood
1672,Morrow
1673,Columbus
1674,Rowland
1675,Rutledge
1676,Londonderry
1677,Arizona
1678,John Wall
1679,Packers
1680,Mendota
1681,Roth
1682,Summit
1683,Pearson
1684,Eagan
1685,Schlimgen
1686,Johnson
1687,New Castle
1688,Schlimgen
1689,Autumn Leaf
1690,Hoepker
1691,Heath
1692,Sycamore
1693,Hazelcrest
1694,Pepper Wood
1695,Sheridan
1696,Dahle
1697,Ilene
1698,Fordem
1699,Crescent Oaks
1700,Annamark
1701,Morrow
1702,Carey
1703,Hagan
1704,Killdeer
1705,Bay
1706,Scoville
1707,Farmco
1708,Dayton
1709,Butterfield
1710,Petterle
1711,Anniversary
1712,Farmco
1713,Mesta
1714,Declaration
1715,Barnett
1716,Jenifer
1717,Rowland
1718,Garrison
1719,Eagle Crest
1720,Bonner
1721,Transport
1722,Killdeer
1723,Twin Pines
1724,Stang
1725,Hoffman
1726,Harbort
1727,Main
1728,Chive
1729,Hoepker
1730,Bashford
1731,Fordem
1732,Dryden
1733,Green
1734,Sloan
1735,Daystar
1736,Johnson
1737,Graedel
1738,Delaware
1739,Dayton
1740,Hagan
1741,Maple
1742,Reindahl
1743,Debra
1744,Thackeray
1745,Sutteridge
1746,Eggendart
1747,Bunting
1748,Barnett
1749,Rutledge
1750,Buell
1751,Waubesa
1752,Lillian
1753,Eagan
1754,Eliot
1755,East
1756,Londonderry
1757,Graedel
1758,Ridgeway
1759,Meadow Vale
1760,Messerschmidt
1761,Raven
1762,Gerald
1763,Continental
1764,Birchwood
1765,Brickson Park
1766,Little Fleur
1767,Pond
1768,Rowland
1769,Magdeline
1770,Maple Wood
1771,Fair Oaks
1772,Mifflin
1773,Bay
1774,Golf View
1775,Mandrake
1776,Clyde Gallagher
1777,Vidon
1778,Elgar
1779,Pine View
1780,Manley
1781,Namekagon
1782,Monica
1783,Aberg
1784,Vera
1785,Mayer
1786,Charing Cross
1787,Quincy
1788,Graedel
1789,Mallory
1790,Ramsey
1791,School
1792,Lawn
1793,Sommers
1794,Merrick
1795,Crescent Oaks
1796,Talisman
1797,Golf View
1798,Darwin
1799,Merry
1800,Burrows
1801,Pierstorff
1802,Logan
1803,Macpherson
1804,Riverside
1805,Ryan
1806,Manufacturers
1807,Monterey
1808,Ilene
1809,Roxbury
1810,Ryan
1811,Bartelt
1812,Del Mar
1813,Coolidge
1814,Fair Oaks
1815,Bartelt
1816,Eastwood
1817,7th
1818,Larry
1819,Washington
1820,Oriole
1821,Toban
1822,Montana
1823,Fuller
1824,Fieldstone
1825,Pepper Wood
1826,East
1827,Mallard
1828,Surrey
1829,Kim
1830,Rusk
1831,Buell
1832,Marcy
1833,Victoria
1834,Lunder
1835,Sage
1836,Laurel
1837,Red Cloud
1838,Waxwing
1839,Petterle
1840,Nova
1841,East
1842,Delladonna
1843,Warrior
1844,Buell
1845,Montana
1846,Calypso
1847,Forster
1848,Toban
1849,Cottonwood
1850,Reinke
1851,Mendota
1852,Coolidge
1853,Oxford
1854,Killdeer
1855,Eliot
1856,Morningstar
1857,Tony
1858,Village
1859,Vera
1860,Schlimgen
1861,Stephen
1862,Union
1863,Lawn
1864,Bluejay
1865,Badeau
1866,Eastwood
1867,Pepper Wood
1868,New Castle
1869,Ridge Oak
1870,Briar Crest
1871,Golf View
1872,Hanover
1873,Comanche
1874,Rockefeller
1875,Welch
1876,Roth
1877,Miller
1878,Mesta
1879,Melby
1880,Lien
1881,Dapin
1882,Hooker
1883,Debs
1884,Mariners Cove
1885,Stoughton
1886,Annamark
1887,Elka
1888,Petterle
1889,Erie
1890,Myrtle
1891,Esker
1892,Laurel
1893,Monica
1894,Straubel
1895,Eagan
1896,Pine View
1897,Sutherland
1898,Crescent Oaks
1899,Elmside
1900,Claremont
1901,Barnett
1902,Blaine
1903,David
1904,Rieder
1905,Kings
1906,Sage
1907,Norway Maple
1908,Lotheville
1909,Sheridan
1910,Kenwood
1911,Havey
1912,Sugar
1913,Redwing
1914,Glacier Hill
1915,Hooker
1916,Beilfuss
1917,Hanover
1918,Granby
1919,Melrose
1920,Hudson
1921,Alpine
1922,Huxley
1923,Corben
1924,Oriole
1925,Continental
1926,Homewood
1927,Washington
1928,Forest Run
1929,Westerfield
1930,Fieldstone
1931,Stephen
1932,Farwell
1933,3rd
1934,Nelson
1935,Carioca
1936,Lindbergh
1937,Everett
1938,Loeprich
1939,Surrey
1940,Tomscot
1941,Independence
1942,Toban
1943,1st
1944,Brown
1945,Jay
1946,Almo
1947,Evergreen
1948,Esker
1949,Southridge
1950,Mallory
1951,Browning
1952,Drewry
1953,Hudson
1954,Pearson
1955,Nobel
1956,Anniversary
1957,Buell
1958,Moulton
1959,Nevada
1960,Stuart
1961,Acker
1962,Tennessee
1963,Old Gate
1964,Emmet
1965,Merry
1966,Orin
1967,Moose
1968,Prairieview
1969,Bluestem
1970,Merchant
1971,Sunbrook
1972,Prairie Rose
1973,Holmberg
1974,Esch
1975,Maple
1976,Kings
1977,Doe Crossing
1978,Beilfuss
1979,Maple Wood
1980,Bultman
1981,Summer Ridge
1982,Meadow Valley
1983,Starling
1984,Spaight
1985,Aberg
1986,Homewood
1987,Forest
1988,Spenser
1989,Myrtle
1990,Grayhawk
1991,Mallard
1992,Rusk
1993,Tomscot
1994,Dunning
1995,Randy
1996,Hagan
1997,Sugar
1998,Fairview
1999,Dunning
2000,Novick
2001,Manley
2002,Kim
2003,Pawling
2004,Boyd
2005,Dahle
2006,Calypso
2007,Harper
2008,Memorial
2009,Springs
2010,Steensland
2011,Maple
2012,Nova
2013,Service
2014,Bultman
2015,Utah
2016,Randy
2017,Esch
2018,Waxwing
2019,Hollow Ridge
2020,Warrior
2021,Texas
2022,Dawn
2023,Anzinger
2024,Anzinger
2025,Dennis
2026,Onsgard
2027,Morning
2028,Amoth
2029,Wayridge
2030,Rowland
2031,Harbort
2032,Maywood
2033,High Crossing
2034,Mandrake
2035,Glacier Hill
2036,Sunnyside
2037,Lunder
2038,Sage
2039,Arrowood
2040,Elgar
2041,Maple
2042,Maple Wood
2043,Forest Dale
2044,Lighthouse Bay
2045,Dorton
2046,Meadow Vale
2047,Talisman
2048,South
2049,Messerschmidt
2050,Algoma
2051,Warbler
2052,Moose
2053,Jay
2054,Vahlen
2055,Beilfuss
2056,Grasskamp
2057,Lighthouse Bay
2058,Kingsford
2059,Valley Edge
2060,Eagan
2061,Basil
2062,Waywood
2063,Shelley
2064,Tennessee
2065,Truax
2066,Goodland
2067,Dapin
2068,Dryden
2069,Susan
2070,Porter
2071,Park Meadow
2072,Stoughton
2073,Sycamore
2074,Mandrake
2075,Dahle
2076,Spenser
2077,Fordem
2078,Victoria
2079,West
2080,Vera
2081,Schurz
2082,Mandrake
2083,Twin Pines
2084,Northport
2085,Transport
2086,Kingsford
2087,Southridge
2088,Duke
2089,Mifflin
2090,Hanson
2091,East
2092,Sauthoff
2093,Lunder
2094,Cherokee
2095,Kedzie
2096,Ramsey
2097,Ilene
2098,Dixon
2099,Carpenter
2100,Aberg
2101,Kropf
2102,Tennyson
2103,Lyons
2104,Summit
2105,Dovetail
2106,Dovetail
2107,3rd
2108,Bartillon
2109,Lake View
2110,Merry
2111,Starling
2112,Fieldstone
2113,Fallview
2114,Bellgrove
2115,Declaration
2116,Browning
2117,Granby
2118,Hansons
2119,Kinsman
2120,Calypso
2121,Stang
2122,Graedel
2123,Anniversary
2124,Truax
2125,Northwestern
2126,Lakewood
2127,Summer Ridge
2128,Almo
2129,Fordem
2130,Darwin
2131,Westerfield
2132,Eastlawn
2133,John Wall
2134,Rigney
2135,Emmet
2136,Meadow Ridge
2137,Oriole
2138,North
2139,Jana
2140,Eagan
2141,Claremont
2142,Gale
2143,Browning
2144,Merry
2145,Hallows
2146,Vahlen
2147,Gina
2148,Monterey
2149,Crownhardt
2150,Summit
2151,Cascade
2152,Tomscot
2153,Moulton
2154,Dovetail
2155,Claremont
2156,Trailsway
2157,Clarendon
2158,Dixon
2159,Loomis
2160,Hoepker
2161,Merrick
2162,Johnson
2163,Sutherland
2164,Charing Cross
2165,Bowman
2166,Shelley
2167,Northport
2168,Caliangt
2169,Marcy
2170,Prentice
2171,Oak
2172,Sherman
2173,Florence
2174,Melby
2175,Del Mar
2176,1st
2177,Eliot
2178,Pennsylvania
2179,Canary
2180,Vahlen
2181,Victoria
2182,Hanover
2183,Hanson
2184,Glacier Hill
2185,Sullivan
2186,Hazelcrest
2187,Rockefeller
2188,Wayridge
2189,Donald
2190,Farmco
2191,Longview
2192,Sachs
2193,Bluejay
2194,Golf
2195,Caliangt
2196,Dapin
2197,Ronald Regan
2198,Briar Crest
2199,Forest
2200,Cody
2201,Forest Run
2202,Bultman
2203,Oriole
2204,Redwing
2205,Fieldstone
2206,Blackbird
2207,Donald
2208,Homewood
2209,Messerschmidt
2210,Havey
2211,Prentice
2212,North
2213,Twin Pines
2214,Sage
2215,Chinook
2216,Debs
2217,Westridge
2218,Lillian
2219,Acker
2220,Ridgeway
2221,Barnett
2222,Eagle Crest
2223,Charing Cross
2224,Melrose
2225,Del Sol
2226,Glendale
2227,5th
2228,Melvin
2229,Esch
2230,Kropf
2231,Russell
2232,Leroy
2233,Mesta
2234,Johnson
2235,Truax
2236,Main
2237,Utah
2238,Eggendart
2239,Porter
2240,Elmside
2241,Del Sol
2242,Arrowood
2243,Gina
2244,Towne
2245,Sauthoff
2246,Forster
2247,Sheridan
2248,Florence
2249,Canary
2250,Brown
2251,Canary
2252,Golf View
2253,Cardinal
2254,Cody
2255,Paget
2256,Park Meadow
2257,Spohn
2258,Rutledge
2259,Sutteridge
2260,Algoma
2261,Shasta
2262,Arizona
2263,Dunning
2264,Kensington
2265,Kim
2266,Iowa
2267,Commercial
2268,Sunfield
2269,Drewry
2270,Jenna
2271,Hoffman
2272,Briar Crest
2273,Summit
2274,Elka
2275,Shelley
2276,Garrison
2277,John Wall
2278,Debra
2279,Wayridge
2280,Continental
2281,Tomscot
2282,Dovetail
2283,Surrey
2284,Columbus
2285,Fisk
2286,Spaight
2287,6th
2288,Sunfield
2289,Crescent Oaks
2290,Hollow Ridge
2291,Dahle
2292,Village Green
2293,Birchwood
2294,Springview
2295,Clemons
2296,Rieder
2297,Farragut
2298,Messerschmidt
2299,Esch
2300,Sheridan
2301,Welch
2302,Rusk
2303,Scoville
2304,Blackbird
2305,Schurz
2306,Thackeray
2307,Lillian
2308,Melrose
2309,Coolidge
2310,West
2311,Transport
2312,Oak Valley
2313,Dahle
2314,Montana
2315,Village Green
2316,Atwood
2317,Ridgeview
2318,Lakewood
2319,Esker
2320,Manitowish
2321,Bowman
2322,Hintze
2323,Acker
2324,Forest Dale
2325,Glacier Hill
2326,Schiller
2327,Clove
2328,Harbort
2329,New Castle
2330,Melvin
2331,Swallow
2332,Ridgeway
2333,Mesta
2334,Pleasure
2335,Porter
2336,Anderson
2337,Bartillon
2338,Westend
2339,Jackson
2340,Stephen
2341,Northview
2342,Cody
2343,Old Shore
2344,Brentwood
2345,Heffernan
2346,South
2347,Fallview
2348,Jackson
2349,Colorado
2350,Manley
2351,Old Gate
2352,Clove
2353,Fairfield
2354,Eastlawn
2355,Commercial
2356,Melody
2357,Oriole
2358,Scott
2359,Surrey
2360,Russell
2361,Thierer
2362,Starling
2363,Vermont
2364,Hanover
2365,3rd
2366,Washington
2367,Washington
2368,Pankratz
2369,Clove
2370,Esker
2371,Michigan
2372,Brentwood
2373,Spaight
2374,Rowland
2375,Arizona
2376,Brentwood
2377,Brentwood
2378,Mosinee
2379,Carioca
2380,Farragut
2381,Old Shore
2382,Sheridan
2383,5th
2384,Sunbrook
2385,Sunnyside
2386,Dahle
2387,Lake View
2388,Prentice
2389,Lyons
2390,Meadow Valley
2391,Hudson
2392,Messerschmidt
2393,Northview
2394,Dottie
2395,Heath
2396,Longview
2397,Amoth
2398,Springview
2399,Forest
2400,Westport
2401,Bartillon
2402,7th
2403,Westridge
2404,Hudson
2405,Grayhawk
2406,Petterle
2407,Bunting
2408,Saint Paul
2409,American
2410,Pennsylvania
2411,Schiller
2412,Chinook
2413,Moose
2414,Cordelia
2415,Thompson
2416,Crownhardt
2417,Thierer
2418,Dryden
2419,Hintze
2420,Erie
2421,Mitchell
2422,Bonner
2423,Del Mar
2424,Valley Edge
2425,Portage
2426,Northfield
2427,Mcbride
2428,Division
2429,Lien
2430,Pearson
2431,Mallory
2432,Straubel
2433,Pierstorff
2434,Eagle Crest
2435,6th
2436,Springview
2437,Lukken
2438,Mockingbird
2439,Maple
2440,Di Loreto
2441,Badeau
2442,Charing Cross
2443,Schmedeman
2444,Graceland
2445,Nobel
2446,Kim
2447,Fulton
2448,Melody
2449,Arapahoe
2450,Southridge
2451,Forest Dale
2452,Raven
2453,Trailsway
2454,Manley
2455,Judy
2456,Norway Maple
2457,Pine View
2458,Tony
2459,Autumn Leaf
2460,Blackbird
2461,Namekagon
2462,Carey
2463,Warner
2464,Waxwing
2465,Fairfield
2466,Northridge
2467,Hauk
2468,Lawn
2469,Dennis
2470,Sundown
2471,Atwood
2472,Donald
2473,Jackson
2474,Kensington
2475,Reindahl
2476,Transport
2477,Center
2478,Hollow Ridge
2479,Northland
2480,Leroy
2481,Eliot
2482,Badeau
2483,Maple Wood
2484,Katie
2485,North
2486,Twin Pines
2487,Scott
2488,Holmberg
2489,Northview
2490,Hollow Ridge
2491,Lunder
2492,Westend
2493,Hanover
2494,Norway Maple
2495,Monterey
2496,Cardinal
2497,Gale
2498,Mariners Cove
2499,Claremont
2500,Lunder
2501,Sugar
2502,Rieder
2503,Nova
2504,Scoville
2505,Judy
2506,Lotheville
2507,Tennyson
2508,Kennedy
2509,Clyde Gallagher
2510,Northland
2511,Loftsgordon
2512,Vernon
2513,Toban
2514,Summerview
2515,Golden Leaf
2516,Emmet
2517,Logan
2518,School
2519,Merry
2520,Badeau
2521,Anthes
2522,Erie
2523,Chinook
2524,Nobel
2525,Nobel
2526,Daystar
2527,Red Cloud
2528,Veith
2529,Bayside
2530,Farmco
2531,Swallow
2532,Saint Paul
2533,Spohn
2534,Esker
2535,Spaight
2536,Swallow
2537,Pankratz
2538,Anzinger
2539,Toban
2540,Heffernan
2541,Karstens
2542,Toban
2543,Meadow Ridge
2544,Portage
2545,Transport
2546,Brentwood
2547,5th
2548,Eastlawn
2549,Loomis
2550,Nobel
2551,Sutteridge
2552,Redwing
2553,Eagan
2554,East
2555,Mayer
2556,Nobel
2557,Swallow
2558,Butternut
2559,Oriole
2560,Dawn
2561,Artisan
2562,Barnett
2563,Thierer
2564,Oxford
2565,Columbus
2566,Dakota
2567,Bartillon
2568,Maywood
2569,Sherman
2570,Old Gate
2571,Arapahoe
2572,Sunnyside
2573,Jay
2574,La Follette
2575,Vermont
2576,Grayhawk
2577,Sage
2578,Reinke
2579,Goodland
2580,Grayhawk
2581,Lindbergh
2582,Shoshone
2583,Green
2584,Center
2585,Westerfield
2586,Stoughton
2587,Prentice
2588,Swallow
2589,Hauk
2590,Commercial
2591,Bellgrove
2592,Nova
2593,Moulton
2594,Valley Edge
2595,Fieldstone
2596,Dahle
2597,Sachtjen
2598,Atwood
2599,Milwaukee
2600,Mccormick
2601,Hallows
2602,Prairie Rose
2603,Lillian
2604,Rigney
2605,Lerdahl
2606,Delaware
2607,Milwaukee
2608,Ohio
2609,Bay
2610,Hooker
2611,Superior
2612,Bellgrove
2613,Riverside
2614,Golden Leaf
2615,Crescent Oaks
2616,Donald
2617,Sundown
2618,Leroy
2619,Bayside
2620,Summer Ridge
2621,Anhalt
2622,Rigney
2623,Sutherland
2624,Old Shore
2625,Fisk
2626,Cardinal
2627,Dakota
2628,Springs
2629,Golden Leaf
2630,Morningstar
2631,Gulseth
2632,Larry
2633,Arkansas
2634,Roth
2635,Kropf
2636,Anderson
2637,Prairie Rose
2638,Northland
2639,Hintze
2640,Mayfield
2641,Menomonie
2642,Iowa
2643,Kensington
2644,Meadow Vale
2645,Clyde Gallagher
2646,Waubesa
2647,Sugar
2648,David
2649,Dahle
2650,Dahle
2651,Rusk
2652,Chinook
2653,Comanche
2654,Holy Cross
2655,Rockefeller
2656,Texas
2657,Wayridge
2658,Coleman
2659,Florence
2660,Golf Course
2661,Magdeline
2662,Sachtjen
2663,Hanson
2664,Nancy
2665,Sachs
2666,Bashford
2667,Forest Run
2668,Scoville
2669,Meadow Valley
2670,Dayton
2671,Walton
2672,8th
2673,Hagan
2674,Toban
2675,Carberry
2676,Sommers
2677,American Ash
2678,Dennis
2679,Lawn
2680,Melvin
2681,Crownhardt
2682,Vernon
2683,Dahle
2684,Coolidge
2685,Merchant
2686,Lakewood
2687,Summer Ridge
2688,Talisman
2689,Paget
2690,Bay
2691,Judy
2692,Artisan
2693,International
2694,Esch
2695,Pankratz
2696,Wayridge
2697,Hallows
2698,Bellgrove
2699,Tennessee
2700,Mitchell
2701,Stone Corner
2702,Gina
2703,Stephen
2704,North
2705,Jenifer
2706,Petterle
2707,Debra
2708,Portage
2709,Lakewood
2710,Summit
2711,Clarendon
2712,Mitchell
2713,Bay
2714,Evergreen
2715,Fairfield
2716,Summer Ridge
2717,Almo
2718,Jay
2719,Moland
2720,Darwin
2721,Lyons
2722,Nova
2723,Washington
2724,1st
2725,Park Meadow
2726,Glacier Hill
2727,Tennessee
2728,Starling
2729,Ridgeview
2730,Petterle
2731,Calypso
2732,1st
2733,Fremont
2734,Towne
2735,3rd
2736,Victoria
2737,Sutherland
2738,6th
2739,Gulseth
2740,Oakridge
2741,Dorton
2742,Holmberg
2743,Browning
2744,Clemons
2745,Maywood
2746,Alpine
2747,Colorado
2748,Jenna
2749,Myrtle
2750,Sunbrook
2751,American Ash
2752,Cascade
2753,Lawn
2754,Helena
2755,Bashford
2756,Bobwhite
2757,Corscot
2758,Packers
2759,Coleman
2760,Lighthouse Bay
2761,Nelson
2762,Morrow
2763,Gina
2764,Mockingbird
2765,Burning Wood
2766,Surrey
2767,Karstens
2768,Atwood
2769,Grover
2770,Northwestern
2771,Jana
2772,Mesta
2773,Carpenter
2774,Troy
2775,Prairie Rose
2776,Fairview
2777,Eastlawn
2778,Killdeer
2779,Elmside
2780,Leroy
2781,Orin
2782,Bultman
2783,Glendale
2784,Golf
2785,Warrior
2786,Banding
2787,Ilene
2788,Grasskamp
2789,Burning Wood
2790,Eggendart
2791,Spenser
2792,Fuller
2793,Surrey
2794,Cherokee
2795,Green Ridge
2796,Forster
2797,Moulton
2798,Melrose
2799,Oneill
2800,Rigney
2801,Everett
2802,Oakridge
2803,Jackson
2804,Dexter
2805,Orin
2806,Cottonwood
2807,Hermina
2808,David
2809,Cherokee
2810,Ridgeview
2811,American
2812,Calypso
2813,Florence
2814,Coolidge
2815,Sutteridge
2816,Center
2817,Fallview
2818,Center
2819,Elgar
2820,Glacier Hill
2821,Butternut
2822,Rowland
2823,Waxwing
2824,Claremont
2825,Hooker
2826,Dawn
2827,Mesta
2828,Mitchell
2829,Alpine
2830,Stuart
2831,Fremont
2832,Garrison
2833,Larry
2834,Brentwood
2835,Onsgard
2836,Dahle
2837,Hollow Ridge
2838,Susan
2839,Hollow Ridge
2840,Village Green
2841,Vidon
2842,Moland
2843,Mallory
2844,Brickson Park
2845,Thackeray
2846,Kensington
2847,Dexter
2848,Vermont
2849,Hansons
2850,Kingsford
2851,Calypso
2852,2nd
2853,New Castle
2854,Kenwood
2855,Logan
2856,Cherokee
2857,Coleman
2858,Fairfield
2859,Harbort
2860,Starling
2861,Mesta
2862,Hovde
2863,Carberry
2864,Grim
2865,Oakridge
2866,Prairie Rose
2867,Buena Vista
2868,5th
2869,Hollow Ridge
2870,Reindahl
2871,Westport
2872,Larry
2873,Rieder
2874,Pearson
2875,Mallory
2876,North
2877,Stang
2878,Bobwhite
2879,Forest Run
2880,Novick
2881,Bultman
2882,Graceland
2883,2nd
2884,Fordem
2885,Forest
2886,Columbus
2887,Fulton
2888,Hermina
2889,Shelley
2890,Farwell
2891,Golf Course
2892,Onsgard
2893,Carpenter
2894,Mitchell
2895,Columbus
2896,Carioca
2897,Swallow
2898,Portage
2899,Redwing
2900,Towne
2901,Superior
2902,Summerview
2903,7th
2904,Meadow Valley
2905,Glacier Hill
2906,Monica
2907,Manufacturers
2908,Fair Oaks
2909,Summerview
2910,Grasskamp
2911,Mallory
2912,Annamark
2913,Esker
2914,Northwestern
2915,Graceland
2916,Washington
2917,Leroy
2918,Glacier Hill
2919,Summit
2920,High Crossing
2921,Mifflin
2922,Anzinger
2923,Farmco
2924,Bayside
2925,Mendota
2926,High Crossing
2927,Golf
2928,Monica
2929,Red Cloud
2930,Lotheville
2931,Oriole
2932,Anhalt
2933,Sloan
2934,Packers
2935,Lawn
2936,Park Meadow
2937,Northridge
2938,Killdeer
2939,Warbler
2940,Susan
2941,Dorton
2942,Sachs
2943,Hayes
2944,Veith
2945,Mariners Cove
2946,Swallow
2947,Atwood
2948,Memorial
2949,Barnett
2950,Mockingbird
2951,Eastlawn
2952,Rusk
2953,Tomscot
2954,Schlimgen
2955,Boyd
2956,Tony
2957,Summit
2958,Almo
2959,Eastwood
2960,Superior
2961,Dwight
2962,Clemons
2963,Coolidge
2964,Bay
2965,Cottonwood
2966,Sachs
2967,Fulton
2968,Burning Wood
2969,Blackbird
2970,Westport
2971,Sachs
2972,Bowman
2973,Fieldstone
2974,Mcguire
2975,Eggendart
2976,Caliangt
2977,Mcbride
2978,Hallows
2979,Mitchell
2980,Autumn Leaf
2981,Bay
2982,Clove
2983,Pond
2984,Elka
2985,Bobwhite
2986,Stuart
2987,Melvin
2988,Mendota
2989,Drewry
2990,Lighthouse Bay
2991,Nevada
2992,Anhalt
2993,Grover
2994,Jana
2995,Hayes
2996,Waubesa
2997,Gale
2998,Cottonwood
2999,Express
3000,Jay
3001,Di Loreto
3002,Utah
3003,Burrows
3004,Kipling
3005,Waxwing
3006,Gateway
3007,Main
3008,Fairview
3009,Hintze
3010,Clyde Gallagher
3011,Loftsgordon
3012,Sauthoff
3013,Gerald
3014,Maple
3015,Troy
3016,Fairfield
3017,Mallard
3018,David
3019,North
3020,Kingsford
3021,Petterle
3022,Hoepker
3023,Roxbury
3024,Donald
3025,Johnson
3026,Fuller
3027,Moland
3028,Helena
3029,Mayer
3030,Brown
3031,Artisan
3032,Coolidge
3033,Hermina
3034,Farmco
3035,Claremont
3036,Hansons
3037,Oxford
3038,Saint Paul
3039,Thackeray
3040,Mandrake
3041,Union
3042,Annamark
3043,Grover
3044,Spenser
3045,Fisk
3046,Kipling
3047,Delaware
3048,Di Loreto
3049,7th
3050,Judy
3051,Continental
3052,Fisk
3053,Gulseth
3054,Stoughton
3055,Kings
3056,Ohio
3057,Fairview
3058,Sunbrook
3059,Redwing
3060,Summit
3061,Cody
3062,Charing Cross
3063,Union
3064,Hintze
3065,Coolidge
3066,Katie
3067,Gerald
3068,Pierstorff
3069,Carey
3070,Gulseth
3071,Bobwhite
3072,Independence
3073,Fallview
3074,Lotheville
3075,Carey
3076,Mcbride
3077,Manufacturers
3078,Jackson
3079,Troy
3080,Dorton
3081,Starling
3082,Arkansas
3083,Lyons
3084,Northfield
3085,Evergreen
3086,Ridgeway
3087,Prairie Rose
3088,Hudson
3089,Eggendart
3090,Farragut
3091,Golden Leaf
3092,Sheridan
3093,Portage
3094,Cody
3095,Springs
3096,Golf View
3097,Northport
3098,Marquette
3099,Fairview
3100,Dottie
3101,Onsgard
3102,Bluestem
3103,Marcy
3104,Gateway
3105,Bonner
3106,Wayridge
3107,Golf View
3108,Tennyson
3109,Brentwood
3110,Florence
3111,Londonderry
3112,Farmco
3113,Porter
3114,Continental
3115,Kim
3116,Pepper Wood
3117,Farragut
3118,Shasta
3119,Milwaukee
3120,Riverside
3121,Gina
3122,Graedel
3123,Coleman
3124,Springview
3125,Bartelt
3126,Clarendon
3127,Maple
3128,Prentice
3129,Jana
3130,East
3131,Lillian
3132,Red Cloud
3133,Gulseth
3134,Buena Vista
3135,Waxwing
3136,Fulton
3137,Graedel
3138,Vernon
3139,Red Cloud
3140,Victoria
3141,Westerfield
3142,Warrior
3143,Ramsey
3144,Sycamore
3145,Welch
3146,Steensland
3147,Twin Pines
3148,Independence
3149,Homewood
3150,Tomscot
3151,West
3152,Evergreen
3153,Ridgeway
3154,Kennedy
3155,Eggendart
3156,Colorado
3157,American Ash
3158,Hayes
3159,Village
3160,Pearson
3161,Sachs
3162,Elmside
3163,Oak Valley
3164,Menomonie
3165,Parkside
3166,Talisman
3167,Boyd
3168,West
3169,Starling
3170,Russell
3171,Burning Wood
3172,John Wall
3173,Kedzie
3174,Summit
3175,Pankratz
3176,Buena Vista
3177,Corscot
3178,Glacier Hill
3179,Division
3180,Southridge
3181,Raven
3182,Calypso
3183,Sauthoff
3184,Cordelia
3185,Schiller
3186,1st
3187,Pearson
3188,Debs
3189,Columbus
3190,Bowman
3191,Norway Maple
3192,Eggendart
3193,North
3194,Rigney
3195,Surrey
3196,Texas
3197,Burrows
3198,Charing Cross
3199,Summerview
3200,Sommers
3201,Bashford
3202,Hanover
3203,Eastlawn
3204,Meadow Vale
3205,Declaration
3206,Troy
3207,Wayridge
3208,Talisman
3209,New Castle
3210,Tony
3211,Mandrake
3212,Prairie Rose
3213,Shopko
3214,Lukken
3215,Algoma
3216,Little Fleur
3217,Donald
3218,Ruskin
3219,Anhalt
3220,Tony
3221,Westridge
3222,Darwin
3223,Schmedeman
3224,Northwestern
3225,Springs
3226,Esch
3227,Mandrake
3228,Heffernan
3229,Fulton
3230,Chive
3231,Gina
3232,Pankratz
3233,Eggendart
3234,Milwaukee
3235,Farragut
3236,Eliot
3237,Summit
3238,Saint Paul
3239,Thierer
3240,Clemons
3241,Sunnyside
3242,Briar Crest
3243,Victoria
3244,Atwood
3245,Springs
3246,Service
3247,Hollow Ridge
3248,Main
3249,Pleasure
3250,Blaine
3251,Utah
3252,Merchant
3253,Paget
3254,Anderson
3255,Dixon
3256,American
3257,Butterfield
3258,Orin
3259,American Ash
3260,Hintze
3261,Gerald
3262,Evergreen
3263,Logan
3264,Hollow Ridge
3265,Shopko
3266,Northview
3267,1st
3268,Johnson
3269,Bluestem
3270,Randy
3271,Northland
3272,Brickson Park
3273,Holmberg
3274,Pine View
3275,Cottonwood
3276,Sutteridge
3277,Golf View
3278,Autumn Leaf
3279,Kings
3280,Sunbrook
3281,Bobwhite
3282,Loomis
3283,Sundown
3284,Utah
3285,Eastlawn
3286,Redwing
3287,Old Shore
3288,Kipling
3289,Reinke
3290,Gateway
3291,Miller
3292,Randy
3293,Havey
3294,Onsgard
3295,Amoth
3296,Coolidge
3297,Schiller
3298,Welch
3299,Bobwhite
3300,Hoard
3301,Johnson
3302,Butterfield
3303,Straubel
3304,Loeprich
3305,Coolidge
3306,Heffernan
3307,Express
3308,Washington
3309,Lillian
3310,Gina
3311,Loeprich
3312,Main
3313,Burrows
3314,Express
3315,Annamark
3316,Westerfield
3317,Arkansas
3318,Vera
3319,Nobel
3320,Buena Vista
3321,Glacier Hill
3322,Stang
3323,Sheridan
3324,Stoughton
3325,Kings
3326,Kings
3327,Paget
3328,Kingsford
3329,Shasta
3330,Harbort
3331,Dryden
3332,Thierer
3333,Claremont
3334,Talisman
3335,Prairieview
3336,Monica
3337,Maple Wood
3338,Haas
3339,Katie
3340,Melby
3341,Erie
3342,Sheridan
3343,Becker
3344,Vahlen
3345,Jay
3346,Ryan
3347,Browning
3348,Dryden
3349,Holmberg
3350,Dapin
3351,Messerschmidt
3352,Anhalt
3353,Continental
3354,Dawn
3355,Dryden
3356,Autumn Leaf
3357,Porter
3358,Nelson
3359,Summerview
3360,Sommers
3361,Ridgeview
3362,Brentwood
3363,Mockingbird
3364,Killdeer
3365,Manley
3366,Green
3367,Brickson Park
3368,Division
3369,Summit
3370,Cardinal
3371,Pond
3372,Hudson
3373,Morning
3374,Myrtle
3375,Division
3376,Vahlen
3377,Hoffman
3378,Ryan
3379,Gateway
3380,Bunker Hill
3381,Nelson
3382,Boyd
3383,Oak
3384,Burning Wood
3385,Artisan
3386,Duke
3387,Oriole
3388,Pepper Wood
3389,Melody
3390,Columbus
3391,Harper
3392,Birchwood
3393,Cordelia
3394,Mallard
3395,Raven
3396,Marquette
3397,Westend
3398,Dottie
3399,Summer Ridge
3400,Kinsman
3401,Derek
3402,Nancy
3403,Dennis
3404,Miller
3405,Carpenter
3406,School
3407,Summit
3408,Texas
3409,Sachtjen
3410,Green Ridge
3411,Lunder
3412,Manitowish
3413,Paget
3414,West
3415,Claremont
3416,West
3417,Lakeland
3418,Summit
3419,Eastlawn
3420,Pine View
3421,Green
3422,Blackbird
3423,Lyons
3424,Dunning
3425,Heffernan
3426,Reindahl
3427,Waywood
3428,Transport
3429,Algoma
3430,Mariners Cove
3431,Gale
3432,Fulton
3433,Namekagon
3434,Grim
3435,Kensington
3436,Victoria
3437,Dapin
3438,Sachs
3439,4th
3440,Sunbrook
3441,Blaine
3442,Algoma
3443,Mesta
3444,Sunnyside
3445,Mcguire
3446,Butternut
3447,Alpine
3448,Becker
3449,Luster
3450,Independence
3451,Shopko
3452,Susan
3453,Ruskin
3454,Manitowish
3455,Talmadge
3456,Kipling
3457,North
3458,Jackson
3459,Pierstorff
3460,American Ash
3461,Annamark
3462,Clemons
3463,Ridge Oak
3464,Bartillon
3465,Kropf
3466,Fieldstone
3467,Eastlawn
3468,Derek
3469,Melody
3470,Veith
3471,Prairie Rose
3472,Fordem
3473,Mcbride
3474,Aberg
3475,Grayhawk
3476,Bay
3477,Eagan
3478,Sycamore
3479,Susan
3480,Northview
3481,Duke
3482,Mcguire
3483,Vidon
3484,Tony
3485,Northwestern
3486,Dottie
3487,Kropf
3488,8th
3489,Lillian
3490,Forest Dale
3491,Westend
3492,Montana
3493,Haas
3494,Michigan
3495,Mcguire
3496,Spohn
3497,Di Loreto
3498,Troy
3499,Delladonna
3500,Red Cloud
3501,Mccormick
3502,Anzinger
3503,Pond
3504,Killdeer
3505,Sutteridge
3506,Daystar
3507,Larry
3508,Tony
3509,Forest Dale
3510,Vahlen
3511,School
3512,Anzinger
3513,Anhalt
3514,Steensland
3515,Magdeline
3516,Barby
3517,Namekagon
3518,Fairview
3519,Packers
3520,Almo
3521,Loftsgordon
3522,Forster
3523,Eastwood
3524,Grasskamp
3525,High Crossing
3526,Daystar
3527,Tony
3528,Mallard
3529,Heffernan
3530,Dahle
3531,Kim
3532,Riverside
3533,Waxwing
3534,Hoard
3535,Farwell
3536,Dwight
3537,Grover
3538,Iowa
3539,Dahle
3540,Pierstorff
3541,Blue Bill Park
3542,Warner
3543,Thierer
3544,Clarendon
3545,2nd
3546,Hovde
3547,Spohn
3548,Hermina
3549,Fair Oaks
3550,Hollow Ridge
3551,Mccormick
3552,Dawn
3553,Northwestern
3554,Arapahoe
3555,Sullivan
3556,Hoard
3557,Kinsman
3558,Susan
3559,Portage
3560,Michigan
3561,Forest Run
3562,Shoshone
3563,Scott
3564,Iowa
3565,Lyons
3566,Norway Maple
3567,Straubel
3568,Longview
3569,Express
3570,Goodland
3571,Anniversary
3572,Ruskin
3573,Dorton
3574,Milwaukee
3575,Duke
3576,Village
3577,Spaight
3578,Everett
3579,Crescent Oaks
3580,Dovetail
3581,Morningstar
3582,Victoria
3583,Fisk
3584,Johnson
3585,Lindbergh
3586,Manley
3587,Johnson
3588,Garrison
3589,Rutledge
3590,New Castle
3591,Thompson
3592,Nelson
3593,Lillian
3594,Pierstorff
3595,Lyons
3596,Manitowish
3597,Toban
3598,Kings
3599,Del Mar
3600,Homewood
3601,Steensland
3602,Eastwood
3603,Hallows
3604,Dryden
3605,Ramsey
3606,Namekagon
3607,West
3608,Gerald
3609,Burrows
3610,Dahle
3611,Southridge
3612,Roxbury
3613,Pepper Wood
3614,Bellgrove
3615,Carpenter
3616,Comanche
3617,3rd
3618,Debs
3619,Glendale
3620,Tomscot
3621,Ridgeview
3622,Delaware
3623,Eagan
3624,Farwell
3625,West
3626,South
3627,Straubel
3628,Spenser
3629,Kennedy
3630,Golf Course
3631,Shoshone
3632,Melody
3633,Prairieview
3634,Troy
3635,Sauthoff
3636,Darwin
3637,Ridgeway
3638,Karstens
3639,Sachs
3640,Karstens
3641,Mesta
3642,Eggendart
3643,Ronald Regan
3644,Moose
3645,Mesta
3646,Drewry
3647,Toban
3648,Manufacturers
3649,Ilene
3650,Surrey
3651,Sugar
3652,Carpenter
3653,Sheridan
3654,4th
3655,Kenwood
3656,Eagan
3657,Becker
3658,Green Ridge
3659,Mayfield
3660,Springs
3661,Gulseth
3662,Briar Crest
3663,Ilene
3664,Boyd
3665,Waubesa
3666,Hooker
3667,Pepper Wood
3668,Buhler
3669,Rutledge
3670,Killdeer
3671,Dexter
3672,Clemons
3673,Main
3674,Kennedy
3675,Marcy
3676,Mitchell
3677,Pankratz
3678,Burning Wood
3679,Colorado
3680,Holmberg
3681,Cordelia
3682,Village Green
3683,Starling
3684,Waubesa
3685,Springview
3686,Dorton
3687,Hallows
3688,Merchant
3689,Mitchell
3690,Dexter
3691,Swallow
3692,Sherman
3693,Golden Leaf
3694,Warner
3695,Westport
3696,Iowa
3697,Ridge Oak
3698,Longview
3699,Goodland
3700,Dottie
3701,Reindahl
3702,Thompson
3703,Buena Vista
3704,Arapahoe
3705,Burrows
3706,American Ash
3707,Clove
3708,Lake View
3709,Corry
3710,Vernon
3711,International
3712,School
3713,Killdeer
3714,Oak Valley
3715,Rieder
3716,Welch
3717,Chive
3718,Haas
3719,Forster
3720,Mccormick
3721,Monterey
3722,Schiller
3723,Barnett
3724,Magdeline
3725,Kipling
3726,Vahlen
3727,Sauthoff
3728,Buhler
3729,Johnson
3730,Melrose
3731,Monument
3732,Magdeline
3733,Parkside
3734,Nova
3735,Manley
3736,Myrtle
3737,Gulseth
3738,Summerview
3739,Pond
3740,Northport
3741,Prairie Rose
3742,Vermont
3743,Mayfield
3744,Anniversary
3745,Fordem
3746,Gina
3747,Golden Leaf
3748,Bartillon
3749,Evergreen
3750,Linden
3751,Eliot
3752,Gateway
3753,Leroy
3754,Bowman
3755,Carpenter
3756,Bayside
3757,Myrtle
3758,Green Ridge
3759,Mandrake
3760,Basil
3761,Norway Maple
3762,Birchwood
3763,Ronald Regan
3764,Jenifer
3765,Hazelcrest
3766,Almo
3767,Red Cloud
3768,Clyde Gallagher
3769,Dwight
3770,Elgar
3771,Florence
3772,Helena
3773,Fordem
3774,Waywood
3775,Golf Course
3776,Larry
3777,Messerschmidt
3778,Claremont
3779,Burning Wood
3780,Continental
3781,Becker
3782,2nd
3783,Thompson
3784,Monterey
3785,Everett
3786,Mallard
3787,Merrick
3788,Southridge
3789,Troy
3790,Knutson
3791,Dovetail
3792,Heath
3793,Hooker
3794,Marquette
3795,Mallory
3796,Starling
3797,Buena Vista
3798,Cody
3799,Acker
3800,Commercial
3801,Summit
3802,Forest Run
3803,Jana
3804,Loomis
3805,Thompson
3806,Russell
3807,Sloan
3808,Sheridan
3809,Chive
3810,Delladonna
3811,Pawling
3812,Elgar
3813,Westridge
3814,Mockingbird
3815,Marquette
3816,Stang
3817,Cottonwood
3818,Atwood
3819,Artisan
3820,Scoville
3821,Hayes
3822,Anniversary
3823,Graedel
3824,Dapin
3825,Badeau
3826,Hazelcrest
3827,Arizona
3828,Gerald
3829,Summer Ridge
3830,Meadow Valley
3831,Helena
3832,Sachs
3833,Rowland
3834,Ronald Regan
3835,Ridgeview
3836,Delaware
3837,Macpherson
3838,Center
3839,Mayfield
3840,Killdeer
3841,Waywood
3842,Monterey
3843,Bluestem
3844,Duke
3845,Glacier Hill
3846,Lighthouse Bay
3847,Sommers
3848,Mockingbird
3849,Banding
3850,Emmet
3851,Randy
3852,Division
3853,Kings
3854,Lerdahl
3855,Marquette
3856,Nevada
3857,Troy
3858,Carioca
3859,Tomscot
3860,Longview
3861,Grasskamp
3862,Beilfuss
3863,Rieder
3864,Cherokee
3865,Coolidge
3866,Arizona
3867,Macpherson
3868,Lotheville
3869,Becker
3870,Hanover
3871,Old Shore
3872,Stone Corner
3873,Bartillon
3874,Sheridan
3875,Nevada
3876,Spenser
3877,Gerald
3878,Rigney
3879,Hanover
3880,Hoepker
3881,Westerfield
3882,Wayridge
3883,Northwestern
3884,Jackson
3885,Randy
3886,Bartillon
3887,Anniversary
3888,Cody
3889,Utah
3890,Kedzie
3891,Sutherland
3892,Towne
3893,Mallard
3894,Northport
3895,Fisk
3896,Claremont
3897,Shoshone
3898,Talisman
3899,Hudson
3900,Jenna
3901,Manitowish
3902,Anderson
3903,Ronald Regan
3904,Manley
3905,Prairieview
3906,Sunbrook
3907,Loomis
3908,Orin
3909,Moose
3910,Duke
3911,Dapin
3912,Hagan
3913,Randy
3914,Harper
3915,Carpenter
3916,Kennedy
3917,Jenifer
3918,Sauthoff
3919,Elmside
3920,Fairview
3921,Holmberg
3922,Dapin
3923,Dennis
3924,Eliot
3925,Jenifer
3926,Starling
3927,Beilfuss
3928,Delaware
3929,Thompson
3930,Laurel
3931,Ilene
3932,Pawling
3933,North
3934,Weeping Birch
3935,Harbort
3936,Bonner
3937,Lighthouse Bay
3938,Corry
3939,Bellgrove
3940,Debra
3941,Summerview
3942,Fisk
3943,Maryland
3944,Butterfield
3945,Coleman
3946,Schurz
3947,Macpherson
3948,Trailsway
3949,Sherman
3950,Menomonie
3951,Huxley
3952,Erie
3953,Rowland
3954,Forest Dale
3955,Kingsford
3956,Lighthouse Bay
3957,Thierer
3958,Summerview
3959,Wayridge
3960,Thierer
3961,Sugar
3962,Monterey
3963,Colorado
3964,Mandrake
3965,Golden Leaf
3966,Brickson Park
3967,Lotheville
3968,Arizona
3969,Toban
3970,Killdeer
3971,Northfield
3972,Independence
3973,Mesta
3974,8th
3975,Rigney
3976,Dorton
3977,Autumn Leaf
3978,Waubesa
3979,Tennessee
3980,Cody
3981,Artisan
3982,Village
3983,Roth
3984,Lakeland
3985,Vernon
3986,Meadow Ridge
3987,Autumn Leaf
3988,Manufacturers
3989,Northport
3990,Almo
3991,Park Meadow
3992,Mccormick
3993,Heffernan
3994,Briar Crest
3995,Dawn
3996,Oriole
3997,Calypso
3998,Rusk
3999,Little Fleur
4000,Jenifer
4001,Declaration
4002,Darwin
4003,Walton
4004,Crescent Oaks
4005,Doe Crossing
4006,Anderson
4007,Rockefeller
4008,Clyde Gallagher
4009,Sachtjen
4010,Oak
4011,Barnett
4012,Hoffman
4013,Clove
4014,Packers
4015,Loeprich
4016,Anhalt
4017,Melvin
4018,Riverside
4019,Hermina
4020,Mendota
4021,Lerdahl
4022,Mcguire
4023,Commercial
4024,Elmside
4025,Onsgard
4026,Cherokee
4027,Dayton
4028,Briar Crest
4029,Hazelcrest
4030,Golf View
4031,Londonderry
4032,Anthes
4033,Ryan
4034,Veith
4035,Ramsey
4036,Randy
4037,Scoville
4038,Amoth
4039,North
4040,Merrick
4041,Blackbird
4042,Waywood
4043,Summerview
4044,Gina
4045,Truax
4046,Fair Oaks
4047,Grim
4048,Dapin
4049,Forest Dale
4050,Roxbury
4051,Algoma
4052,Sage
4053,Johnson
4054,Thackeray
4055,Cordelia
4056,Old Shore
4057,Luster
4058,Canary
4059,Londonderry
4060,Luster
4061,8th
4062,Clarendon
4063,West
4064,Kensington
4065,Eagle Crest
4066,Union
4067,Shelley
4068,7th
4069,Harper
4070,Forest
4071,Swallow
4072,Declaration
4073,Rusk
4074,Warbler
4075,Hallows
4076,Bluestem
4077,Drewry
4078,Sunnyside
4079,Mariners Cove
4080,Grayhawk
4081,Maple
4082,Prairieview
4083,Forest
4084,Gulseth
4085,Twin Pines
4086,Esker
4087,Truax
4088,Buena Vista
4089,Killdeer
4090,Heath
4091,Veith
4092,Kensington
4093,Lotheville
4094,Maple
4095,Schlimgen
4096,Mesta
4097,Katie
4098,Dorton
4099,Express
4100,Oriole
4101,Forest
4102,American
4103,Graceland
4104,Novick
4105,Packers
4106,Tennyson
4107,Luster
4108,Hagan
4109,Karstens
4110,Kipling
4111,Division
4112,Farwell
4113,Carioca
4114,Dwight
4115,Forest
4116,Dixon
4117,Heffernan
4118,Claremont
4119,Darwin
4120,Starling
4121,Gulseth
4122,Bowman
4123,Kinsman
4124,Surrey
4125,Northridge
4126,Hazelcrest
4127,Jenifer
4128,Jana
4129,Farmco
4130,Ridgeview
4131,Crowley
4132,Garrison
4133,Graedel
4134,Lake View
4135,La Follette
4136,Montana
4137,Paget
4138,Dottie
4139,Farragut
4140,Pearson
4141,Sycamore
4142,8th
4143,Hermina
4144,Reindahl
4145,Welch
4146,Bultman
4147,Kenwood
4148,Merry
4149,Talisman
4150,Continental
4151,Portage
4152,Cambridge
4153,Judy
4154,Ridgeway
4155,Grasskamp
4156,7th
4157,Lotheville
4158,Dapin
4159,Erie
4160,Sage
4161,Petterle
4162,Emmet
4163,David
4164,David
4165,Loomis
4166,Ridgeway
4167,Eliot
4168,Towne
4169,Hanover
4170,Marcy
4171,Calypso
4172,Colorado
4173,Redwing
4174,Warner
4175,Hooker
4176,Ridge Oak
4177,Gale
4178,Mockingbird
4179,Schiller
4180,Manley
4181,Sutherland
4182,Nova
4183,Mayer
4184,Anhalt
4185,Wayridge
4186,Tony
4187,Norway Maple
4188,Mandrake
4189,Lake View
4190,Swallow
4191,3rd
4192,Wayridge
4193,Loeprich
4194,Sheridan
4195,Butterfield
4196,Meadow Vale
4197,Schiller
4198,Coolidge
4199,Iowa
4200,Lukken
4201,Hansons
4202,Beilfuss
4203,Fairfield
4204,Aberg
4205,Del Sol
4206,Marquette
4207,Clove
4208,Gateway
4209,Park Meadow
4210,Stang
4211,Darwin
4212,Charing Cross
4213,Memorial
4214,Pennsylvania
4215,Brown
4216,Talmadge
4217,High Crossing
4218,Magdeline
4219,Schmedeman
4220,Vermont
4221,Arapahoe
4222,Old Shore
4223,Katie
4224,Darwin
4225,Spaight
4226,Armistice
4227,Warner
4228,1st
4229,Mallory
4230,Shelley
4231,Darwin
4232,Rowland
4233,Hazelcrest
4234,Kinsman
4235,Barby
4236,Redwing
4237,Stoughton
4238,Old Shore
4239,Oriole
4240,Annamark
4241,Corscot
4242,Golf View
4243,Graedel
4244,5th
4245,Dakota
4246,Sycamore
4247,Transport
4248,Bellgrove
4249,Shasta
4250,Straubel
4251,Utah
4252,Russell
4253,Lukken
4254,Stang
4255,Steensland
4256,Colorado
4257,Westend
4258,Oxford
4259,Autumn Leaf
4260,Village
4261,Lakewood Gardens
4262,Hallows
4263,Warrior
4264,Spaight
4265,Golden Leaf
4266,Sauthoff
4267,Service
4268,Crescent Oaks
4269,Moose
4270,Carpenter
4271,Magdeline
4272,Browning
4273,Reindahl
4274,Swallow
4275,Hansons
4276,Saint Paul
4277,Sachtjen
4278,Twin Pines
4279,Monica
4280,Pleasure
4281,Mandrake
4282,Melody
4283,Nevada
4284,Main
4285,2nd
4286,Oak Valley
4287,Aberg
4288,Susan
4289,Mayfield
4290,Harbort
4291,Golf View
4292,Sullivan
4293,Dryden
4294,Pleasure
4295,Red Cloud
4296,Mosinee
4297,Rieder
4298,Mifflin
4299,Derek
4300,Jenna
4301,Erie
4302,Esch
4303,Nevada
4304,Kim
4305,Huxley
4306,Green Ridge
4307,Packers
4308,Burning Wood
4309,Hooker
4310,Trailsway
4311,Briar Crest
4312,Iowa
4313,Forest
4314,Boyd
4315,Maple Wood
4316,Columbus
4317,Anthes
4318,Thackeray
4319,South
4320,Northfield
4321,Declaration
4322,Corscot
4323,Sauthoff
4324,Arkansas
4325,Brickson Park
4326,Bunker Hill
4327,Kings
4328,Forest
4329,Reinke
4330,David
4331,Ronald Regan
4332,American Ash
4333,Tony
4334,Fallview
4335,Logan
4336,Glendale
4337,Hoard
4338,Susan
4339,Green
4340,Village Green
4341,Stephen
4342,Ridgeway
4343,Caliangt
4344,Green
4345,Bartelt
4346,Oxford
4347,Lawn
4348,Mcbride
4349,Spaight
4350,Mariners Cove
4351,Bonner
4352,Sloan
4353,Clyde Gallagher
4354,Melrose
4355,Monica
4356,Nevada
4357,Merry
4358,Marquette
4359,Cardinal
4360,Crownhardt
4361,Daystar
4362,Gulseth
4363,Kedzie
4364,Farwell
4365,Dottie
4366,Glacier Hill
4367,Twin Pines
4368,Dawn
4369,Northwestern
4370,Granby
4371,West
4372,Starling
4373,Longview
4374,Kennedy
4375,Texas
4376,Eastlawn
4377,Sachs
4378,Schurz
4379,Huxley
4380,Monument
4381,Stone Corner
4382,Kinsman
4383,Bashford
4384,Moulton
4385,Blaine
4386,Green
4387,Spaight
4388,Mallard
4389,Northridge
4390,Hansons
4391,Westridge
4392,Farragut
4393,Thompson
4394,Victoria
4395,Moulton
4396,Anthes
4397,Becker
4398,Independence
4399,Mitchell
4400,Karstens
4401,Atwood
4402,Valley Edge
4403,Twin Pines
4404,Waxwing
4405,Debra
4406,Stoughton
4407,Oneill
4408,Sunfield
4409,Magdeline
4410,3rd
4411,Hudson
4412,Calypso
4413,Bartillon
4414,American
4415,Charing Cross
4416,Meadow Valley
4417,Pond
4418,Jay
4419,Gulseth
4420,Cambridge
4421,Springview
4422,Springview
4423,Heath
4424,Kingsford
4425,Northland
4426,Washington
4427,Mccormick
4428,Melvin
4429,Leroy
4430,Sullivan
4431,Express
4432,Thompson
4433,Bay
4434,Dixon
4435,Waywood
4436,Upham
4437,Sunbrook
4438,Sachtjen
4439,Pearson
4440,Homewood
4441,Crest Line
4442,Erie
4443,International
4444,Atwood
4445,Prairie Rose
4446,Coleman
4447,Arapahoe
4448,Talisman
4449,Grover
4450,Buell
4451,Cordelia
4452,Loomis
4453,Dakota
4454,Victoria
4455,Warrior
4456,Kings
4457,Sloan
4458,Lillian
4459,Lake View
4460,Laurel
4461,Schurz
4462,Chinook
4463,Harbort
4464,Boyd
4465,Anzinger
4466,Sundown
4467,South
4468,Havey
4469,Old Gate
4470,7th
4471,Sugar
4472,Stoughton
4473,Haas
4474,Express
4475,Mesta
4476,Boyd
4477,Miller
4478,Scoville
4479,Melrose
4480,Sutherland
4481,Gina
4482,Claremont
4483,Forest Dale
4484,Stephen
4485,Mariners Cove
4486,Vidon
4487,Anniversary
4488,Bultman
4489,Nelson
4490,Schmedeman
4491,Pawling
4492,Lotheville
4493,Independence
4494,Dayton
4495,Forest Dale
4496,Forest Dale
4497,Bunker Hill
4498,Dawn
4499,Colorado
4500,Union
4501,Cordelia
4502,Colorado
4503,Steensland
4504,Corben
4505,West
4506,Blaine
4507,Prairie Rose
4508,Graedel
4509,Atwood
4510,Talisman
4511,Mcguire
4512,Karstens
4513,Warbler
4514,Lakeland
4515,Delladonna
4516,Milwaukee
4517,Colorado
4518,Anthes
4519,Veith
4520,Rusk
4521,Morrow
4522,Blaine
4523,Mandrake
4524,Del Mar
4525,Leroy
4526,Spohn
4527,Alpine
4528,Maple Wood
4529,Florence
4530,Sullivan
4531,Carioca
4532,La Follette
4533,Rutledge
4534,Gulseth
4535,Loeprich
4536,Anhalt
4537,Sundown
4538,Almo
4539,Elka
4540,1st
4541,Towne
4542,Arizona
4543,Lyons
4544,Farwell
4545,Carey
4546,Kinsman
4547,Texas
4548,Fair Oaks
4549,Kings
4550,Valley Edge
4551,Londonderry
4552,Autumn Leaf
4553,Darwin
4554,Florence
4555,Ridgeview
4556,Mayfield
4557,Farwell
4558,Lerdahl
4559,Carpenter
4560,Loftsgordon
4561,Porter
4562,Onsgard
4563,Portage
4564,Mallory
4565,Walton
4566,West
4567,Portage
4568,Dwight
4569,Northport
4570,Everett
4571,New Castle
4572,Crest Line
4573,Portage
4574,Oak Valley
4575,Sunfield
4576,Muir
4577,La Follette
4578,Bashford
4579,Main
4580,Bellgrove
4581,Emmet
4582,3rd
4583,Nelson
4584,Forest Run
4585,Buhler
4586,Shopko
4587,Eastlawn
4588,Kipling
4589,Logan
4590,Fallview
4591,Monterey
4592,Anniversary
4593,Declaration
4594,Macpherson
4595,Graceland
4596,Artisan
4597,Eggendart
4598,Acker
4599,Onsgard
4600,Golf View
4601,Menomonie
4602,Hallows
4603,Spaight
4604,Oakridge
4605,Nancy
4606,Roxbury
4607,Prairie Rose
4608,Packers
4609,Coleman
4610,Mcguire
4611,Forster
4612,Merrick
4613,Graceland
4614,Golf
4615,Leroy
4616,Warbler
4617,Eagan
4618,Fulton
4619,Carey
4620,Continental
4621,Anderson
4622,Chinook
4623,Northport
4624,7th
4625,Westridge
4626,Sage
4627,Sycamore
4628,Meadow Vale
4629,Mandrake
4630,Anderson
4631,Brentwood
4632,Amoth
4633,Cascade
4634,Truax
4635,Lunder
4636,Mcbride
4637,Lakeland
4638,2nd
4639,Bunting
4640,Maywood
4641,Crownhardt
4642,Spaight
4643,Kedzie
4644,Nevada
4645,Miller
4646,Harbort
4647,Mesta
4648,Spenser
4649,Meadow Ridge
4650,Brickson Park
4651,Talmadge
4652,Crescent Oaks
4653,Dunning
4654,Acker
4655,Farragut
4656,Cordelia
4657,Dixon
4658,Straubel
4659,Lawn
4660,Ramsey
4661,Cascade
4662,Cordelia
4663,Jenna
4664,Manufacturers
4665,Blaine
4666,Susan
4667,Harbort
4668,Acker
4669,Montana
4670,Coolidge
4671,Anniversary
4672,Valley Edge
4673,Forest
4674,Rowland
4675,Packers
4676,Mayfield
4677,Cody
4678,Moulton
4679,Bowman
4680,6th
4681,Blackbird
4682,Iowa
4683,Welch
4684,Fulton
4685,Dennis
4686,Bay
4687,Weeping Birch
4688,Almo
4689,Coleman
4690,Maple Wood
4691,Hanson
4692,Bartelt
4693,Green Ridge
4694,Logan
4695,Dixon
4696,Schiller
4697,Fulton
4698,Grayhawk
4699,Harper
4700,Thierer
4701,Heath
4702,International
4703,Browning
4704,6th
4705,Lindbergh
4706,Schmedeman
4707,Farwell
4708,Porter
4709,Golf View
4710,Riverside
4711,Heath
4712,Rusk
4713,Coolidge
4714,Thompson
4715,Loeprich
4716,Warbler
4717,Bunting
4718,New Castle
4719,Golf Course
4720,Fuller
4721,Hauk
4722,Westerfield
4723,Center
4724,Manufacturers
4725,Carey
4726,4th
4727,Calypso
4728,Melby
4729,Mayfield
4730,American
4731,Glendale
4732,Dovetail
4733,Forest
4734,Summit
4735,Starling
4736,Butternut
4737,Hansons
4738,New Castle
4739,Loomis
4740,Barnett
4741,Hoffman
4742,Jenifer
4743,Sage
4744,Rockefeller
4745,Columbus
4746,Bobwhite
4747,Norway Maple
4748,Ridgeway
4749,Ludington
4750,Fordem
4751,Warner
4752,Merchant
4753,Dexter
4754,Main
4755,Pawling
4756,Carioca
4757,Maple
4758,Oak Valley
4759,Emmet
4760,Westend
4761,Crownhardt
4762,Jenifer
4763,Washington
4764,Forest
4765,Rieder
4766,Burrows
4767,Butterfield
4768,Dahle
4769,Washington
4770,Elgar
4771,Elmside
4772,Armistice
4773,Spenser
4774,Ilene
4775,Bluestem
4776,Debs
4777,Village
4778,Hanover
4779,Fairview
4780,Melrose
4781,Melby
4782,Village
4783,Ruskin
4784,East
4785,Merrick
4786,Mandrake
4787,Red Cloud
4788,Claremont
4789,Summit
4790,Crowley
4791,Maple
4792,Mallard
4793,Scoville
4794,Buena Vista
4795,Packers
4796,North
4797,Coolidge
4798,Macpherson
4799,Delladonna
4800,Carioca
4801,Burrows
4802,Kensington
4803,Bartillon
4804,Old Shore
4805,Golf
4806,Columbus
4807,Shoshone
4808,Nelson
4809,Coolidge
4810,Clarendon
4811,Scofield
4812,Packers
4813,Valley Edge
4814,Lawn
4815,Warbler
4816,Manitowish
4817,Muir
4818,Veith
4819,Hoepker
4820,Mallory
4821,Huxley
4822,Del Mar
4823,Bayside
4824,La Follette
4825,Butterfield
4826,Vahlen
4827,Morrow
4828,Sycamore
4829,Linden
4830,2nd
4831,Killdeer
4832,Declaration
4833,Browning
4834,Hanson
4835,Melvin
4836,Meadow Vale
4837,Autumn Leaf
4838,Tennyson
4839,Everett
4840,Ruskin
4841,6th
4842,Vera
4843,Basil
4844,Cambridge
4845,Bunker Hill
4846,Bartelt
4847,Melrose
4848,Ryan
4849,Ramsey
4850,Dunning
4851,Sundown
4852,Golf View
4853,Memorial
4854,Red Cloud
4855,Corben
4856,Norway Maple
4857,Sunbrook
4858,Kensington
4859,Northland
4860,Nevada
4861,Novick
4862,High Crossing
4863,Chinook
4864,Jackson
4865,Declaration
4866,Messerschmidt
4867,Express
4868,Stoughton
4869,Blackbird
4870,Gina
4871,Arapahoe
4872,Quincy
4873,Victoria
4874,Pleasure
4875,Trailsway
4876,Bluestem
4877,Kinsman
4878,Granby
4879,Brickson Park
4880,Dapin
4881,Cardinal
4882,Golf Course
4883,Messerschmidt
4884,Paget
4885,Summit
4886,Green
4887,Buell
4888,Ridge Oak
4889,Stone Corner
4890,Northland
4891,Bonner
4892,Hooker
4893,East
4894,Pond
4895,Union
4896,Jenifer
4897,Ryan
4898,Gale
4899,Dixon
4900,Banding
4901,Dottie
4902,Reindahl
4903,Prentice
4904,Ruskin
4905,Warner
4906,Sunfield
4907,Dottie
4908,American Ash
4909,Emmet
4910,Dexter
4911,Lerdahl
4912,Green
4913,Chive
4914,Fisk
4915,Gulseth
4916,Rigney
4917,Steensland
4918,Summer Ridge
4919,Oak
4920,Tennyson
4921,Mitchell
4922,Grim
4923,Stuart
4924,Sugar
4925,Melody
4926,Granby
4927,Kings
4928,Oriole
4929,Boyd
4930,Derek
4931,Shasta
4932,Anderson
4933,Browning
4934,Victoria
4935,Division
4936,Express
4937,Pierstorff
4938,Sunnyside
4939,Fordem
4940,Iowa
4941,Ruskin
4942,Butterfield
4943,Lake View
4944,Algoma
4945,Hollow Ridge
4946,Lakeland
4947,Bellgrove
4948,Maple
4949,Rieder
4950,Oak Valley
4951,Bunting
4952,Schlimgen
4953,Holmberg
4954,Prairie Rose
4955,Thackeray
4956,1st
4957,Sommers
4958,Waxwing
4959,Florence
4960,Nova
4961,Sheridan
4962,Banding
4963,Kenwood
4964,Declaration
4965,Cascade
4966,Fuller
4967,Trailsway
4968,Amoth
4969,Dunning
4970,Green
4971,Basil
4972,Logan
4973,Vidon
4974,Monterey
4975,Lakeland
4976,Sutherland
4977,Basil
4978,Acker
4979,Stephen
4980,Northland
4981,Michigan
4982,Kinsman
4983,Loomis
4984,Springview
4985,Stuart
4986,Ridgeway
4987,Mandrake
4988,Bultman
4989,Gateway
4990,Melvin
4991,Algoma
4992,Pawling
4993,Scoville
4994,Pawling
4995,Kenwood
4996,Katie
4997,Clarendon
4998,David
4999,Gateway
5000,Hauk